Timestamp,ID,Data,Parsed Data
1739436908.5223403,513,b'\xfd\xff\xae\x00M\xff\x00\x00',"""Ia=-0.3A, Ib=17.4A, Ic=-17.9A"""
1739436908.5223403,514,b'\xb0\x08\x84\x08h\x08\xfa\x00',"""Va=222.4V, Vb=218.0V, Vc=215.2V, T=25.0\u00b0C"""
1739436908.5223403,515,b'\x00\x00\x00\x00\x03\x00\x01\x00',"""Speed=0rpm, Target=0rpm, Torque=0.3A"""
1739436908.5324752,513,b'\t\x00\xa5\x00N\xff\x00\x00',"""Ia=0.9A, Ib=16.5A, Ic=-17.8A"""
1739436908.5324752,514,b'\x83\x08\xae\x08\x88\x08\xfa\x00',"""Va=217.9V, Vb=222.2V, Vc=218.4V, T=25.0\u00b0C"""
1739436908.5324752,515,b'\x00\x00\x00\x00\t\x00\x01\x00',"""Speed=0rpm, Target=0rpm, Torque=0.9A"""
1739436908.5430748,513,b'\x02\x00\xac\x00O\xff\x00\x00',"""Ia=0.2A, Ib=17.2A, Ic=-17.7A"""
1739436908.5430748,514,b'\xc3\x08k\x08k\x08\xfa\x00',"""Va=224.3V, Vb=215.5V, Vc=215.5V, T=25.0\u00b0C"""
1739436908.5430748,515,b'\x00\x00\x00\x00\x02\x00\x01\x00',"""Speed=0rpm, Target=0rpm, Torque=0.2A"""
1739436908.5535617,513,b'\xf8\xff\xb7\x00N\xff\x00\x00',"""Ia=-0.8A, Ib=18.3A, Ic=-17.8A"""
1739436908.5535617,514,b'f\x08t\x08\xb2\x08\xfa\x00',"""Va=215.0V, Vb=216.4V, Vc=222.6V, T=25.0\u00b0C"""
1739436908.5535617,515,b'\x00\x00\x00\x00\x08\x00\x01\x00',"""Speed=0rpm, Target=0rpm, Torque=0.8A"""
1739436908.5636196,513,b'\xfe\xff\xb1\x00T\xff\x00\x00',"""Ia=-0.2A, Ib=17.7A, Ic=-17.2A"""
1739436908.5636196,514,b'\x84\x08\xb5\x08\x88\x08\xfa\x00',"""Va=218.0V, Vb=222.9V, Vc=218.4V, T=25.0\u00b0C"""
1739436908.5636196,515,b'\x00\x00\x00\x00\x02\x00\x01\x00',"""Speed=0rpm, Target=0rpm, Torque=0.2A"""
1739436908.5746527,513,b'\x06\x00\xa7\x00J\xff\x00\x00',"""Ia=0.6A, Ib=16.7A, Ic=-18.2A"""
1739436908.5746527,514,b'm\x08t\x08\x95\x08\xfa\x00',"""Va=215.7V, Vb=216.4V, Vc=219.7V, T=25.0\u00b0C"""
1739436908.5746527,515,b'\x00\x00\x00\x00\x06\x00\x01\x00',"""Speed=0rpm, Target=0rpm, Torque=0.6A"""
1739436908.5857549,513,b'\xfd\xff\xb4\x00L\xff\x00\x00',"""Ia=-0.3A, Ib=18.0A, Ic=-18.0A"""
1739436908.5857549,514,b'\x85\x08\x88\x08\xac\x08\xfa\x00',"""Va=218.1V, Vb=218.4V, Vc=222.0V, T=25.0\u00b0C"""
1739436908.5857549,515,b'\x00\x00\x00\x00\x03\x00\x01\x00',"""Speed=0rpm, Target=0rpm, Torque=0.3A"""
1739436908.5960882,513,b'\xfa\xff\xb5\x00\\\xff\x00\x00',"""Ia=-0.6A, Ib=18.1A, Ic=-16.4A"""
1739436908.5960882,514,b'\xc0\x08j\x08f\x08\xfa\x00',"""Va=224.0V, Vb=215.4V, Vc=215.0V, T=25.0\u00b0C"""
1739436908.5960882,515,b'\x00\x00\x00\x00\x06\x00\x01\x00',"""Speed=0rpm, Target=0rpm, Torque=0.6A"""
1739436908.606285,513,b'\x03\x00\xaa\x00Y\xff\x00\x00',"""Ia=0.3A, Ib=17.0A, Ic=-16.7A"""
1739436908.606285,514,b'\x9f\x08\x81\x08\x86\x08\xfa\x00',"""Va=220.7V, Vb=217.7V, Vc=218.2V, T=25.0\u00b0C"""
1739436908.606285,515,b'\x00\x00\x00\x00\x03\x00\x01\x00',"""Speed=0rpm, Target=0rpm, Torque=0.3A"""
1739436908.616804,513,b'\xfb\xff\xb1\x00Y\xff\x00\x00',"""Ia=-0.5A, Ib=17.7A, Ic=-16.7A"""
1739436908.616804,514,b'\x9b\x08k\x08~\x08\xfa\x00',"""Va=220.3V, Vb=215.5V, Vc=217.4V, T=25.0\u00b0C"""
1739436908.616804,515,b'\x00\x00\x00\x00\x05\x00\x01\x00',"""Speed=0rpm, Target=0rpm, Torque=0.5A"""
1739436908.6271768,513,b'\xfd\xff\xa5\x00K\xff\x00\x00',"""Ia=-0.3A, Ib=16.5A, Ic=-18.1A"""
1739436908.6271768,514,b'\xbb\x08\xc3\x08g\x08\xfa\x00',"""Va=223.5V, Vb=224.3V, Vc=215.1V, T=25.0\u00b0C"""
1739436908.6271768,515,b'\x00\x00\x00\x00\x03\x00\x01\x00',"""Speed=0rpm, Target=0rpm, Torque=0.3A"""
1739436908.6377323,513,b'\x01\x00\xa3\x00Y\xff\x00\x00',"""Ia=0.1A, Ib=16.3A, Ic=-16.7A"""
1739436908.6377323,514,b's\x08\x9b\x08\x87\x08\xfa\x00',"""Va=216.3V, Vb=220.3V, Vc=218.3V, T=25.0\u00b0C"""
1739436908.6377323,515,b'\x00\x00\x00\x00\x01\x00\x01\x00',"""Speed=0rpm, Target=0rpm, Torque=0.1A"""
1739436908.6483867,513,b'\xf9\xff\xa8\x00O\xff\x00\x00',"""Ia=-0.7A, Ib=16.8A, Ic=-17.7A"""
1739436908.6483867,514,b'\xb5\x08\x95\x08\xa2\x08\xfa\x00',"""Va=222.9V, Vb=219.7V, Vc=221.0V, T=25.0\u00b0C"""
1739436908.6483867,515,b'\x00\x00\x00\x00\x07\x00\x01\x00',"""Speed=0rpm, Target=0rpm, Torque=0.7A"""
1739436908.659229,513,b'\xfa\xff\xac\x00S\xff\x00\x00',"""Ia=-0.6A, Ib=17.2A, Ic=-17.3A"""
1739436908.659229,514,b'\x8c\x08\xbe\x08\x9c\x08\xfa\x00',"""Va=218.8V, Vb=223.8V, Vc=220.4V, T=25.0\u00b0C"""
1739436908.659229,515,b'\x00\x00\x00\x00\x06\x00\x01\x00',"""Speed=0rpm, Target=0rpm, Torque=0.6A"""
1739436908.6702185,513,b'\xff\xff\xad\x00S\xff\x00\x00',"""Ia=-0.1A, Ib=17.3A, Ic=-17.3A"""
1739436908.6702185,514,b'\x9b\x08j\x08x\x08\xfa\x00',"""Va=220.3V, Vb=215.4V, Vc=216.8V, T=25.0\u00b0C"""
1739436908.6702185,515,b'\x00\x00\x00\x00\x01\x00\x01\x00',"""Speed=0rpm, Target=0rpm, Torque=0.1A"""
1739436908.6803644,513,b'\x02\x00\xb1\x00M\xff\x00\x00',"""Ia=0.2A, Ib=17.7A, Ic=-17.9A"""
1739436908.6803644,514,b'i\x08o\x08\x9e\x08\xfa\x00',"""Va=215.3V, Vb=215.9V, Vc=220.6V, T=25.0\u00b0C"""
1739436908.6803644,515,b'\x00\x00\x00\x00\x02\x00\x01\x00',"""Speed=0rpm, Target=0rpm, Torque=0.2A"""
1739436908.6906657,513,b'\xfb\xff\xb2\x00U\xff\x00\x00',"""Ia=-0.5A, Ib=17.8A, Ic=-17.1A"""
1739436908.6906657,514,b'\x89\x08\x93\x08t\x08\xfa\x00',"""Va=218.5V, Vb=219.5V, Vc=216.4V, T=25.0\u00b0C"""
1739436908.6906657,515,b'\x00\x00\x00\x00\x05\x00\x01\x00',"""Speed=0rpm, Target=0rpm, Torque=0.5A"""
1739436908.7010274,513,b'\xfa\xff\xb5\x00N\xff\x00\x00',"""Ia=-0.6A, Ib=18.1A, Ic=-17.8A"""
1739436908.7010274,514,b'\x9a\x08r\x08\xa2\x08\xfa\x00',"""Va=220.2V, Vb=216.2V, Vc=221.0V, T=25.0\u00b0C"""
1739436908.7010274,515,b'\x00\x00\x00\x00\x06\x00\x01\x00',"""Speed=0rpm, Target=0rpm, Torque=0.6A"""
1739436908.7118518,513,b'\x02\x00\xa3\x00J\xff\x00\x00',"""Ia=0.2A, Ib=16.3A, Ic=-18.2A"""
1739436908.7118518,514,b'g\x08\xa4\x08z\x08\xfa\x00',"""Va=215.1V, Vb=221.2V, Vc=217.0V, T=25.0\u00b0C"""
1739436908.7118518,515,b'\x00\x00\x00\x00\x02\x00\x01\x00',"""Speed=0rpm, Target=0rpm, Torque=0.2A"""
1739436908.72213,513,b'\x06\x00\xb3\x00M\xff\x00\x00',"""Ia=0.6A, Ib=17.9A, Ic=-17.9A"""
1739436908.72213,514,b'\x93\x08\x92\x08\xa1\x08\xfa\x00',"""Va=219.5V, Vb=219.4V, Vc=220.9V, T=25.0\u00b0C"""
1739436908.72213,515,b'\x00\x00\x00\x00\x06\x00\x01\x00',"""Speed=0rpm, Target=0rpm, Torque=0.6A"""
1739436908.732925,513,b'\xfe\xff\xa3\x00S\xff\x00\x00',"""Ia=-0.2A, Ib=16.3A, Ic=-17.3A"""
1739436908.732925,514,b'\x9c\x08{\x08\xbb\x08\xfa\x00',"""Va=220.4V, Vb=217.1V, Vc=223.5V, T=25.0\u00b0C"""
1739436908.732925,515,b'\x00\x00\x00\x00\x02\x00\x01\x00',"""Speed=0rpm, Target=0rpm, Torque=0.2A"""
1739436908.743842,513,b'\x08\x00\xb5\x00T\xff\x00\x00',"""Ia=0.8A, Ib=18.1A, Ic=-17.2A"""
1739436908.743842,514,b't\x08\x9e\x08\x83\x08\xfa\x00',"""Va=216.4V, Vb=220.6V, Vc=217.9V, T=25.0\u00b0C"""
1739436908.743842,515,b'\x00\x00\x00\x00\x08\x00\x01\x00',"""Speed=0rpm, Target=0rpm, Torque=0.8A"""
1739436908.7540963,513,b'\x08\x00\xb3\x00S\xff\x00\x00',"""Ia=0.8A, Ib=17.9A, Ic=-17.3A"""
1739436908.7540963,514,b'\x7f\x08q\x08\xaf\x08\xfa\x00',"""Va=217.5V, Vb=216.1V, Vc=222.3V, T=25.0\u00b0C"""
1739436908.7540963,515,b'\x00\x00\x00\x00\x08\x00\x01\x00',"""Speed=0rpm, Target=0rpm, Torque=0.8A"""
1739436908.7650607,513,b'\x08\x00\xac\x00Y\xff\x00\x00',"""Ia=0.8A, Ib=17.2A, Ic=-16.7A"""
1739436908.7650607,514,b'\xb8\x08\xb5\x08\xbc\x08\xfa\x00',"""Va=223.2V, Vb=222.9V, Vc=223.6V, T=25.0\u00b0C"""
1739436908.7650607,515,b'\x00\x00\x00\x00\x08\x00\x01\x00',"""Speed=0rpm, Target=0rpm, Torque=0.8A"""
1739436908.7751281,513,b'\xfd\xff\xac\x00[\xff\x00\x00',"""Ia=-0.3A, Ib=17.2A, Ic=-16.5A"""
1739436908.7751281,514,b'\xa0\x08\xa7\x08t\x08\xfa\x00',"""Va=220.8V, Vb=221.5V, Vc=216.4V, T=25.0\u00b0C"""
1739436908.7751281,515,b'\x00\x00\x00\x00\x03\x00\x01\x00',"""Speed=0rpm, Target=0rpm, Torque=0.3A"""
1739436908.7857316,513,b'\x08\x00\xa4\x00Q\xff\x00\x00',"""Ia=0.8A, Ib=16.4A, Ic=-17.5A"""
1739436908.7857316,514,b'\xb4\x08\x84\x08\x83\x08\xfa\x00',"""Va=222.8V, Vb=218.0V, Vc=217.9V, T=25.0\u00b0C"""
1739436908.7857316,515,b'\x00\x00\x00\x00\x08\x00\x01\x00',"""Speed=0rpm, Target=0rpm, Torque=0.8A"""
1739436908.7959616,513,b'\x04\x00\xb5\x00R\xff\x00\x00',"""Ia=0.4A, Ib=18.1A, Ic=-17.4A"""
1739436908.7959616,514,b'}\x08\xa2\x08q\x08\xfa\x00',"""Va=217.3V, Vb=221.0V, Vc=216.1V, T=25.0\u00b0C"""
1739436908.7959616,515,b'\x00\x00\x00\x00\x04\x00\x01\x00',"""Speed=0rpm, Target=0rpm, Torque=0.4A"""
1739436908.8061678,513,b'\xfd\xff\xb2\x00K\xff\x00\x00',"""Ia=-0.3A, Ib=17.8A, Ic=-18.1A"""
1739436908.8061678,514,b'{\x08\xc1\x08\x86\x08\xfa\x00',"""Va=217.1V, Vb=224.1V, Vc=218.2V, T=25.0\u00b0C"""
1739436908.8061678,515,b'\x00\x00\x00\x00\x03\x00\x01\x00',"""Speed=0rpm, Target=0rpm, Torque=0.3A"""
1739436908.816316,513,b'\xfb\xff\xb4\x00Z\xff\x00\x00',"""Ia=-0.5A, Ib=18.0A, Ic=-16.6A"""
1739436908.816316,514,b'\x93\x08\xa5\x08\xac\x08\xfa\x00',"""Va=219.5V, Vb=221.3V, Vc=222.0V, T=25.0\u00b0C"""
1739436908.816316,515,b'\x00\x00\x00\x00\x05\x00\x01\x00',"""Speed=0rpm, Target=0rpm, Torque=0.5A"""
1739436908.8269444,513,b'\x06\x00\xaa\x00\\\xff\x00\x00',"""Ia=0.6A, Ib=17.0A, Ic=-16.4A"""
1739436908.8269444,514,b'\xc1\x08\xa0\x08\x8a\x08\xfa\x00',"""Va=224.1V, Vb=220.8V, Vc=218.6V, T=25.0\u00b0C"""
1739436908.8269444,515,b'\x00\x00\x00\x00\x06\x00\x01\x00',"""Speed=0rpm, Target=0rpm, Torque=0.6A"""
1739436908.8374236,513,b'\xfd\xff\xaa\x00X\xff\x00\x00',"""Ia=-0.3A, Ib=17.0A, Ic=-16.8A"""
1739436908.8374236,514,b'~\x08v\x08\xc4\x08\xfa\x00',"""Va=217.4V, Vb=216.6V, Vc=224.4V, T=25.0\u00b0C"""
1739436908.8374236,515,b'\x00\x00\x00\x00\x03\x00\x01\x00',"""Speed=0rpm, Target=0rpm, Torque=0.3A"""
1739436908.8483899,513,b'\xf9\xff\xad\x00\\\xff\x00\x00',"""Ia=-0.7A, Ib=17.3A, Ic=-16.4A"""
1739436908.8483899,514,b'\x85\x08\x99\x08\xab\x08\xfa\x00',"""Va=218.1V, Vb=220.1V, Vc=221.9V, T=25.0\u00b0C"""
1739436908.8483899,515,b'\x00\x00\x00\x00\x07\x00\x01\x00',"""Speed=0rpm, Target=0rpm, Torque=0.7A"""
1739436908.8588972,513,b'\xfc\xff\xa9\x00N\xff\x00\x00',"""Ia=-0.4A, Ib=16.9A, Ic=-17.8A"""
1739436908.8588972,514,b'x\x08v\x08\xa3\x08\xfa\x00',"""Va=216.8V, Vb=216.6V, Vc=221.1V, T=25.0\u00b0C"""
1739436908.8588972,515,b'\x00\x00\x00\x00\x04\x00\x01\x00',"""Speed=0rpm, Target=0rpm, Torque=0.4A"""
1739436908.8690233,513,b'\x08\x00\xae\x00M\xff\x00\x00',"""Ia=0.8A, Ib=17.4A, Ic=-17.9A"""
1739436908.8690233,514,b'k\x08\x82\x08\x7f\x08\xfa\x00',"""Va=215.5V, Vb=217.8V, Vc=217.5V, T=25.0\u00b0C"""
1739436908.8690233,515,b'\x00\x00\x00\x00\x08\x00\x01\x00',"""Speed=0rpm, Target=0rpm, Torque=0.8A"""
1739436908.879897,513,b'\x08\x00\xb6\x00R\xff\x00\x00',"""Ia=0.8A, Ib=18.2A, Ic=-17.4A"""
1739436908.879897,514,b'\xb3\x08\xb7\x08\x81\x08\xfa\x00',"""Va=222.7V, Vb=223.1V, Vc=217.7V, T=25.0\u00b0C"""
1739436908.879897,515,b'\x00\x00\x00\x00\x08\x00\x01\x00',"""Speed=0rpm, Target=0rpm, Torque=0.8A"""
1739436908.8899784,513,b'\x00\x00\xaf\x00\\\xff\x00\x00',"""Ia=0.0A, Ib=17.5A, Ic=-16.4A"""
1739436908.8899784,514,b'\xc8\x08|\x08g\x08\xfa\x00',"""Va=224.8V, Vb=217.2V, Vc=215.1V, T=25.0\u00b0C"""
1739436908.8899784,515,b'\x00\x00\x00\x00\x00\x00\x01\x00',"""Speed=0rpm, Target=0rpm, Torque=0.0A"""
1739436908.9000692,513,b'\x00\x00\xa9\x00M\xff\x00\x00',"""Ia=0.0A, Ib=16.9A, Ic=-17.9A"""
1739436908.9001114,514,b'\x8f\x08\x86\x08\xac\x08\xfa\x00',"""Va=219.1V, Vb=218.2V, Vc=222.0V, T=25.0\u00b0C"""
1739436908.9001114,515,b'\x00\x00\x00\x00\x00\x00\x01\x00',"""Speed=0rpm, Target=0rpm, Torque=0.0A"""
1739436908.9103098,513,b'\x00\x00\xa7\x00M\xff\x00\x00',"""Ia=0.0A, Ib=16.7A, Ic=-17.9A"""
1739436908.9103098,514,b'\xb3\x08\xb6\x08\xc5\x08\xfa\x00',"""Va=222.7V, Vb=223.0V, Vc=224.5V, T=25.0\u00b0C"""
1739436908.9103098,515,b'\x00\x00\x00\x00\x00\x00\x01\x00',"""Speed=0rpm, Target=0rpm, Torque=0.0A"""
1739436908.9203677,513,b'\x08\x00\xa3\x00J\xff\x00\x00',"""Ia=0.8A, Ib=16.3A, Ic=-18.2A"""
1739436908.9203677,514,b'\x8d\x08\xc6\x08\xa6\x08\xfa\x00',"""Va=218.9V, Vb=224.6V, Vc=221.4V, T=25.0\u00b0C"""
1739436908.9203677,515,b'\x00\x00\x00\x00\x08\x00\x01\x00',"""Speed=0rpm, Target=0rpm, Torque=0.8A"""
1739436908.9304814,513,b'\x04\x00\xa4\x00M\xff\x00\x00',"""Ia=0.4A, Ib=16.4A, Ic=-17.9A"""
1739436908.9304814,514,b'\x97\x08\xaf\x08\xa5\x08\xfa\x00',"""Va=219.9V, Vb=222.3V, Vc=221.3V, T=25.0\u00b0C"""
1739436908.9304814,515,b'\x00\x00\x00\x00\x04\x00\x01\x00',"""Speed=0rpm, Target=0rpm, Torque=0.4A"""
1739436908.9407914,513,b'\xff\xff\xb2\x00L\xff\x00\x00',"""Ia=-0.1A, Ib=17.8A, Ic=-18.0A"""
1739436908.9407914,514,b'f\x08\xc7\x08p\x08\xfa\x00',"""Va=215.0V, Vb=224.7V, Vc=216.0V, T=25.0\u00b0C"""
1739436908.9407914,515,b'\x00\x00\x00\x00\x01\x00\x01\x00',"""Speed=0rpm, Target=0rpm, Torque=0.1A"""
1739436908.9508545,513,b'\x07\x00\xae\x00M\xff\x00\x00',"""Ia=0.7A, Ib=17.4A, Ic=-17.9A"""
1739436908.9508984,514,b'\xbd\x08\xab\x08\xb1\x08\xfa\x00',"""Va=223.7V, Vb=221.9V, Vc=222.5V, T=25.0\u00b0C"""
1739436908.9508984,515,b'\x00\x00\x00\x00\x07\x00\x01\x00',"""Speed=0rpm, Target=0rpm, Torque=0.7A"""
1739436908.9609208,513,b'\x08\x00\xaf\x00\\\xff\x00\x00',"""Ia=0.8A, Ib=17.5A, Ic=-16.4A"""
1739436908.9609208,514,b'\xb1\x08\x99\x08\xa9\x08\xfa\x00',"""Va=222.5V, Vb=220.1V, Vc=221.7V, T=25.0\u00b0C"""
1739436908.9609208,515,b'\x00\x00\x00\x00\x08\x00\x01\x00',"""Speed=0rpm, Target=0rpm, Torque=0.8A"""
1739436908.971006,513,b'\xfe\xff\xb4\x00S\xff\x00\x00',"""Ia=-0.2A, Ib=18.0A, Ic=-17.3A"""
1739436908.971006,514,b'\xb2\x08j\x08\xb4\x08\xfa\x00',"""Va=222.6V, Vb=215.4V, Vc=222.8V, T=25.0\u00b0C"""
1739436908.971006,515,b'\x00\x00\x00\x00\x02\x00\x01\x00',"""Speed=0rpm, Target=0rpm, Torque=0.2A"""
1739436908.9810872,513,b'\x07\x00\xae\x00]\xff\x00\x00',"""Ia=0.7A, Ib=17.4A, Ic=-16.3A"""
1739436908.9811156,514,b'\x85\x08n\x08\xbf\x08\xfa\x00',"""Va=218.1V, Vb=215.8V, Vc=223.9V, T=25.0\u00b0C"""
1739436908.9811156,515,b'\x00\x00\x00\x00\x07\x00\x01\x00',"""Speed=0rpm, Target=0rpm, Torque=0.7A"""
1739436908.9912593,513,b'\x08\x00\xb6\x00V\xff\x00\x00',"""Ia=0.8A, Ib=18.2A, Ic=-17.0A"""
1739436908.9912593,514,b'\xb5\x08\x9c\x08\x97\x08\xfa\x00',"""Va=222.9V, Vb=220.4V, Vc=219.9V, T=25.0\u00b0C"""
1739436908.991287,515,b'\x00\x00\x00\x00\x08\x00\x01\x00',"""Speed=0rpm, Target=0rpm, Torque=0.8A"""
1739436909.002072,513,b'\x04\x00\xa5\x00N\xff\x00\x00',"""Ia=0.4A, Ib=16.5A, Ic=-17.8A"""
1739436909.002072,514,b'r\x08\x9f\x08\xbb\x08\xfa\x00',"""Va=216.2V, Vb=220.7V, Vc=223.5V, T=25.0\u00b0C"""
1739436909.002072,515,b'\x00\x00\x00\x00\x04\x00\x01\x00',"""Speed=0rpm, Target=0rpm, Torque=0.4A"""
1739436909.0121143,513,b'\xfb\xff\xa8\x00U\xff\x00\x00',"""Ia=-0.5A, Ib=16.8A, Ic=-17.1A"""
1739436909.0121143,514,b'\xbd\x08\x99\x08\xc8\x08\xfa\x00',"""Va=223.7V, Vb=220.1V, Vc=224.8V, T=25.0\u00b0C"""
1739436909.0121143,515,b'\x00\x00\x00\x00\x05\x00\x01\x00',"""Speed=0rpm, Target=0rpm, Torque=0.5A"""
1739436909.022293,513,b'\xf9\xff\xb7\x00N\xff\x00\x00',"""Ia=-0.7A, Ib=18.3A, Ic=-17.8A"""
1739436909.022293,514,b'p\x08\x8f\x08k\x08\xfa\x00',"""Va=216.0V, Vb=219.1V, Vc=215.5V, T=25.0\u00b0C"""
1739436909.022293,515,b'\x00\x00\x00\x00\x07\x00\x01\x00',"""Speed=0rpm, Target=0rpm, Torque=0.7A"""
1739436909.0323992,513,b'\x00\x00\xb1\x00V\xff\x00\x00',"""Ia=0.0A, Ib=17.7A, Ic=-17.0A"""
1739436909.0323992,514,b'\xa9\x08\xc1\x08}\x08\xfa\x00',"""Va=221.7V, Vb=224.1V, Vc=217.3V, T=25.0\u00b0C"""
1739436909.0323992,515,b'\x00\x00\x00\x00\x00\x00\x01\x00',"""Speed=0rpm, Target=0rpm, Torque=0.0A"""
1739436909.0426524,513,b'\t\x00\xb2\x00[\xff\x00\x00',"""Ia=0.9A, Ib=17.8A, Ic=-16.5A"""
1739436909.0426524,514,b'\xad\x08l\x08\xbd\x08\xfa\x00',"""Va=222.1V, Vb=215.6V, Vc=223.7V, T=25.0\u00b0C"""
1739436909.0426524,515,b'\x00\x00\x00\x00\t\x00\x01\x00',"""Speed=0rpm, Target=0rpm, Torque=0.9A"""
1739436909.0527387,513,b'\x00\x00\xa3\x00P\xff\x00\x00',"""Ia=0.0A, Ib=16.3A, Ic=-17.6A"""
1739436909.0527797,514,b'\xb9\x08\x89\x08x\x08\xfa\x00',"""Va=223.3V, Vb=218.5V, Vc=216.8V, T=25.0\u00b0C"""
1739436909.0527797,515,b'\x00\x00\x00\x00\x00\x00\x01\x00',"""Speed=0rpm, Target=0rpm, Torque=0.0A"""
1739436909.0632157,513,b'\x08\x00\xb0\x00U\xff\x00\x00',"""Ia=0.8A, Ib=17.6A, Ic=-17.1A"""
1739436909.0632157,514,b'\x8f\x08\x95\x08\xbe\x08\xfa\x00',"""Va=219.1V, Vb=219.7V, Vc=223.8V, T=25.0\u00b0C"""
1739436909.0632157,515,b'\x00\x00\x00\x00\x08\x00\x01\x00',"""Speed=0rpm, Target=0rpm, Torque=0.8A"""
1739436909.0733685,513,b'\xff\xff\xb3\x00P\xff\x00\x00',"""Ia=-0.1A, Ib=17.9A, Ic=-17.6A"""
1739436909.0733912,514,b'\xae\x08\x8d\x08i\x08\xfa\x00',"""Va=222.2V, Vb=218.9V, Vc=215.3V, T=25.0\u00b0C"""
1739436909.0733912,515,b'\x00\x00\x00\x00\x01\x00\x01\x00',"""Speed=0rpm, Target=0rpm, Torque=0.1A"""
1739436909.0837202,513,b'\xfc\xff\xa5\x00V\xff\x00\x00',"""Ia=-0.4A, Ib=16.5A, Ic=-17.0A"""
1739436909.0837202,514,b'\x86\x08q\x08\xc7\x08\xfa\x00',"""Va=218.2V, Vb=216.1V, Vc=224.7V, T=25.0\u00b0C"""
1739436909.0837202,515,b'\x00\x00\x00\x00\x04\x00\x01\x00',"""Speed=0rpm, Target=0rpm, Torque=0.4A"""
1739436909.0938606,513,b'\x04\x00\xa9\x00M\xff\x00\x00',"""Ia=0.4A, Ib=16.9A, Ic=-17.9A"""
1739436909.0938606,514,b'k\x08\xac\x08\x93\x08\xfa\x00',"""Va=215.5V, Vb=222.0V, Vc=219.5V, T=25.0\u00b0C"""
1739436909.0938606,515,b'\x00\x00\x00\x00\x04\x00\x01\x00',"""Speed=0rpm, Target=0rpm, Torque=0.4A"""
1739436909.103991,513,b'\xf8\xff\xac\x00R\xff\x00\x00',"""Ia=-0.8A, Ib=17.2A, Ic=-17.4A"""
1739436909.103991,514,b'\x97\x08\x9c\x08\x88\x08\xfa\x00',"""Va=219.9V, Vb=220.4V, Vc=218.4V, T=25.0\u00b0C"""
1739436909.103991,515,b'\x00\x00\x00\x00\x08\x00\x01\x00',"""Speed=0rpm, Target=0rpm, Torque=0.8A"""
1739436909.114614,513,b'\xf8\xff\xb0\x00O\xff\x00\x00',"""Ia=-0.8A, Ib=17.6A, Ic=-17.7A"""
1739436909.114614,514,b'\x85\x08\x9f\x08\xaa\x08\xfa\x00',"""Va=218.1V, Vb=220.7V, Vc=221.8V, T=25.0\u00b0C"""
1739436909.114614,515,b'\x00\x00\x00\x00\x08\x00\x01\x00',"""Speed=0rpm, Target=0rpm, Torque=0.8A"""
1739436909.125021,513,b'\xff\xff\xa9\x00Z\xff\x00\x00',"""Ia=-0.1A, Ib=16.9A, Ic=-16.6A"""
1739436909.125021,514,b'\x8e\x08u\x08\xa4\x08\xfa\x00',"""Va=219.0V, Vb=216.5V, Vc=221.2V, T=25.0\u00b0C"""
1739436909.125021,515,b'\x00\x00\x00\x00\x01\x00\x01\x00',"""Speed=0rpm, Target=0rpm, Torque=0.1A"""
1739436909.1351335,513,b'\x00\x00\xb3\x00L\xff\x00\x00',"""Ia=0.0A, Ib=17.9A, Ic=-18.0A"""
1739436909.1351335,514,b'x\x08\xa0\x08\xa2\x08\xfa\x00',"""Va=216.8V, Vb=220.8V, Vc=221.0V, T=25.0\u00b0C"""
1739436909.1351335,515,b'\x00\x00\x00\x00\x00\x00\x01\x00',"""Speed=0rpm, Target=0rpm, Torque=0.0A"""
1739436909.145546,513,b'\xf7\xff\xb6\x00V\xff\x00\x00',"""Ia=-0.9A, Ib=18.2A, Ic=-17.0A"""
1739436909.145546,514,b'\x8d\x08\xb3\x08\x85\x08\xfa\x00',"""Va=218.9V, Vb=222.7V, Vc=218.1V, T=25.0\u00b0C"""
1739436909.145546,515,b'\x00\x00\x00\x00\t\x00\x01\x00',"""Speed=0rpm, Target=0rpm, Torque=0.9A"""
1739436909.1556978,513,b'\xf8\xff\xa3\x00P\xff\x00\x00',"""Ia=-0.8A, Ib=16.3A, Ic=-17.6A"""
1739436909.1556978,514,b'\x9c\x08\x93\x08\x8b\x08\xfa\x00',"""Va=220.4V, Vb=219.5V, Vc=218.7V, T=25.0\u00b0C"""
1739436909.1556978,515,b'\x00\x00\x00\x00\x08\x00\x01\x00',"""Speed=0rpm, Target=0rpm, Torque=0.8A"""
1739436909.165985,513,b'\x07\x00\xb0\x00K\xff\x00\x00',"""Ia=0.7A, Ib=17.6A, Ic=-18.1A"""
1739436909.165985,514,b'\xb7\x08\xa4\x08\x9d\x08\xfa\x00',"""Va=223.1V, Vb=221.2V, Vc=220.5V, T=25.0\u00b0C"""
1739436909.165985,515,b'\x00\x00\x00\x00\x07\x00\x01\x00',"""Speed=0rpm, Target=0rpm, Torque=0.7A"""
1739436909.1763844,513,b'\xf7\xff\xad\x00N\xff\x00\x00',"""Ia=-0.9A, Ib=17.3A, Ic=-17.8A"""
1739436909.1763844,514,b'\xa1\x08\x8b\x08\x81\x08\xfa\x00',"""Va=220.9V, Vb=218.7V, Vc=217.7V, T=25.0\u00b0C"""
1739436909.1763844,515,b'\x00\x00\x00\x00\t\x00\x01\x00',"""Speed=0rpm, Target=0rpm, Torque=0.9A"""
1739436909.1870975,513,b'\x04\x00\xac\x00Z\xff\x00\x00',"""Ia=0.4A, Ib=17.2A, Ic=-16.6A"""
1739436909.1870975,514,b'\xa2\x08|\x08\xb3\x08\xfa\x00',"""Va=221.0V, Vb=217.2V, Vc=222.7V, T=25.0\u00b0C"""
1739436909.1870975,515,b'\x00\x00\x00\x00\x04\x00\x01\x00',"""Speed=0rpm, Target=0rpm, Torque=0.4A"""
1739436909.1972542,513,b'\x08\x00\xac\x00Y\xff\x00\x00',"""Ia=0.8A, Ib=17.2A, Ic=-16.7A"""
1739436909.1972542,514,b'\x9c\x08\xad\x08f\x08\xfa\x00',"""Va=220.4V, Vb=222.1V, Vc=215.0V, T=25.0\u00b0C"""
1739436909.1972542,515,b'\x00\x00\x00\x00\x08\x00\x01\x00',"""Speed=0rpm, Target=0rpm, Torque=0.8A"""
1739436909.2074418,513,b'\x04\x00\xad\x00Q\xff\x00\x00',"""Ia=0.4A, Ib=17.3A, Ic=-17.5A"""
1739436909.2074418,514,b'u\x08\x98\x08m\x08\xfa\x00',"""Va=216.5V, Vb=220.0V, Vc=215.7V, T=25.0\u00b0C"""
1739436909.2074418,515,b'\x00\x00\x00\x00\x04\x00\x01\x00',"""Speed=0rpm, Target=0rpm, Torque=0.4A"""
1739436909.2176445,513,b'\xfb\xff\xb3\x00T\xff\x00\x00',"""Ia=-0.5A, Ib=17.9A, Ic=-17.2A"""
1739436909.2176445,514,b's\x08s\x08\xbb\x08\xfa\x00',"""Va=216.3V, Vb=216.3V, Vc=223.5V, T=25.0\u00b0C"""
1739436909.2176445,515,b'\x00\x00\x00\x00\x05\x00\x01\x00',"""Speed=0rpm, Target=0rpm, Torque=0.5A"""
1739436909.227756,513,b'\xf7\xff\xac\x00Y\xff\x00\x00',"""Ia=-0.9A, Ib=17.2A, Ic=-16.7A"""
1739436909.227756,514,b'\x9e\x08\xb8\x08|\x08\xfa\x00',"""Va=220.6V, Vb=223.2V, Vc=217.2V, T=25.0\u00b0C"""
1739436909.227756,515,b'\x00\x00\x00\x00\t\x00\x01\x00',"""Speed=0rpm, Target=0rpm, Torque=0.9A"""
1739436909.2380626,513,b'\xf9\xff\xab\x00Y\xff\x00\x00',"""Ia=-0.7A, Ib=17.1A, Ic=-16.7A"""
1739436909.2380626,514,b'~\x08\xa7\x08v\x08\xfa\x00',"""Va=217.4V, Vb=221.5V, Vc=216.6V, T=25.0\u00b0C"""
1739436909.2380626,515,b'\x00\x00\x00\x00\x07\x00\x01\x00',"""Speed=0rpm, Target=0rpm, Torque=0.7A"""
1739436909.2489305,513,b'\x00\x00\xb4\x00W\xff\x00\x00',"""Ia=0.0A, Ib=18.0A, Ic=-16.9A"""
1739436909.2489305,514,b'\xb6\x08i\x08\xc4\x08\xfa\x00',"""Va=223.0V, Vb=215.3V, Vc=224.4V, T=25.0\u00b0C"""
1739436909.2489305,515,b'\x00\x00\x00\x00\x00\x00\x01\x00',"""Speed=0rpm, Target=0rpm, Torque=0.0A"""
1739436909.259085,513,b'\x01\x00\xb0\x00P\xff\x00\x00',"""Ia=0.1A, Ib=17.6A, Ic=-17.6A"""
1739436909.259085,514,b'\xab\x08\xba\x08\xc4\x08\xfa\x00',"""Va=221.9V, Vb=223.4V, Vc=224.4V, T=25.0\u00b0C"""
1739436909.259085,515,b'\x00\x00\x00\x00\x01\x00\x01\x00',"""Speed=0rpm, Target=0rpm, Torque=0.1A"""
1739436909.2694757,513,b'\xf9\xff\xae\x00]\xff\x00\x00',"""Ia=-0.7A, Ib=17.4A, Ic=-16.3A"""
1739436909.2694757,514,b'\x86\x08i\x08j\x08\xfa\x00',"""Va=218.2V, Vb=215.3V, Vc=215.4V, T=25.0\u00b0C"""
1739436909.2694757,515,b'\x00\x00\x00\x00\x07\x00\x01\x00',"""Speed=0rpm, Target=0rpm, Torque=0.7A"""
1739436909.2798896,513,b'\x01\x00\xa6\x00Y\xff\x00\x00',"""Ia=0.1A, Ib=16.6A, Ic=-16.7A"""
1739436909.2798896,514,b'\xbf\x08\x9b\x08\x95\x08\xfa\x00',"""Va=223.9V, Vb=220.3V, Vc=219.7V, T=25.0\u00b0C"""
1739436909.2798896,515,b'\x00\x00\x00\x00\x01\x00\x01\x00',"""Speed=0rpm, Target=0rpm, Torque=0.1A"""
1739436909.2901185,513,b'\x03\x00\xb3\x00W\xff\x00\x00',"""Ia=0.3A, Ib=17.9A, Ic=-16.9A"""
1739436909.2901185,514,b'\xb5\x08\xc4\x08f\x08\xfa\x00',"""Va=222.9V, Vb=224.4V, Vc=215.0V, T=25.0\u00b0C"""
1739436909.2901185,515,b'\x00\x00\x00\x00\x03\x00\x01\x00',"""Speed=0rpm, Target=0rpm, Torque=0.3A"""
1739436909.3009481,513,b'\xfe\xff\xb4\x00J\xff\x00\x00',"""Ia=-0.2A, Ib=18.0A, Ic=-18.2A"""
1739436909.3009481,514,b'l\x08\x8a\x08\x80\x08\xfa\x00',"""Va=215.6V, Vb=218.6V, Vc=217.6V, T=25.0\u00b0C"""
1739436909.3009481,515,b'\x00\x00\x00\x00\x02\x00\x01\x00',"""Speed=0rpm, Target=0rpm, Torque=0.2A"""
1739436909.3114805,513,b'\x03\x00\xae\x00N\xff\x00\x00',"""Ia=0.3A, Ib=17.4A, Ic=-17.8A"""
1739436909.3114805,514,b'i\x08\xbd\x08\x8e\x08\xfa\x00',"""Va=215.3V, Vb=223.7V, Vc=219.0V, T=25.0\u00b0C"""
1739436909.3114805,515,b'\x00\x00\x00\x00\x03\x00\x01\x00',"""Speed=0rpm, Target=0rpm, Torque=0.3A"""
1739436909.3218083,513,b'\x06\x00\xa6\x00R\xff\x00\x00',"""Ia=0.6A, Ib=16.6A, Ic=-17.4A"""
1739436909.3218083,514,b'\xa1\x08\x92\x08\x97\x08\xfa\x00',"""Va=220.9V, Vb=219.4V, Vc=219.9V, T=25.0\u00b0C"""
1739436909.3218083,515,b'\x00\x00\x00\x00\x06\x00\x01\x00',"""Speed=0rpm, Target=0rpm, Torque=0.6A"""
1739436909.3328018,513,b'\xfc\xff\xa8\x00J\xff\x00\x00',"""Ia=-0.4A, Ib=16.8A, Ic=-18.2A"""
1739436909.3328018,514,b'r\x08\x84\x08\x92\x08\xfa\x00',"""Va=216.2V, Vb=218.0V, Vc=219.4V, T=25.0\u00b0C"""
1739436909.3328018,515,b'\x00\x00\x00\x00\x04\x00\x01\x00',"""Speed=0rpm, Target=0rpm, Torque=0.4A"""
1739436909.3429544,513,b'\xf8\xff\xb3\x00M\xff\x00\x00',"""Ia=-0.8A, Ib=17.9A, Ic=-17.9A"""
1739436909.3429544,514,b'\xaf\x08\x9c\x08\x92\x08\xfa\x00',"""Va=222.3V, Vb=220.4V, Vc=219.4V, T=25.0\u00b0C"""
1739436909.3429544,515,b'\x00\x00\x00\x00\x08\x00\x01\x00',"""Speed=0rpm, Target=0rpm, Torque=0.8A"""
1739436909.3530474,513,b'\xfe\xff\xa5\x00\\\xff\x00\x00',"""Ia=-0.2A, Ib=16.5A, Ic=-16.4A"""
1739436909.3530474,514,b'm\x08\xb3\x08\xc0\x08\xfa\x00',"""Va=215.7V, Vb=222.7V, Vc=224.0V, T=25.0\u00b0C"""
1739436909.3530474,515,b'\x00\x00\x00\x00\x02\x00\x01\x00',"""Speed=0rpm, Target=0rpm, Torque=0.2A"""
1739436909.3633091,513,b'\x00\x00\xb5\x00Q\xff\x00\x00',"""Ia=0.0A, Ib=18.1A, Ic=-17.5A"""
1739436909.3633091,514,b'q\x08\x9e\x08v\x08\xfa\x00',"""Va=216.1V, Vb=220.6V, Vc=216.6V, T=25.0\u00b0C"""
1739436909.3633091,515,b'\x00\x00\x00\x00\x00\x00\x01\x00',"""Speed=0rpm, Target=0rpm, Torque=0.0A"""
1739436909.3738575,513,b'\x07\x00\xa8\x00L\xff\x00\x00',"""Ia=0.7A, Ib=16.8A, Ic=-18.0A"""
1739436909.3738575,514,b'\xc8\x08\x8f\x08i\x08\xfa\x00',"""Va=224.8V, Vb=219.1V, Vc=215.3V, T=25.0\u00b0C"""
1739436909.3738575,515,b'\x00\x00\x00\x00\x07\x00\x01\x00',"""Speed=0rpm, Target=0rpm, Torque=0.7A"""
1739436909.3844,513,b'\x07\x00\xa6\x00U\xff\x00\x00',"""Ia=0.7A, Ib=16.6A, Ic=-17.1A"""
1739436909.3844,514,b'\x90\x08x\x08\xac\x08\xfa\x00',"""Va=219.2V, Vb=216.8V, Vc=222.0V, T=25.0\u00b0C"""
1739436909.3844,515,b'\x00\x00\x00\x00\x07\x00\x01\x00',"""Speed=0rpm, Target=0rpm, Torque=0.7A"""
1739436909.3948178,513,b'\x07\x00\xaa\x00Q\xff\x00\x00',"""Ia=0.7A, Ib=17.0A, Ic=-17.5A"""
1739436909.3948178,514,b'p\x08\x88\x08k\x08\xfa\x00',"""Va=216.0V, Vb=218.4V, Vc=215.5V, T=25.0\u00b0C"""
1739436909.3948178,515,b'\x00\x00\x00\x00\x07\x00\x01\x00',"""Speed=0rpm, Target=0rpm, Torque=0.7A"""
1739436909.4050012,513,b'\xf9\xff\xae\x00K\xff\x00\x00',"""Ia=-0.7A, Ib=17.4A, Ic=-18.1A"""
1739436909.4050012,514,b'\xc0\x08o\x08\x9b\x08\xfa\x00',"""Va=224.0V, Vb=215.9V, Vc=220.3V, T=25.0\u00b0C"""
1739436909.4050012,515,b'\x00\x00\x00\x00\x07\x00\x01\x00',"""Speed=0rpm, Target=0rpm, Torque=0.7A"""
1739436909.4151006,513,b'\x01\x00\xa6\x00U\xff\x00\x00',"""Ia=0.1A, Ib=16.6A, Ic=-17.1A"""
1739436909.4151006,514,b'\xbe\x08\x85\x08u\x08\xfa\x00',"""Va=223.8V, Vb=218.1V, Vc=216.5V, T=25.0\u00b0C"""
1739436909.4151006,515,b'\x00\x00\x00\x00\x01\x00\x01\x00',"""Speed=0rpm, Target=0rpm, Torque=0.1A"""
1739436909.4253898,513,b'\x01\x00\xad\x00[\xff\x00\x00',"""Ia=0.1A, Ib=17.3A, Ic=-16.5A"""
1739436909.4253898,514,b'\x84\x08t\x08p\x08\xfa\x00',"""Va=218.0V, Vb=216.4V, Vc=216.0V, T=25.0\u00b0C"""
1739436909.4253898,515,b'\x00\x00\x00\x00\x01\x00\x01\x00',"""Speed=0rpm, Target=0rpm, Torque=0.1A"""
1739436909.4358418,513,b'\xfe\xff\xb3\x00U\xff\x00\x00',"""Ia=-0.2A, Ib=17.9A, Ic=-17.1A"""
1739436909.4358418,514,b'\x8e\x08\xb7\x08\xa5\x08\xfa\x00',"""Va=219.0V, Vb=223.1V, Vc=221.3V, T=25.0\u00b0C"""
1739436909.4358418,515,b'\x00\x00\x00\x00\x02\x00\x01\x00',"""Speed=0rpm, Target=0rpm, Torque=0.2A"""
1739436909.4459834,513,b'\xf7\xff\xa9\x00K\xff\x00\x00',"""Ia=-0.9A, Ib=16.9A, Ic=-18.1A"""
1739436909.4459834,514,b'\xb8\x08\x9b\x08f\x08\xfa\x00',"""Va=223.2V, Vb=220.3V, Vc=215.0V, T=25.0\u00b0C"""
1739436909.4459834,515,b'\x00\x00\x00\x00\t\x00\x01\x00',"""Speed=0rpm, Target=0rpm, Torque=0.9A"""
1739436909.4561958,513,b'\xf8\xff\xb0\x00U\xff\x00\x00',"""Ia=-0.8A, Ib=17.6A, Ic=-17.1A"""
1739436909.4561958,514,b'\x9b\x08\x92\x08\xaa\x08\xfa\x00',"""Va=220.3V, Vb=219.4V, Vc=221.8V, T=25.0\u00b0C"""
1739436909.4561958,515,b'\x00\x00\x00\x00\x08\x00\x01\x00',"""Speed=0rpm, Target=0rpm, Torque=0.8A"""
1739436909.4668965,513,b'\x00\x00\xac\x00\\\xff\x00\x00',"""Ia=0.0A, Ib=17.2A, Ic=-16.4A"""
1739436909.4668965,514,b'\xbe\x08\x85\x08\x8a\x08\xfa\x00',"""Va=223.8V, Vb=218.1V, Vc=218.6V, T=25.0\u00b0C"""
1739436909.4668965,515,b'\x00\x00\x00\x00\x00\x00\x01\x00',"""Speed=0rpm, Target=0rpm, Torque=0.0A"""
1739436909.4773679,513,b'\xf9\xff\xb4\x00V\xff\x00\x00',"""Ia=-0.7A, Ib=18.0A, Ic=-17.0A"""
1739436909.4773679,514,b'\x8c\x08l\x08n\x08\xfa\x00',"""Va=218.8V, Vb=215.6V, Vc=215.8V, T=25.0\u00b0C"""
1739436909.4773679,515,b'\x00\x00\x00\x00\x07\x00\x01\x00',"""Speed=0rpm, Target=0rpm, Torque=0.7A"""
1739436909.4880788,513,b'\x08\x00\xb6\x00X\xff\x00\x00',"""Ia=0.8A, Ib=18.2A, Ic=-16.8A"""
1739436909.4880788,514,b'\xb4\x08\x98\x08\xaa\x08\xfa\x00',"""Va=222.8V, Vb=220.0V, Vc=221.8V, T=25.0\u00b0C"""
1739436909.4880788,515,b'\x00\x00\x00\x00\x08\x00\x01\x00',"""Speed=0rpm, Target=0rpm, Torque=0.8A"""
1739436909.498657,513,b'\xfa\xff\xb2\x00Y\xff\x00\x00',"""Ia=-0.6A, Ib=17.8A, Ic=-16.7A"""
1739436909.498657,514,b'\xc3\x08\x98\x08\x8d\x08\xfa\x00',"""Va=224.3V, Vb=220.0V, Vc=218.9V, T=25.0\u00b0C"""
1739436909.498657,515,b'\x00\x00\x00\x00\x06\x00\x01\x00',"""Speed=0rpm, Target=0rpm, Torque=0.6A"""
1739436909.508912,513,b'\x00\x00\xa9\x00]\xff\x00\x00',"""Ia=0.0A, Ib=16.9A, Ic=-16.3A"""
1739436909.508912,514,b'w\x08\xa0\x08w\x08\xfa\x00',"""Va=216.7V, Vb=220.8V, Vc=216.7V, T=25.0\u00b0C"""
1739436909.508912,515,b'\x00\x00\x00\x00\x00\x00\x01\x00',"""Speed=0rpm, Target=0rpm, Torque=0.0A"""
1739436909.5191538,513,b'\x05\x00\xb0\x00N\xff\x00\x00',"""Ia=0.5A, Ib=17.6A, Ic=-17.8A"""
1739436909.5191538,514,b'\xc4\x08\xa9\x08\x9f\x08\xfa\x00',"""Va=224.4V, Vb=221.7V, Vc=220.7V, T=25.0\u00b0C"""
1739436909.5191538,515,b'\x00\x00\x00\x00\x05\x00\x01\x00',"""Speed=0rpm, Target=0rpm, Torque=0.5A"""
1739436909.5294309,513,b'\x01\x00\xa6\x00O\xff\x00\x00',"""Ia=0.1A, Ib=16.6A, Ic=-17.7A"""
1739436909.5294309,514,b'\x9e\x08\xaa\x08m\x08\xfa\x00',"""Va=220.6V, Vb=221.8V, Vc=215.7V, T=25.0\u00b0C"""
1739436909.5294309,515,b'\x00\x00\x00\x00\x01\x00\x01\x00',"""Speed=0rpm, Target=0rpm, Torque=0.1A"""
1739436909.5395815,513,b'\x02\x00\xb5\x00X\xff\x00\x00',"""Ia=0.2A, Ib=18.1A, Ic=-16.8A"""
1739436909.5395815,514,b'\x91\x08\x9f\x08\xb1\x08\xfa\x00',"""Va=219.3V, Vb=220.7V, Vc=222.5V, T=25.0\u00b0C"""
1739436909.5395815,515,b'\x00\x00\x00\x00\x02\x00\x01\x00',"""Speed=0rpm, Target=0rpm, Torque=0.2A"""
1739436909.5502164,513,b'\x07\x00\xac\x00J\xff\x00\x00',"""Ia=0.7A, Ib=17.2A, Ic=-18.2A"""
1739436909.5502164,514,b'\x90\x08\x89\x08\x89\x08\xfa\x00',"""Va=219.2V, Vb=218.5V, Vc=218.5V, T=25.0\u00b0C"""
1739436909.5502164,515,b'\x00\x00\x00\x00\x07\x00\x01\x00',"""Speed=0rpm, Target=0rpm, Torque=0.7A"""
1739436909.561101,513,b'\xff\xff\xad\x00S\xff\x00\x00',"""Ia=-0.1A, Ib=17.3A, Ic=-17.3A"""
1739436909.561101,514,b'{\x08\xa9\x08\xbb\x08\xfa\x00',"""Va=217.1V, Vb=221.7V, Vc=223.5V, T=25.0\u00b0C"""
1739436909.561101,515,b'\x00\x00\x00\x00\x01\x00\x01\x00',"""Speed=0rpm, Target=0rpm, Torque=0.1A"""
1739436909.5713813,513,b'\xf9\xff\xb1\x00S\xff\x00\x00',"""Ia=-0.7A, Ib=17.7A, Ic=-17.3A"""
1739436909.5713813,514,b'\x8b\x08o\x08g\x08\xfa\x00',"""Va=218.7V, Vb=215.9V, Vc=215.1V, T=25.0\u00b0C"""
1739436909.5713813,515,b'\x00\x00\x00\x00\x07\x00\x01\x00',"""Speed=0rpm, Target=0rpm, Torque=0.7A"""
1739436909.5819016,513,b'\xf8\xff\xb0\x00\\\xff\x00\x00',"""Ia=-0.8A, Ib=17.6A, Ic=-16.4A"""
1739436909.5819016,514,b'\xb9\x08p\x08\x8e\x08\xfa\x00',"""Va=223.3V, Vb=216.0V, Vc=219.0V, T=25.0\u00b0C"""
1739436909.5819016,515,b'\x00\x00\x00\x00\x08\x00\x01\x00',"""Speed=0rpm, Target=0rpm, Torque=0.8A"""
1739436909.592295,513,b'\x02\x00\xb1\x00Q\xff\x00\x00',"""Ia=0.2A, Ib=17.7A, Ic=-17.5A"""
1739436909.592295,514,b'\xa4\x08m\x08\xc5\x08\xfa\x00',"""Va=221.2V, Vb=215.7V, Vc=224.5V, T=25.0\u00b0C"""
1739436909.592295,515,b'\x00\x00\x00\x00\x02\x00\x01\x00',"""Speed=0rpm, Target=0rpm, Torque=0.2A"""
1739436909.6030593,513,b'\x00\x00\xb2\x00X\xff\x00\x00',"""Ia=0.0A, Ib=17.8A, Ic=-16.8A"""
1739436909.6030593,514,b'\xa6\x08\x9f\x08\x92\x08\xfa\x00',"""Va=221.4V, Vb=220.7V, Vc=219.4V, T=25.0\u00b0C"""
1739436909.6030593,515,b'\x00\x00\x00\x00\x00\x00\x01\x00',"""Speed=0rpm, Target=0rpm, Torque=0.0A"""
1739436909.6140237,513,b'\x02\x00\xa5\x00L\xff\x00\x00',"""Ia=0.2A, Ib=16.5A, Ic=-18.0A"""
1739436909.6140237,514,b'h\x08\xb5\x08\xb3\x08\xfa\x00',"""Va=215.2V, Vb=222.9V, Vc=222.7V, T=25.0\u00b0C"""
1739436909.6140237,515,b'\x00\x00\x00\x00\x02\x00\x01\x00',"""Speed=0rpm, Target=0rpm, Torque=0.2A"""
1739436909.6249862,513,b'\xf9\xff\xa6\x00W\xff\x00\x00',"""Ia=-0.7A, Ib=16.6A, Ic=-16.9A"""
1739436909.6249862,514,b'\x89\x08~\x08\xb5\x08\xfa\x00',"""Va=218.5V, Vb=217.4V, Vc=222.9V, T=25.0\u00b0C"""
1739436909.6249862,515,b'\x00\x00\x00\x00\x07\x00\x01\x00',"""Speed=0rpm, Target=0rpm, Torque=0.7A"""
1739436909.6356685,513,b'\x03\x00\xa9\x00K\xff\x00\x00',"""Ia=0.3A, Ib=16.9A, Ic=-18.1A"""
1739436909.6356685,514,b'\x8b\x08\xb5\x08\xac\x08\xfa\x00',"""Va=218.7V, Vb=222.9V, Vc=222.0V, T=25.0\u00b0C"""
1739436909.6356685,515,b'\x00\x00\x00\x00\x03\x00\x01\x00',"""Speed=0rpm, Target=0rpm, Torque=0.3A"""
1739436909.64579,513,b'\xfa\xff\xa6\x00W\xff\x00\x00',"""Ia=-0.6A, Ib=16.6A, Ic=-16.9A"""
1739436909.64579,514,b'\xaa\x08\x9e\x08\x8a\x08\xfa\x00',"""Va=221.8V, Vb=220.6V, Vc=218.6V, T=25.0\u00b0C"""
1739436909.64579,515,b'\x00\x00\x00\x00\x06\x00\x01\x00',"""Speed=0rpm, Target=0rpm, Torque=0.6A"""
1739436909.656001,513,b'\xfd\xff\xb6\x00W\xff\x00\x00',"""Ia=-0.3A, Ib=18.2A, Ic=-16.9A"""
1739436909.656001,514,b'\xc5\x08\x80\x08\x83\x08\xfa\x00',"""Va=224.5V, Vb=217.6V, Vc=217.9V, T=25.0\u00b0C"""
1739436909.656001,515,b'\x00\x00\x00\x00\x03\x00\x01\x00',"""Speed=0rpm, Target=0rpm, Torque=0.3A"""
1739436909.6663427,513,b'\xfa\xff\xaa\x00W\xff\x00\x00',"""Ia=-0.6A, Ib=17.0A, Ic=-16.9A"""
1739436909.6663427,514,b'\x95\x08{\x08g\x08\xfa\x00',"""Va=219.7V, Vb=217.1V, Vc=215.1V, T=25.0\u00b0C"""
1739436909.6663427,515,b'\x00\x00\x00\x00\x06\x00\x01\x00',"""Speed=0rpm, Target=0rpm, Torque=0.6A"""
1739436909.676743,513,b'\xf7\xff\xa3\x00L\xff\x00\x00',"""Ia=-0.9A, Ib=16.3A, Ic=-18.0A"""
1739436909.676743,514,b'~\x08w\x08\x97\x08\xfa\x00',"""Va=217.4V, Vb=216.7V, Vc=219.9V, T=25.0\u00b0C"""
1739436909.676743,515,b'\x00\x00\x00\x00\t\x00\x01\x00',"""Speed=0rpm, Target=0rpm, Torque=0.9A"""
1739436909.6874263,513,b'\xfb\xff\xb6\x00[\xff\x00\x00',"""Ia=-0.5A, Ib=18.2A, Ic=-16.5A"""
1739436909.6874263,514,b'\xb9\x08n\x08z\x08\xfa\x00',"""Va=223.3V, Vb=215.8V, Vc=217.0V, T=25.0\u00b0C"""
1739436909.6874263,515,b'\x00\x00\x00\x00\x05\x00\x01\x00',"""Speed=0rpm, Target=0rpm, Torque=0.5A"""
1739436909.6977255,513,b'\x08\x00\xb0\x00U\xff\x00\x00',"""Ia=0.8A, Ib=17.6A, Ic=-17.1A"""
1739436909.6977255,514,b'\xb9\x08\xaf\x08\x92\x08\xfa\x00',"""Va=223.3V, Vb=222.3V, Vc=219.4V, T=25.0\u00b0C"""
1739436909.6977255,515,b'\x00\x00\x00\x00\x08\x00\x01\x00',"""Speed=0rpm, Target=0rpm, Torque=0.8A"""
1739436909.7086701,513,b'\t\x00\xaf\x00K\xff\x00\x00',"""Ia=0.9A, Ib=17.5A, Ic=-18.1A"""
1739436909.7087045,514,b'\x96\x08\xc1\x08\x85\x08\xfa\x00',"""Va=219.8V, Vb=224.1V, Vc=218.1V, T=25.0\u00b0C"""
1739436909.7087045,515,b'\x00\x00\x00\x00\t\x00\x01\x00',"""Speed=0rpm, Target=0rpm, Torque=0.9A"""
1739436909.719495,513,b'\x07\x00\xb3\x00V\xff\x00\x00',"""Ia=0.7A, Ib=17.9A, Ic=-17.0A"""
1739436909.719495,514,b'\xa4\x08\xc8\x08\xb8\x08\xfa\x00',"""Va=221.2V, Vb=224.8V, Vc=223.2V, T=25.0\u00b0C"""
1739436909.719495,515,b'\x00\x00\x00\x00\x07\x00\x01\x00',"""Speed=0rpm, Target=0rpm, Torque=0.7A"""
1739436909.7295783,513,b'\x08\x00\xb1\x00Q\xff\x00\x00',"""Ia=0.8A, Ib=17.7A, Ic=-17.5A"""
1739436909.7295783,514,b'\xc3\x08\x9c\x08f\x08\xfa\x00',"""Va=224.3V, Vb=220.4V, Vc=215.0V, T=25.0\u00b0C"""
1739436909.7296243,515,b'\x00\x00\x00\x00\x08\x00\x01\x00',"""Speed=0rpm, Target=0rpm, Torque=0.8A"""
1739436909.7398446,513,b'\x03\x00\xb4\x00Y\xff\x00\x00',"""Ia=0.3A, Ib=18.0A, Ic=-16.7A"""
1739436909.7398446,514,b'\x93\x08l\x08f\x08\xfa\x00',"""Va=219.5V, Vb=215.6V, Vc=215.0V, T=25.0\u00b0C"""
1739436909.7398446,515,b'\x00\x00\x00\x00\x03\x00\x01\x00',"""Speed=0rpm, Target=0rpm, Torque=0.3A"""
1739436909.7502885,513,b'\xfe\xff\xad\x00J\xff\x00\x00',"""Ia=-0.2A, Ib=17.3A, Ic=-18.2A"""
1739436909.7502885,514,b'{\x08\x99\x08u\x08\xfa\x00',"""Va=217.1V, Vb=220.1V, Vc=216.5V, T=25.0\u00b0C"""
1739436909.7502885,515,b'\x00\x00\x00\x00\x02\x00\x01\x00',"""Speed=0rpm, Target=0rpm, Torque=0.2A"""
1739436909.7603502,513,b'\xfe\xff\xaa\x00J\xff\x00\x00',"""Ia=-0.2A, Ib=17.0A, Ic=-18.2A"""
1739436909.7603502,514,b'\xc3\x08u\x08\xa2\x08\xfa\x00',"""Va=224.3V, Vb=216.5V, Vc=221.0V, T=25.0\u00b0C"""
1739436909.7603502,515,b'\x00\x00\x00\x00\x02\x00\x01\x00',"""Speed=0rpm, Target=0rpm, Torque=0.2A"""
1739436909.7710161,513,b'\x04\x00\xa5\x00Y\xff\x00\x00',"""Ia=0.4A, Ib=16.5A, Ic=-16.7A"""
1739436909.7710595,514,b'\xa9\x08\xc7\x08\x98\x08\xfa\x00',"""Va=221.7V, Vb=224.7V, Vc=220.0V, T=25.0\u00b0C"""
1739436909.7710595,515,b'\x00\x00\x00\x00\x04\x00\x01\x00',"""Speed=0rpm, Target=0rpm, Torque=0.4A"""
1739436909.781096,513,b'\x02\x00\xb4\x00J\xff\x00\x00',"""Ia=0.2A, Ib=18.0A, Ic=-18.2A"""
1739436909.781096,514,b'\xa0\x08\x84\x08\xb1\x08\xfa\x00',"""Va=220.8V, Vb=218.0V, Vc=222.5V, T=25.0\u00b0C"""
1739436909.781096,515,b'\x00\x00\x00\x00\x02\x00\x01\x00',"""Speed=0rpm, Target=0rpm, Torque=0.2A"""
1739436909.7913375,513,b'\x02\x00\xa5\x00T\xff\x00\x00',"""Ia=0.2A, Ib=16.5A, Ic=-17.2A"""
1739436909.7913375,514,b'|\x08\x91\x08\x98\x08\xfa\x00',"""Va=217.2V, Vb=219.3V, Vc=220.0V, T=25.0\u00b0C"""
1739436909.7913375,515,b'\x00\x00\x00\x00\x02\x00\x01\x00',"""Speed=0rpm, Target=0rpm, Torque=0.2A"""
1739436909.8014817,513,b'\xfa\xff\xaa\x00J\xff\x00\x00',"""Ia=-0.6A, Ib=17.0A, Ic=-18.2A"""
1739436909.8014817,514,b'\x8a\x08l\x08\xc3\x08\xfa\x00',"""Va=218.6V, Vb=215.6V, Vc=224.3V, T=25.0\u00b0C"""
1739436909.8014817,515,b'\x00\x00\x00\x00\x06\x00\x01\x00',"""Speed=0rpm, Target=0rpm, Torque=0.6A"""
1739436909.811977,513,b'\x01\x00\xaf\x00U\xff\x00\x00',"""Ia=0.1A, Ib=17.5A, Ic=-17.1A"""
1739436909.811977,514,b'\xb3\x08j\x08x\x08\xfa\x00',"""Va=222.7V, Vb=215.4V, Vc=216.8V, T=25.0\u00b0C"""
1739436909.811977,515,b'\x00\x00\x00\x00\x01\x00\x01\x00',"""Speed=0rpm, Target=0rpm, Torque=0.1A"""
1739436909.8220656,513,b'\xfc\xff\xa8\x00V\xff\x00\x00',"""Ia=-0.4A, Ib=16.8A, Ic=-17.0A"""
1739436909.8221385,514,b'\xc5\x08\xbb\x08\xb6\x08\xfa\x00',"""Va=224.5V, Vb=223.5V, Vc=223.0V, T=25.0\u00b0C"""
1739436909.8221385,515,b'\x00\x00\x00\x00\x04\x00\x01\x00',"""Speed=0rpm, Target=0rpm, Torque=0.4A"""
1739436909.832609,513,b'\x02\x00\xa4\x00R\xff\x00\x00',"""Ia=0.2A, Ib=16.4A, Ic=-17.4A"""
1739436909.832609,514,b'\xa1\x08r\x08\x9d\x08\xfa\x00',"""Va=220.9V, Vb=216.2V, Vc=220.5V, T=25.0\u00b0C"""
1739436909.832609,515,b'\x00\x00\x00\x00\x02\x00\x01\x00',"""Speed=0rpm, Target=0rpm, Torque=0.2A"""
1739436909.8427017,513,b'\xff\xff\xb2\x00U\xff\x00\x00',"""Ia=-0.1A, Ib=17.8A, Ic=-17.1A"""
1739436909.8427434,514,b'\xaa\x08\x90\x08\x9f\x08\xfa\x00',"""Va=221.8V, Vb=219.2V, Vc=220.7V, T=25.0\u00b0C"""
1739436909.8427434,515,b'\x00\x00\x00\x00\x01\x00\x01\x00',"""Speed=0rpm, Target=0rpm, Torque=0.1A"""
1739436909.852773,513,b'\xfa\xff\xa3\x00U\xff\x00\x00',"""Ia=-0.6A, Ib=16.3A, Ic=-17.1A"""
1739436909.852773,514,b'\x8e\x08\xa2\x08|\x08\xfa\x00',"""Va=219.0V, Vb=221.0V, Vc=217.2V, T=25.0\u00b0C"""
1739436909.852773,515,b'\x00\x00\x00\x00\x06\x00\x01\x00',"""Speed=0rpm, Target=0rpm, Torque=0.6A"""
1739436909.8633072,513,b'\x08\x00\xaa\x00]\xff\x00\x00',"""Ia=0.8A, Ib=17.0A, Ic=-16.3A"""
1739436909.8633072,514,b'\xa1\x08\xa9\x08\xa9\x08\xfa\x00',"""Va=220.9V, Vb=221.7V, Vc=221.7V, T=25.0\u00b0C"""
1739436909.8633072,515,b'\x00\x00\x00\x00\x08\x00\x01\x00',"""Speed=0rpm, Target=0rpm, Torque=0.8A"""
1739436909.8733625,513,b'\xff\xff\xaa\x00M\xff\x00\x00',"""Ia=-0.1A, Ib=17.0A, Ic=-17.9A"""
1739436909.8734038,514,b'n\x08\xa8\x08\x91\x08\xfa\x00',"""Va=215.8V, Vb=221.6V, Vc=219.3V, T=25.0\u00b0C"""
1739436909.8734038,515,b'\x00\x00\x00\x00\x01\x00\x01\x00',"""Speed=0rpm, Target=0rpm, Torque=0.1A"""
1739436909.883479,513,b'\xff\xff\xa4\x00U\xff\x00\x00',"""Ia=-0.1A, Ib=16.4A, Ic=-17.1A"""
1739436909.883479,514,b'\x95\x08r\x08\x7f\x08\xfa\x00',"""Va=219.7V, Vb=216.2V, Vc=217.5V, T=25.0\u00b0C"""
1739436909.883479,515,b'\x00\x00\x00\x00\x01\x00\x01\x00',"""Speed=0rpm, Target=0rpm, Torque=0.1A"""
1739436909.8938239,513,b'\xfc\xff\xb2\x00M\xff\x00\x00',"""Ia=-0.4A, Ib=17.8A, Ic=-17.9A"""
1739436909.8938239,514,b'\x88\x08\x98\x08\xac\x08\xfa\x00',"""Va=218.4V, Vb=220.0V, Vc=222.0V, T=25.0\u00b0C"""
1739436909.8938239,515,b'\x00\x00\x00\x00\x04\x00\x01\x00',"""Speed=0rpm, Target=0rpm, Torque=0.4A"""
1739436909.9048269,513,b'\xf9\xff\xa7\x00Y\xff\x00\x00',"""Ia=-0.7A, Ib=16.7A, Ic=-16.7A"""
1739436909.9048593,514,b'\xc4\x08\xc2\x08\x84\x08\xfa\x00',"""Va=224.4V, Vb=224.2V, Vc=218.0V, T=25.0\u00b0C"""
1739436909.9048593,515,b'\x00\x00\x00\x00\x07\x00\x01\x00',"""Speed=0rpm, Target=0rpm, Torque=0.7A"""
1739436909.9152808,513,b'\x00\x00\xb6\x00U\xff\x00\x00',"""Ia=0.0A, Ib=18.2A, Ic=-17.1A"""
1739436909.9152808,514,b'\xb0\x08k\x08\xae\x08\xfa\x00',"""Va=222.4V, Vb=215.5V, Vc=222.2V, T=25.0\u00b0C"""
1739436909.9152808,515,b'\x00\x00\x00\x00\x00\x00\x01\x00',"""Speed=0rpm, Target=0rpm, Torque=0.0A"""
1739436909.9253469,513,b'\x07\x00\xa8\x00O\xff\x00\x00',"""Ia=0.7A, Ib=16.8A, Ic=-17.7A"""
1739436909.9253469,514,b'\xbd\x08\x9e\x08o\x08\xfa\x00',"""Va=223.7V, Vb=220.6V, Vc=215.9V, T=25.0\u00b0C"""
1739436909.9253469,515,b'\x00\x00\x00\x00\x07\x00\x01\x00',"""Speed=0rpm, Target=0rpm, Torque=0.7A"""
1739436909.9362342,513,b'\xf9\xff\xb7\x00W\xff\x00\x00',"""Ia=-0.7A, Ib=18.3A, Ic=-16.9A"""
1739436909.9362342,514,b'\x8a\x08\xb8\x08k\x08\xfa\x00',"""Va=218.6V, Vb=223.2V, Vc=215.5V, T=25.0\u00b0C"""
1739436909.9362342,515,b'\x00\x00\x00\x00\x07\x00\x01\x00',"""Speed=0rpm, Target=0rpm, Torque=0.7A"""
1739436909.9468837,513,b'\x01\x00\xa9\x00N\xff\x00\x00',"""Ia=0.1A, Ib=16.9A, Ic=-17.8A"""
1739436909.9468837,514,b'\x9c\x08i\x08\x87\x08\xfa\x00',"""Va=220.4V, Vb=215.3V, Vc=218.3V, T=25.0\u00b0C"""
1739436909.9468837,515,b'\x00\x00\x00\x00\x01\x00\x01\x00',"""Speed=0rpm, Target=0rpm, Torque=0.1A"""
1739436909.957091,513,b'\xfa\xff\xb3\x00M\xff\x00\x00',"""Ia=-0.6A, Ib=17.9A, Ic=-17.9A"""
1739436909.957091,514,b'\xb6\x08\xbc\x08\xb1\x08\xfa\x00',"""Va=223.0V, Vb=223.6V, Vc=222.5V, T=25.0\u00b0C"""
1739436909.957091,515,b'\x00\x00\x00\x00\x06\x00\x01\x00',"""Speed=0rpm, Target=0rpm, Torque=0.6A"""
1739436909.968089,513,b'\xfb\xff\xb3\x00K\xff\x00\x00',"""Ia=-0.5A, Ib=17.9A, Ic=-18.1A"""
1739436909.968089,514,b'\x83\x08l\x08\xb9\x08\xfa\x00',"""Va=217.9V, Vb=215.6V, Vc=223.3V, T=25.0\u00b0C"""
1739436909.968089,515,b'\x00\x00\x00\x00\x05\x00\x01\x00',"""Speed=0rpm, Target=0rpm, Torque=0.5A"""
1739436909.9783092,513,b'\x00\x00\xaf\x00Y\xff\x00\x00',"""Ia=0.0A, Ib=17.5A, Ic=-16.7A"""
1739436909.9783092,514,b'\xa5\x08q\x08\xc0\x08\xfa\x00',"""Va=221.3V, Vb=216.1V, Vc=224.0V, T=25.0\u00b0C"""
1739436909.9783092,515,b'\x00\x00\x00\x00\x00\x00\x01\x00',"""Speed=0rpm, Target=0rpm, Torque=0.0A"""
1739436909.98854,513,b'\x00\x00\xb3\x00T\xff\x00\x00',"""Ia=0.0A, Ib=17.9A, Ic=-17.2A"""
1739436909.98854,514,b'\x9a\x08\x93\x08\x84\x08\xfa\x00',"""Va=220.2V, Vb=219.5V, Vc=218.0V, T=25.0\u00b0C"""
1739436909.98854,515,b'\x00\x00\x00\x00\x00\x00\x01\x00',"""Speed=0rpm, Target=0rpm, Torque=0.0A"""
1739436909.9990773,513,b'\x07\x00\xa8\x00W\xff\x00\x00',"""Ia=0.7A, Ib=16.8A, Ic=-16.9A"""
1739436909.9990773,514,b'\xa3\x08\x92\x08\x9f\x08\xfa\x00',"""Va=221.1V, Vb=219.4V, Vc=220.7V, T=25.0\u00b0C"""
1739436909.9990773,515,b'\x00\x00\x00\x00\x07\x00\x01\x00',"""Speed=0rpm, Target=0rpm, Torque=0.7A"""
1739436910.0091796,513,b'\x00\x00\xa6\x00T\xff\x00\x00',"""Ia=0.0A, Ib=16.6A, Ic=-17.2A"""
1739436910.0091796,514,b'\xc6\x08k\x08\x85\x08\xfa\x00',"""Va=224.6V, Vb=215.5V, Vc=218.1V, T=25.0\u00b0C"""
1739436910.0091796,515,b'\x00\x00\x00\x00\x00\x00\x01\x00',"""Speed=0rpm, Target=0rpm, Torque=0.0A"""
1739436910.01995,513,b'\x08\x00\xab\x00K\xff\x00\x00',"""Ia=0.8A, Ib=17.1A, Ic=-18.1A"""
1739436910.01995,514,b'\xc4\x08\x9f\x08x\x08\xfa\x00',"""Va=224.4V, Vb=220.7V, Vc=216.8V, T=25.0\u00b0C"""
1739436910.01995,515,b'\x00\x00\x00\x00\x08\x00\x01\x00',"""Speed=0rpm, Target=0rpm, Torque=0.8A"""
1739436910.0302136,513,b'\x06\x00\xa6\x00W\xff\x00\x00',"""Ia=0.6A, Ib=16.6A, Ic=-16.9A"""
1739436910.0302136,514,b'\x8f\x08v\x08\x97\x08\xfa\x00',"""Va=219.1V, Vb=216.6V, Vc=219.9V, T=25.0\u00b0C"""
1739436910.0302136,515,b'\x00\x00\x00\x00\x06\x00\x01\x00',"""Speed=0rpm, Target=0rpm, Torque=0.6A"""
1739436910.0407462,513,b'\x08\x00\xb6\x00[\xff\x00\x00',"""Ia=0.8A, Ib=18.2A, Ic=-16.5A"""
1739436910.0407462,514,b'\x87\x08\xc4\x08\xb4\x08\xfa\x00',"""Va=218.3V, Vb=224.4V, Vc=222.8V, T=25.0\u00b0C"""
1739436910.0407462,515,b'\x00\x00\x00\x00\x08\x00\x01\x00',"""Speed=0rpm, Target=0rpm, Torque=0.8A"""
1739436910.05116,513,b'\xfd\xff\xb6\x00J\xff\x00\x00',"""Ia=-0.3A, Ib=18.2A, Ic=-18.2A"""
1739436910.05116,514,b'x\x08s\x08\xb3\x08\xfa\x00',"""Va=216.8V, Vb=216.3V, Vc=222.7V, T=25.0\u00b0C"""
1739436910.05116,515,b'\x00\x00\x00\x00\x03\x00\x01\x00',"""Speed=0rpm, Target=0rpm, Torque=0.3A"""
1739436910.0613918,513,b'\xfc\xff\xae\x00S\xff\x00\x00',"""Ia=-0.4A, Ib=17.4A, Ic=-17.3A"""
1739436910.0613918,514,b'\xb0\x08x\x08\xb1\x08\xfa\x00',"""Va=222.4V, Vb=216.8V, Vc=222.5V, T=25.0\u00b0C"""
1739436910.0613918,515,b'\x00\x00\x00\x00\x04\x00\x01\x00',"""Speed=0rpm, Target=0rpm, Torque=0.4A"""
1739436910.0723925,513,b'\x04\x00\xae\x00U\xff\x00\x00',"""Ia=0.4A, Ib=17.4A, Ic=-17.1A"""
1739436910.0723925,514,b'\xaf\x08\xa2\x08\x96\x08\xfa\x00',"""Va=222.3V, Vb=221.0V, Vc=219.8V, T=25.0\u00b0C"""
1739436910.0723925,515,b'\x00\x00\x00\x00\x04\x00\x01\x00',"""Speed=0rpm, Target=0rpm, Torque=0.4A"""
1739436910.083137,513,b'\x07\x00\xa3\x00Q\xff\x00\x00',"""Ia=0.7A, Ib=16.3A, Ic=-17.5A"""
1739436910.083137,514,b'\xa2\x08\xb8\x08\xaf\x08\xfa\x00',"""Va=221.0V, Vb=223.2V, Vc=222.3V, T=25.0\u00b0C"""
1739436910.083137,515,b'\x00\x00\x00\x00\x07\x00\x01\x00',"""Speed=0rpm, Target=0rpm, Torque=0.7A"""
1739436910.093471,513,b'\xfd\xff\xb5\x00X\xff\x00\x00',"""Ia=-0.3A, Ib=18.1A, Ic=-16.8A"""
1739436910.093471,514,b'\xba\x08\x9d\x08\xae\x08\xfa\x00',"""Va=223.4V, Vb=220.5V, Vc=222.2V, T=25.0\u00b0C"""
1739436910.093471,515,b'\x00\x00\x00\x00\x03\x00\x01\x00',"""Speed=0rpm, Target=0rpm, Torque=0.3A"""
1739436910.1036198,513,b'\xf8\xff\xb4\x00\\\xff\x00\x00',"""Ia=-0.8A, Ib=18.0A, Ic=-16.4A"""
1739436910.1036198,514,b'\xb1\x08\xc5\x08\xc4\x08\xfa\x00',"""Va=222.5V, Vb=224.5V, Vc=224.4V, T=25.0\u00b0C"""
1739436910.1036198,515,b'\x00\x00\x00\x00\x08\x00\x01\x00',"""Speed=0rpm, Target=0rpm, Torque=0.8A"""
1739436910.1145413,513,b'\x02\x00\xad\x00P\xff\x00\x00',"""Ia=0.2A, Ib=17.3A, Ic=-17.6A"""
1739436910.1145413,514,b'\xb6\x08\xa9\x08\xb8\x08\xfa\x00',"""Va=223.0V, Vb=221.7V, Vc=223.2V, T=25.0\u00b0C"""
1739436910.1145413,515,b'\x00\x00\x00\x00\x02\x00\x01\x00',"""Speed=0rpm, Target=0rpm, Torque=0.2A"""
1739436910.1250467,513,b'\xfa\xff\xae\x00\\\xff\x00\x00',"""Ia=-0.6A, Ib=17.4A, Ic=-16.4A"""
1739436910.1250467,514,b'\xa6\x08\xbc\x08\xa7\x08\xfa\x00',"""Va=221.4V, Vb=223.6V, Vc=221.5V, T=25.0\u00b0C"""
1739436910.1250467,515,b'\x00\x00\x00\x00\x06\x00\x01\x00',"""Speed=0rpm, Target=0rpm, Torque=0.6A"""
1739436910.135418,513,b'\xfa\xff\xa4\x00K\xff\x00\x00',"""Ia=-0.6A, Ib=16.4A, Ic=-18.1A"""
1739436910.135418,514,b'y\x08\x7f\x08r\x08\xfa\x00',"""Va=216.9V, Vb=217.5V, Vc=216.2V, T=25.0\u00b0C"""
1739436910.135418,515,b'\x00\x00\x00\x00\x06\x00\x01\x00',"""Speed=0rpm, Target=0rpm, Torque=0.6A"""
1739436910.1458936,513,b'\x06\x00\xb6\x00P\xff\x00\x00',"""Ia=0.6A, Ib=18.2A, Ic=-17.6A"""
1739436910.1458936,514,b'\xaa\x08i\x08\x91\x08\xfa\x00',"""Va=221.8V, Vb=215.3V, Vc=219.3V, T=25.0\u00b0C"""
1739436910.1458936,515,b'\x00\x00\x00\x00\x06\x00\x01\x00',"""Speed=0rpm, Target=0rpm, Torque=0.6A"""
1739436910.1561513,513,b'\x00\x00\xa3\x00K\xff\x00\x00',"""Ia=0.0A, Ib=16.3A, Ic=-18.1A"""
1739436910.1561513,514,b'\xc2\x08\x8a\x08f\x08\xfa\x00',"""Va=224.2V, Vb=218.6V, Vc=215.0V, T=25.0\u00b0C"""
1739436910.1561513,515,b'\x00\x00\x00\x00\x00\x00\x01\x00',"""Speed=0rpm, Target=0rpm, Torque=0.0A"""
1739436910.1665502,513,b'\x00\x00\xb4\x00P\xff\x00\x00',"""Ia=0.0A, Ib=18.0A, Ic=-17.6A"""
1739436910.1665502,514,b'\xa1\x08\x9e\x08\x9e\x08\xfa\x00',"""Va=220.9V, Vb=220.6V, Vc=220.6V, T=25.0\u00b0C"""
1739436910.1665502,515,b'\x00\x00\x00\x00\x00\x00\x01\x00',"""Speed=0rpm, Target=0rpm, Torque=0.0A"""
1739436910.419075,513,b'\x06\x00\xa8\x00W\xff\x00\x00',"""Ia=0.6A, Ib=16.8A, Ic=-16.9A"""
1739436910.419075,514,b'\x95\x08\xc2\x08\xb9\x08\xfa\x00',"""Va=219.7V, Vb=224.2V, Vc=223.3V, T=25.0\u00b0C"""
1739436910.4293942,513,b'\xf9\xff\xb7\x00Y\xff\x00\x00',"""Ia=-0.7A, Ib=18.3A, Ic=-16.7A"""
1739436910.4293942,514,b'\xbb\x08y\x08w\x08\xfa\x00',"""Va=223.5V, Vb=216.9V, Vc=216.7V, T=25.0\u00b0C"""
1739436910.4293942,515,b'\x00\x00\x00\x00\x07\x00\x01\x00',"""Speed=0rpm, Target=0rpm, Torque=0.7A"""
1739436910.4396417,513,b'\x01\x00\xb4\x00M\xff\x00\x00',"""Ia=0.1A, Ib=18.0A, Ic=-17.9A"""
1739436910.419075,515,b'\x00\x00\x00\x00\x06\x00\x01\x00',"""Speed=0rpm, Target=0rpm, Torque=0.6A"""
1739436910.4396417,514,b'o\x08\x82\x08\x92\x08\xfa\x00',"""Va=215.9V, Vb=217.8V, Vc=219.4V, T=25.0\u00b0C"""
1739436910.4497812,513,b'\x01\x00\xb2\x00K\xff\x00\x00',"""Ia=0.1A, Ib=17.8A, Ic=-18.1A"""
1739436910.4497907,514,b'\xb1\x08\xa9\x08\xc1\x08\xfa\x00',"""Va=222.5V, Vb=221.7V, Vc=224.1V, T=25.0\u00b0C"""
1739436910.4497907,515,b'\x00\x00\x00\x00\x01\x00\x01\x00',"""Speed=0rpm, Target=0rpm, Torque=0.1A"""
1739436910.4601958,513,b'\xf9\xff\xaa\x00K\xff\x00\x00',"""Ia=-0.7A, Ib=17.0A, Ic=-18.1A"""
1739436910.4601958,514,b't\x08\xaf\x08\xbf\x08\xfa\x00',"""Va=216.4V, Vb=222.3V, Vc=223.9V, T=25.0\u00b0C"""
1739436910.4601958,515,b'\x00\x00\x00\x00\x07\x00\x01\x00',"""Speed=0rpm, Target=0rpm, Torque=0.7A"""
1739436910.4705472,513,b'\x07\x00\xa6\x00X\xff\x00\x00',"""Ia=0.7A, Ib=16.6A, Ic=-16.8A"""
1739436910.4705472,514,b'\xa2\x08\xa6\x08s\x08\xfa\x00',"""Va=221.0V, Vb=221.4V, Vc=216.3V, T=25.0\u00b0C"""
1739436910.4396417,515,b'\x00\x00\x00\x00\x01\x00\x01\x00',"""Speed=0rpm, Target=0rpm, Torque=0.1A"""
1739436910.4808717,513,b'\xfc\xff\xb2\x00\\\xff\x00\x00',"""Ia=-0.4A, Ib=17.8A, Ic=-16.4A"""
1739436910.4809017,514,b'\xb9\x08x\x08\xc2\x08\xfa\x00',"""Va=223.3V, Vb=216.8V, Vc=224.2V, T=25.0\u00b0C"""
1739436910.4809017,515,b'\x00\x00\x00\x00\x04\x00\x01\x00',"""Speed=0rpm, Target=0rpm, Torque=0.4A"""
1739436910.4912996,513,b'\xf7\xff\xb3\x00V\xff\x00\x00',"""Ia=-0.9A, Ib=17.9A, Ic=-17.0A"""
1739436910.4705472,515,b'\x00\x00\x00\x00\x07\x00\x01\x00',"""Speed=0rpm, Target=0rpm, Torque=0.7A"""
1739436910.4912996,514,b'\x8f\x08\xb3\x08\xa4\x08\xfa\x00',"""Va=219.1V, Vb=222.7V, Vc=221.2V, T=25.0\u00b0C"""
1739436910.5020304,513,b'\xfe\xff\xa6\x00N\xff\x00\x00',"""Ia=-0.2A, Ib=16.6A, Ic=-17.8A"""
1739436910.4912996,515,b'\x00\x00\x00\x00\t\x00\x01\x00',"""Speed=0rpm, Target=0rpm, Torque=0.9A"""
1739436910.5020304,515,b'\x00\x00\x00\x00\x02\x00\x01\x00',"""Speed=0rpm, Target=0rpm, Torque=0.2A"""
1739436910.5121093,513,b'\x06\x00\xb3\x00Q\xff\x00\x00',"""Ia=0.6A, Ib=17.9A, Ic=-17.5A"""
1739436910.5121093,514,b'\x80\x08|\x08\xb6\x08\xfa\x00',"""Va=217.6V, Vb=217.2V, Vc=223.0V, T=25.0\u00b0C"""
1739436910.5121093,515,b'\x00\x00\x00\x00\x06\x00\x01\x00',"""Speed=0rpm, Target=0rpm, Torque=0.6A"""
1739436910.5222015,513,b'\xfc\xff\xb6\x00W\xff\x00\x00',"""Ia=-0.4A, Ib=18.2A, Ic=-16.9A"""
1739436910.5222015,514,b's\x08\x93\x08l\x08\xfa\x00',"""Va=216.3V, Vb=219.5V, Vc=215.6V, T=25.0\u00b0C"""
1739436910.5222015,515,b'\x00\x00\x00\x00\x04\x00\x01\x00',"""Speed=0rpm, Target=0rpm, Torque=0.4A"""
1739436910.5324361,513,b'\t\x00\xae\x00K\xff\x00\x00',"""Ia=0.9A, Ib=17.4A, Ic=-18.1A"""
1739436910.5020304,514,b'\xc5\x08|\x08\x89\x08\xfa\x00',"""Va=224.5V, Vb=217.2V, Vc=218.5V, T=25.0\u00b0C"""
1739436910.5324361,514,b'\xb6\x08\xab\x08\x9b\x08\xfa\x00',"""Va=223.0V, Vb=221.9V, Vc=220.3V, T=25.0\u00b0C"""
1739436910.5425107,513,b'\x03\x00\xae\x00K\xff\x00\x00',"""Ia=0.3A, Ib=17.4A, Ic=-18.1A"""
1739436910.5425594,514,b'\xa3\x08\x98\x08\xbd\x08\xfa\x00',"""Va=221.1V, Vb=220.0V, Vc=223.7V, T=25.0\u00b0C"""
1739436910.5425594,515,b'\x00\x00\x00\x00\x03\x00\x01\x00',"""Speed=0rpm, Target=0rpm, Torque=0.3A"""
1739436910.5324361,515,b'\x00\x00\x00\x00\t\x00\x01\x00',"""Speed=0rpm, Target=0rpm, Torque=0.9A"""
1739436910.5530357,513,b'\xff\xff\xb4\x00J\xff\x00\x00',"""Ia=-0.1A, Ib=18.0A, Ic=-18.2A"""
1739436910.5530357,514,b'\xbb\x08\x98\x08l\x08\xfa\x00',"""Va=223.5V, Vb=220.0V, Vc=215.6V, T=25.0\u00b0C"""
1739436910.5530357,515,b'\x00\x00\x00\x00\x01\x00\x01\x00',"""Speed=0rpm, Target=0rpm, Torque=0.1A"""
1739436910.5636766,513,b'\x08\x00\xa5\x00Q\xff\x00\x00',"""Ia=0.8A, Ib=16.5A, Ic=-17.5A"""
1739436910.5636766,515,b'\x00\x00\x00\x00\x08\x00\x01\x00',"""Speed=0rpm, Target=0rpm, Torque=0.8A"""
1739436910.5737631,513,b'\xfd\xff\xb2\x00L\xff\x00\x00',"""Ia=-0.3A, Ib=17.8A, Ic=-18.0A"""
1739436910.5738122,514,b'\xa0\x08\x96\x08w\x08\xfa\x00',"""Va=220.8V, Vb=219.8V, Vc=216.7V, T=25.0\u00b0C"""
1739436910.5738122,515,b'\x00\x00\x00\x00\x03\x00\x01\x00',"""Speed=0rpm, Target=0rpm, Torque=0.3A"""
1739436910.5636766,514,b'\xb5\x08\xae\x08\xaa\x08\xfa\x00',"""Va=222.9V, Vb=222.2V, Vc=221.8V, T=25.0\u00b0C"""
1739436910.5847485,513,b'\xfe\xff\xa5\x00Y\xff\x00\x00',"""Ia=-0.2A, Ib=16.5A, Ic=-16.7A"""
1739436910.5847485,515,b'\x00\x00\x00\x00\x02\x00\x01\x00',"""Speed=0rpm, Target=0rpm, Torque=0.2A"""
1739436910.5949948,513,b'\xf8\xff\xab\x00J\xff\x00\x00',"""Ia=-0.8A, Ib=17.1A, Ic=-18.2A"""
1739436910.5949948,514,b'h\x08\x93\x08\xc9\x08\xfa\x00',"""Va=215.2V, Vb=219.5V, Vc=224.9V, T=25.0\u00b0C"""
1739436910.5949948,515,b'\x00\x00\x00\x00\x08\x00\x01\x00',"""Speed=0rpm, Target=0rpm, Torque=0.8A"""
1739436910.605127,513,b'\xf9\xff\xb3\x00M\xff\x00\x00',"""Ia=-0.7A, Ib=17.9A, Ic=-17.9A"""
1739436910.605127,514,b'\xc0\x08f\x08\xb9\x08\xfa\x00',"""Va=224.0V, Vb=215.0V, Vc=223.3V, T=25.0\u00b0C"""
1739436910.605127,515,b'\x00\x00\x00\x00\x07\x00\x01\x00',"""Speed=0rpm, Target=0rpm, Torque=0.7A"""
1739436910.5847485,514,b'\xa0\x08\x89\x08\x9c\x08\xfa\x00',"""Va=220.8V, Vb=218.5V, Vc=220.4V, T=25.0\u00b0C"""
1739436910.616239,513,b'\x02\x00\xa9\x00O\xff\x00\x00',"""Ia=0.2A, Ib=16.9A, Ic=-17.7A"""
1739436910.616239,515,b'\x00\x00\x00\x00\x02\x00\x01\x00',"""Speed=0rpm, Target=0rpm, Torque=0.2A"""
1739436910.6264172,513,b'\xff\xff\xab\x00[\xff\x00\x00',"""Ia=-0.1A, Ib=17.1A, Ic=-16.5A"""
1739436910.616239,514,b'g\x08\xa9\x08\x8a\x08\xfa\x00',"""Va=215.1V, Vb=221.7V, Vc=218.6V, T=25.0\u00b0C"""
1739436910.6264172,514,b'\xb2\x08\xc0\x08\xa4\x08\xfa\x00',"""Va=222.6V, Vb=224.0V, Vc=221.2V, T=25.0\u00b0C"""
1739436910.6365154,513,b'\x00\x00\xb5\x00P\xff\x00\x00',"""Ia=0.0A, Ib=18.1A, Ic=-17.6A"""
1739436910.6365154,514,b'\xc5\x08~\x08\x98\x08\xfa\x00',"""Va=224.5V, Vb=217.4V, Vc=220.0V, T=25.0\u00b0C"""
1739436910.6365154,515,b'\x00\x00\x00\x00\x00\x00\x01\x00',"""Speed=0rpm, Target=0rpm, Torque=0.0A"""
1739436910.647505,513,b'\xfc\xff\xae\x00Q\xff\x00\x00',"""Ia=-0.4A, Ib=17.4A, Ic=-17.5A"""
1739436910.647505,514,b'\x9d\x08q\x08\xba\x08\xfa\x00',"""Va=220.5V, Vb=216.1V, Vc=223.4V, T=25.0\u00b0C"""
1739436910.647505,515,b'\x00\x00\x00\x00\x04\x00\x01\x00',"""Speed=0rpm, Target=0rpm, Torque=0.4A"""
1739436910.6581929,513,b'\xfd\xff\xab\x00J\xff\x00\x00',"""Ia=-0.3A, Ib=17.1A, Ic=-18.2A"""
1739436910.6581929,514,b'k\x08\xc0\x08\xb1\x08\xfa\x00',"""Va=215.5V, Vb=224.0V, Vc=222.5V, T=25.0\u00b0C"""
1739436910.6581929,515,b'\x00\x00\x00\x00\x03\x00\x01\x00',"""Speed=0rpm, Target=0rpm, Torque=0.3A"""
1739436910.6683018,513,b'\x04\x00\xab\x00K\xff\x00\x00',"""Ia=0.4A, Ib=17.1A, Ic=-18.1A"""
1739436910.6683018,514,b'\xa9\x08\x7f\x08\x8b\x08\xfa\x00',"""Va=221.7V, Vb=217.5V, Vc=218.7V, T=25.0\u00b0C"""
1739436910.6683018,515,b'\x00\x00\x00\x00\x04\x00\x01\x00',"""Speed=0rpm, Target=0rpm, Torque=0.4A"""
1739436910.6784933,513,b'\x01\x00\xa3\x00T\xff\x00\x00',"""Ia=0.1A, Ib=16.3A, Ic=-17.2A"""
1739436910.6784933,514,b'z\x08\xb3\x08\x96\x08\xfa\x00',"""Va=217.0V, Vb=222.7V, Vc=219.8V, T=25.0\u00b0C"""
1739436910.6784933,515,b'\x00\x00\x00\x00\x01\x00\x01\x00',"""Speed=0rpm, Target=0rpm, Torque=0.1A"""
1739436910.6886554,513,b'\xf8\xff\xae\x00Z\xff\x00\x00',"""Ia=-0.8A, Ib=17.4A, Ic=-16.6A"""
1739436910.6264172,515,b'\x00\x00\x00\x00\x01\x00\x01\x00',"""Speed=0rpm, Target=0rpm, Torque=0.1A"""
1739436910.6886554,514,b'\xb2\x08\x94\x08\xa6\x08\xfa\x00',"""Va=222.6V, Vb=219.6V, Vc=221.4V, T=25.0\u00b0C"""
1739436910.69893,513,b'\x05\x00\xb5\x00R\xff\x00\x00',"""Ia=0.5A, Ib=18.1A, Ic=-17.4A"""
1739436910.69893,514,b'\x8a\x08\xba\x08\xa6\x08\xfa\x00',"""Va=218.6V, Vb=223.4V, Vc=221.4V, T=25.0\u00b0C"""
1739436910.69893,515,b'\x00\x00\x00\x00\x05\x00\x01\x00',"""Speed=0rpm, Target=0rpm, Torque=0.5A"""
1739436910.70991,513,b'\t\x00\xab\x00]\xff\x00\x00',"""Ia=0.9A, Ib=17.1A, Ic=-16.3A"""
1739436910.70991,514,b'\x97\x08\x8d\x08\xb5\x08\xfa\x00',"""Va=219.9V, Vb=218.9V, Vc=222.9V, T=25.0\u00b0C"""
1739436910.70991,515,b'\x00\x00\x00\x00\t\x00\x01\x00',"""Speed=0rpm, Target=0rpm, Torque=0.9A"""
1739436910.7207787,513,b'\xfa\xff\xa7\x00P\xff\x00\x00',"""Ia=-0.6A, Ib=16.7A, Ic=-17.6A"""
1739436910.7207787,514,b'm\x08v\x08\x81\x08\xfa\x00',"""Va=215.7V, Vb=216.6V, Vc=217.7V, T=25.0\u00b0C"""
1739436910.7207787,515,b'\x00\x00\x00\x00\x06\x00\x01\x00',"""Speed=0rpm, Target=0rpm, Torque=0.6A"""
1739436910.7315698,513,b'\xfb\xff\xb4\x00\\\xff\x00\x00',"""Ia=-0.5A, Ib=18.0A, Ic=-16.4A"""
1739436910.7315698,514,b'\x8d\x08\xb5\x08q\x08\xfa\x00',"""Va=218.9V, Vb=222.9V, Vc=216.1V, T=25.0\u00b0C"""
1739436910.7315698,515,b'\x00\x00\x00\x00\x05\x00\x01\x00',"""Speed=0rpm, Target=0rpm, Torque=0.5A"""
1739436910.741825,513,b'\x03\x00\xa8\x00L\xff\x00\x00',"""Ia=0.3A, Ib=16.8A, Ic=-18.0A"""
1739436910.741825,514,b'i\x08\x8a\x08\xbe\x08\xfa\x00',"""Va=215.3V, Vb=218.6V, Vc=223.8V, T=25.0\u00b0C"""
1739436910.741825,515,b'\x00\x00\x00\x00\x03\x00\x01\x00',"""Speed=0rpm, Target=0rpm, Torque=0.3A"""
1739436910.7520332,513,b'\x05\x00\xae\x00P\xff\x00\x00',"""Ia=0.5A, Ib=17.4A, Ic=-17.6A"""
1739436910.7520332,514,b'\x82\x08\x9d\x08\x96\x08\xfa\x00',"""Va=217.8V, Vb=220.5V, Vc=219.8V, T=25.0\u00b0C"""
1739436910.7520332,515,b'\x00\x00\x00\x00\x05\x00\x01\x00',"""Speed=0rpm, Target=0rpm, Torque=0.5A"""
1739436910.7622712,513,b'\x07\x00\xac\x00Y\xff\x00\x00',"""Ia=0.7A, Ib=17.2A, Ic=-16.7A"""
1739436910.7622712,514,b'\xb6\x08\x86\x08\x83\x08\xfa\x00',"""Va=223.0V, Vb=218.2V, Vc=217.9V, T=25.0\u00b0C"""
1739436910.7622712,515,b'\x00\x00\x00\x00\x07\x00\x01\x00',"""Speed=0rpm, Target=0rpm, Torque=0.7A"""
1739436910.7723804,513,b'\x06\x00\xa4\x00R\xff\x00\x00',"""Ia=0.6A, Ib=16.4A, Ic=-17.4A"""
1739436910.7723804,514,b'\xbb\x08\xae\x08x\x08\xfa\x00',"""Va=223.5V, Vb=222.2V, Vc=216.8V, T=25.0\u00b0C"""
1739436910.7723804,515,b'\x00\x00\x00\x00\x06\x00\x01\x00',"""Speed=0rpm, Target=0rpm, Torque=0.6A"""
1739436910.7830617,513,b'\xfc\xff\xb6\x00O\xff\x00\x00',"""Ia=-0.4A, Ib=18.2A, Ic=-17.7A"""
1739436910.6886554,515,b'\x00\x00\x00\x00\x08\x00\x01\x00',"""Speed=0rpm, Target=0rpm, Torque=0.8A"""
1739436910.7830617,514,b'\xb6\x08|\x08\xb3\x08\xfa\x00',"""Va=223.0V, Vb=217.2V, Vc=222.7V, T=25.0\u00b0C"""
1739436910.793563,513,b'\x01\x00\xaf\x00Y\xff\x00\x00',"""Ia=0.1A, Ib=17.5A, Ic=-16.7A"""
1739436910.793563,514,b'\xac\x08\xb1\x08\xc4\x08\xfa\x00',"""Va=222.0V, Vb=222.5V, Vc=224.4V, T=25.0\u00b0C"""
1739436910.793563,515,b'\x00\x00\x00\x00\x01\x00\x01\x00',"""Speed=0rpm, Target=0rpm, Torque=0.1A"""
1739436910.8036938,513,b'\x02\x00\xb0\x00V\xff\x00\x00',"""Ia=0.2A, Ib=17.6A, Ic=-17.0A"""
1739436910.8036938,514,b'\xc7\x08\xba\x08j\x08\xfa\x00',"""Va=224.7V, Vb=223.4V, Vc=215.4V, T=25.0\u00b0C"""
1739436910.8036938,515,b'\x00\x00\x00\x00\x02\x00\x01\x00',"""Speed=0rpm, Target=0rpm, Torque=0.2A"""
1739436910.814451,513,b'\x01\x00\xac\x00J\xff\x00\x00',"""Ia=0.1A, Ib=17.2A, Ic=-18.2A"""
1739436910.814451,514,b'\xb8\x08\xb1\x08x\x08\xfa\x00',"""Va=223.2V, Vb=222.5V, Vc=216.8V, T=25.0\u00b0C"""
1739436910.814451,515,b'\x00\x00\x00\x00\x01\x00\x01\x00',"""Speed=0rpm, Target=0rpm, Torque=0.1A"""
1739436910.8251777,513,b'\xf8\xff\xac\x00K\xff\x00\x00',"""Ia=-0.8A, Ib=17.2A, Ic=-18.1A"""
1739436910.8251777,514,b'\xa8\x08\x8a\x08\xc1\x08\xfa\x00',"""Va=221.6V, Vb=218.6V, Vc=224.1V, T=25.0\u00b0C"""
1739436910.8251777,515,b'\x00\x00\x00\x00\x08\x00\x01\x00',"""Speed=0rpm, Target=0rpm, Torque=0.8A"""
1739436910.8353999,513,b'\xf8\xff\xa7\x00\\\xff\x00\x00',"""Ia=-0.8A, Ib=16.7A, Ic=-16.4A"""
1739436910.8353999,514,b'r\x08\x95\x08\x8e\x08\xfa\x00',"""Va=216.2V, Vb=219.7V, Vc=219.0V, T=25.0\u00b0C"""
1739436910.8353999,515,b'\x00\x00\x00\x00\x08\x00\x01\x00',"""Speed=0rpm, Target=0rpm, Torque=0.8A"""
1739436910.8460248,513,b'\x00\x00\xa8\x00P\xff\x00\x00',"""Ia=0.0A, Ib=16.8A, Ic=-17.6A"""
1739436910.8460248,514,b'\x99\x08\x81\x08\xb7\x08\xfa\x00',"""Va=220.1V, Vb=217.7V, Vc=223.1V, T=25.0\u00b0C"""
1739436910.7830617,515,b'\x00\x00\x00\x00\x04\x00\x01\x00',"""Speed=0rpm, Target=0rpm, Torque=0.4A"""
1739436910.8460248,515,b'\x00\x00\x00\x00\x00\x00\x01\x00',"""Speed=0rpm, Target=0rpm, Torque=0.0A"""
1739436910.8564575,513,b'\xf8\xff\xa7\x00W\xff\x00\x00',"""Ia=-0.8A, Ib=16.7A, Ic=-16.9A"""
1739436910.8564575,514,b'\x9d\x08\xac\x08p\x08\xfa\x00',"""Va=220.5V, Vb=222.0V, Vc=216.0V, T=25.0\u00b0C"""
1739436910.8564575,515,b'\x00\x00\x00\x00\x08\x00\x01\x00',"""Speed=0rpm, Target=0rpm, Torque=0.8A"""
1739436910.8668404,513,b'\x08\x00\xb0\x00Q\xff\x00\x00',"""Ia=0.8A, Ib=17.6A, Ic=-17.5A"""
1739436910.8668404,514,b'p\x08\xc2\x08}\x08\xfa\x00',"""Va=216.0V, Vb=224.2V, Vc=217.3V, T=25.0\u00b0C"""
1739436910.877311,513,b'\x05\x00\xab\x00U\xff\x00\x00',"""Ia=0.5A, Ib=17.1A, Ic=-17.1A"""
1739436910.877311,514,b'\x88\x08\x90\x08\x90\x08\xfa\x00',"""Va=218.4V, Vb=219.2V, Vc=219.2V, T=25.0\u00b0C"""
1739436910.877311,515,b'\x00\x00\x00\x00\x05\x00\x01\x00',"""Speed=0rpm, Target=0rpm, Torque=0.5A"""
1739436910.8873737,513,b'\x03\x00\xa8\x00R\xff\x00\x00',"""Ia=0.3A, Ib=16.8A, Ic=-17.4A"""
1739436910.8668404,515,b'\x00\x00\x00\x00\x08\x00\x01\x00',"""Speed=0rpm, Target=0rpm, Torque=0.8A"""
1739436910.8873737,514,b'\x9a\x08\x8f\x08r\x08\xfa\x00',"""Va=220.2V, Vb=219.1V, Vc=216.2V, T=25.0\u00b0C"""
1739436910.8873737,515,b'\x00\x00\x00\x00\x03\x00\x01\x00',"""Speed=0rpm, Target=0rpm, Torque=0.3A"""
1739436910.897711,513,b'\xfe\xff\xab\x00Q\xff\x00\x00',"""Ia=-0.2A, Ib=17.1A, Ic=-17.5A"""
1739436910.897711,515,b'\x00\x00\x00\x00\x02\x00\x01\x00',"""Speed=0rpm, Target=0rpm, Torque=0.2A"""
1739436910.908022,513,b'\x08\x00\xb3\x00]\xff\x00\x00',"""Ia=0.8A, Ib=17.9A, Ic=-16.3A"""
1739436910.908022,514,b'u\x08\xc0\x08\xa3\x08\xfa\x00',"""Va=216.5V, Vb=224.0V, Vc=221.1V, T=25.0\u00b0C"""
1739436910.908022,515,b'\x00\x00\x00\x00\x08\x00\x01\x00',"""Speed=0rpm, Target=0rpm, Torque=0.8A"""
1739436910.9181054,513,b'\xfd\xff\xad\x00\\\xff\x00\x00',"""Ia=-0.3A, Ib=17.3A, Ic=-16.4A"""
1739436910.897711,514,b'\xc4\x08\xc7\x08\xb1\x08\xfa\x00',"""Va=224.4V, Vb=224.7V, Vc=222.5V, T=25.0\u00b0C"""
1739436910.9181054,515,b'\x00\x00\x00\x00\x03\x00\x01\x00',"""Speed=0rpm, Target=0rpm, Torque=0.3A"""
1739436910.9281955,513,b'\x05\x00\xaf\x00N\xff\x00\x00',"""Ia=0.5A, Ib=17.5A, Ic=-17.8A"""
1739436910.9181054,514,b'\xa0\x08\xa2\x08\x9b\x08\xfa\x00',"""Va=220.8V, Vb=221.0V, Vc=220.3V, T=25.0\u00b0C"""
1739436910.9281955,514,b'\xa5\x08m\x08\x89\x08\xfa\x00',"""Va=221.3V, Vb=215.7V, Vc=218.5V, T=25.0\u00b0C"""
1739436910.938442,513,b'\x02\x00\xab\x00T\xff\x00\x00',"""Ia=0.2A, Ib=17.1A, Ic=-17.2A"""
1739436910.938442,514,b'\x87\x08\xb1\x08\x8b\x08\xfa\x00',"""Va=218.3V, Vb=222.5V, Vc=218.7V, T=25.0\u00b0C"""
1739436910.9281955,515,b'\x00\x00\x00\x00\x05\x00\x01\x00',"""Speed=0rpm, Target=0rpm, Torque=0.5A"""
1739436910.938442,515,b'\x00\x00\x00\x00\x02\x00\x01\x00',"""Speed=0rpm, Target=0rpm, Torque=0.2A"""
1739436910.9484892,514,b'r\x08q\x08\x94\x08\xfa\x00',"""Va=216.2V, Vb=216.1V, Vc=219.6V, T=25.0\u00b0C"""
1739436910.948536,515,b'\x00\x00\x00\x00\t\x00\x01\x00',"""Speed=0rpm, Target=0rpm, Torque=0.9A"""
1739436910.9586463,513,b'\x08\x00\xb2\x00]\xff\x00\x00',"""Ia=0.8A, Ib=17.8A, Ic=-16.3A"""
1739436910.9484892,513,b'\t\x00\xb3\x00N\xff\x00\x00',"""Ia=0.9A, Ib=17.9A, Ic=-17.8A"""
1739436910.9586463,514,b'\xb3\x08\x8c\x08\xc3\x08\xfa\x00',"""Va=222.7V, Vb=218.8V, Vc=224.3V, T=25.0\u00b0C"""
1739436910.96874,513,b'\xfa\xff\xb2\x00\\\xff\x00\x00',"""Ia=-0.6A, Ib=17.8A, Ic=-16.4A"""
1739436910.9586463,515,b'\x00\x00\x00\x00\x08\x00\x01\x00',"""Speed=0rpm, Target=0rpm, Torque=0.8A"""
1739436910.96874,514,b'\xc5\x08\xab\x08\xc2\x08\xfa\x00',"""Va=224.5V, Vb=221.9V, Vc=224.2V, T=25.0\u00b0C"""
1739436910.979335,513,b'\xf9\xff\xac\x00Y\xff\x00\x00',"""Ia=-0.7A, Ib=17.2A, Ic=-16.7A"""
1739436910.979335,514,b'\x9b\x08\xa8\x08\xc6\x08\xfa\x00',"""Va=220.3V, Vb=221.6V, Vc=224.6V, T=25.0\u00b0C"""
1739436910.979335,515,b'\x00\x00\x00\x00\x07\x00\x01\x00',"""Speed=0rpm, Target=0rpm, Torque=0.7A"""
1739436910.9894626,513,b'\xf7\xff\xb6\x00X\xff\x00\x00',"""Ia=-0.9A, Ib=18.2A, Ic=-16.8A"""
1739436910.96874,515,b'\x00\x00\x00\x00\x06\x00\x01\x00',"""Speed=0rpm, Target=0rpm, Torque=0.6A"""
1739436910.9894626,514,b'\xa0\x08\x8c\x08\xad\x08\xfa\x00',"""Va=220.8V, Vb=218.8V, Vc=222.1V, T=25.0\u00b0C"""
1739436910.9894626,515,b'\x00\x00\x00\x00\t\x00\x01\x00',"""Speed=0rpm, Target=0rpm, Torque=0.9A"""
1739436911.0000784,513,b'\x00\x00\xab\x00X\xff\x00\x00',"""Ia=0.0A, Ib=17.1A, Ic=-16.8A"""
1739436911.0000784,514,b'\xa3\x08\x9a\x08\xb5\x08\xfa\x00',"""Va=221.1V, Vb=220.2V, Vc=222.9V, T=25.0\u00b0C"""
1739436911.0000784,515,b'\x00\x00\x00\x00\x00\x00\x01\x00',"""Speed=0rpm, Target=0rpm, Torque=0.0A"""
1739436911.010149,513,b'\xff\xff\xa8\x00U\xff\x00\x00',"""Ia=-0.1A, Ib=16.8A, Ic=-17.1A"""
1739436911.0101902,514,b'\xc0\x08\x97\x08{\x08\xfa\x00',"""Va=224.0V, Vb=219.9V, Vc=217.1V, T=25.0\u00b0C"""
1739436911.0101902,515,b'\x00\x00\x00\x00\x01\x00\x01\x00',"""Speed=0rpm, Target=0rpm, Torque=0.1A"""
1739436911.0202699,513,b'\x00\x00\xa7\x00S\xff\x00\x00',"""Ia=0.0A, Ib=16.7A, Ic=-17.3A"""
1739436911.0202699,514,b'\x9f\x08\xa6\x08\xc6\x08\xfa\x00',"""Va=220.7V, Vb=221.4V, Vc=224.6V, T=25.0\u00b0C"""
1739436911.0202699,515,b'\x00\x00\x00\x00\x00\x00\x01\x00',"""Speed=0rpm, Target=0rpm, Torque=0.0A"""
1739436911.0307302,513,b'\x04\x00\xad\x00K\xff\x00\x00',"""Ia=0.4A, Ib=17.3A, Ic=-18.1A"""
1739436911.0307302,514,b'\x90\x08\x87\x08\x97\x08\xfa\x00',"""Va=219.2V, Vb=218.3V, Vc=219.9V, T=25.0\u00b0C"""
1739436911.0307302,515,b'\x00\x00\x00\x00\x04\x00\x01\x00',"""Speed=0rpm, Target=0rpm, Torque=0.4A"""
1739436911.0410764,513,b'\xf8\xff\xb6\x00M\xff\x00\x00',"""Ia=-0.8A, Ib=18.2A, Ic=-17.9A"""
1739436911.0410764,514,b'\xb4\x08\x9c\x08o\x08\xfa\x00',"""Va=222.8V, Vb=220.4V, Vc=215.9V, T=25.0\u00b0C"""
1739436911.0411563,515,b'\x00\x00\x00\x00\x08\x00\x01\x00',"""Speed=0rpm, Target=0rpm, Torque=0.8A"""
1739436911.0516486,513,b'\x04\x00\xaa\x00[\xff\x00\x00',"""Ia=0.4A, Ib=17.0A, Ic=-16.5A"""
1739436911.0516486,514,b'\xb7\x08w\x08\x87\x08\xfa\x00',"""Va=223.1V, Vb=216.7V, Vc=218.3V, T=25.0\u00b0C"""
1739436911.0516486,515,b'\x00\x00\x00\x00\x04\x00\x01\x00',"""Speed=0rpm, Target=0rpm, Torque=0.4A"""
1739436911.062265,513,b'\x00\x00\xa4\x00Q\xff\x00\x00',"""Ia=0.0A, Ib=16.4A, Ic=-17.5A"""
1739436911.062265,514,b'\xbc\x08p\x08\x99\x08\xfa\x00',"""Va=223.6V, Vb=216.0V, Vc=220.1V, T=25.0\u00b0C"""
1739436911.062265,515,b'\x00\x00\x00\x00\x00\x00\x01\x00',"""Speed=0rpm, Target=0rpm, Torque=0.0A"""
1739436911.0725477,513,b'\x03\x00\xad\x00W\xff\x00\x00',"""Ia=0.3A, Ib=17.3A, Ic=-16.9A"""
1739436911.0725477,514,b'\x9d\x08f\x08\x95\x08\xfa\x00',"""Va=220.5V, Vb=215.0V, Vc=219.7V, T=25.0\u00b0C"""
1739436911.0725477,515,b'\x00\x00\x00\x00\x03\x00\x01\x00',"""Speed=0rpm, Target=0rpm, Torque=0.3A"""
1739436911.0826566,513,b'\x00\x00\xa7\x00S\xff\x00\x00',"""Ia=0.0A, Ib=16.7A, Ic=-17.3A"""
1739436911.0826566,514,b'\xa9\x08\x87\x08\xba\x08\xfa\x00',"""Va=221.7V, Vb=218.3V, Vc=223.4V, T=25.0\u00b0C"""
1739436911.0826566,515,b'\x00\x00\x00\x00\x00\x00\x01\x00',"""Speed=0rpm, Target=0rpm, Torque=0.0A"""
1739436911.0927355,513,b'\xff\xff\xae\x00[\xff\x00\x00',"""Ia=-0.1A, Ib=17.4A, Ic=-16.5A"""
1739436911.0927355,514,b'\x81\x08j\x08m\x08\xfa\x00',"""Va=217.7V, Vb=215.4V, Vc=215.7V, T=25.0\u00b0C"""
1739436911.0927355,515,b'\x00\x00\x00\x00\x01\x00\x01\x00',"""Speed=0rpm, Target=0rpm, Torque=0.1A"""
1739436911.1027973,513,b'\xfc\xff\xb5\x00[\xff\x00\x00',"""Ia=-0.4A, Ib=18.1A, Ic=-16.5A"""
1739436911.1027973,514,b'u\x08\xb1\x08o\x08\xfa\x00',"""Va=216.5V, Vb=222.5V, Vc=215.9V, T=25.0\u00b0C"""
1739436911.1027973,515,b'\x00\x00\x00\x00\x04\x00\x01\x00',"""Speed=0rpm, Target=0rpm, Torque=0.4A"""
1739436911.1129704,513,b'\x05\x00\xa8\x00L\xff\x00\x00',"""Ia=0.5A, Ib=16.8A, Ic=-18.0A"""
1739436911.1129704,514,b'\xb7\x08k\x08\xc9\x08\xfa\x00',"""Va=223.1V, Vb=215.5V, Vc=224.9V, T=25.0\u00b0C"""
1739436911.1129704,515,b'\x00\x00\x00\x00\x05\x00\x01\x00',"""Speed=0rpm, Target=0rpm, Torque=0.5A"""
1739436911.1230686,513,b'\x00\x00\xae\x00N\xff\x00\x00',"""Ia=0.0A, Ib=17.4A, Ic=-17.8A"""
1739436911.1230817,514,b'\xae\x08\x95\x08\xc1\x08\xfa\x00',"""Va=222.2V, Vb=219.7V, Vc=224.1V, T=25.0\u00b0C"""
1739436911.1230817,515,b'\x00\x00\x00\x00\x00\x00\x01\x00',"""Speed=0rpm, Target=0rpm, Torque=0.0A"""
1739436911.1336367,513,b'\xff\xff\xb5\x00\\\xff\x00\x00',"""Ia=-0.1A, Ib=18.1A, Ic=-16.4A"""
1739436911.1336367,514,b'w\x08\xa5\x08u\x08\xfa\x00',"""Va=216.7V, Vb=221.3V, Vc=216.5V, T=25.0\u00b0C"""
1739436911.1336367,515,b'\x00\x00\x00\x00\x01\x00\x01\x00',"""Speed=0rpm, Target=0rpm, Torque=0.1A"""
1739436911.1437123,513,b'\t\x00\xb1\x00N\xff\x00\x00',"""Ia=0.9A, Ib=17.7A, Ic=-17.8A"""
1739436911.1437123,514,b'|\x08u\x08\x8e\x08\xfa\x00',"""Va=217.2V, Vb=216.5V, Vc=219.0V, T=25.0\u00b0C"""
1739436911.1437123,515,b'\x00\x00\x00\x00\t\x00\x01\x00',"""Speed=0rpm, Target=0rpm, Torque=0.9A"""
1739436911.154373,513,b'\xfe\xff\xb0\x00]\xff\x00\x00',"""Ia=-0.2A, Ib=17.6A, Ic=-16.3A"""
1739436911.154373,514,b's\x08\xc0\x08z\x08\xfa\x00',"""Va=216.3V, Vb=224.0V, Vc=217.0V, T=25.0\u00b0C"""
1739436911.154373,515,b'\x00\x00\x00\x00\x02\x00\x01\x00',"""Speed=0rpm, Target=0rpm, Torque=0.2A"""
1739436911.1652539,513,b'\x00\x00\xa4\x00W\xff\x00\x00',"""Ia=0.0A, Ib=16.4A, Ic=-16.9A"""
1739436911.1652539,514,b'\xb4\x08\xa8\x08\xb3\x08\xfa\x00',"""Va=222.8V, Vb=221.6V, Vc=222.7V, T=25.0\u00b0C"""
1739436911.1652539,515,b'\x00\x00\x00\x00\x00\x00\x01\x00',"""Speed=0rpm, Target=0rpm, Torque=0.0A"""
1739436911.1758084,513,b'\xf7\xff\xa4\x00Y\xff\x00\x00',"""Ia=-0.9A, Ib=16.4A, Ic=-16.7A"""
1739436911.1758084,514,b'\xc9\x08h\x08\x8b\x08\xfa\x00',"""Va=224.9V, Vb=215.2V, Vc=218.7V, T=25.0\u00b0C"""
1739436911.1758084,515,b'\x00\x00\x00\x00\t\x00\x01\x00',"""Speed=0rpm, Target=0rpm, Torque=0.9A"""
1739436911.186316,513,b'\xff\xff\xad\x00T\xff\x00\x00',"""Ia=-0.1A, Ib=17.3A, Ic=-17.2A"""
1739436911.186316,514,b'\x82\x08q\x08\xc8\x08\xfa\x00',"""Va=217.8V, Vb=216.1V, Vc=224.8V, T=25.0\u00b0C"""
1739436911.186316,515,b'\x00\x00\x00\x00\x01\x00\x01\x00',"""Speed=0rpm, Target=0rpm, Torque=0.1A"""
1739436911.196961,513,b'\xfd\xff\xb6\x00X\xff\x00\x00',"""Ia=-0.3A, Ib=18.2A, Ic=-16.8A"""
1739436911.196961,514,b'}\x08\x8d\x08\x9c\x08\xfa\x00',"""Va=217.3V, Vb=218.9V, Vc=220.4V, T=25.0\u00b0C"""
1739436911.196961,515,b'\x00\x00\x00\x00\x03\x00\x01\x00',"""Speed=0rpm, Target=0rpm, Torque=0.3A"""
1739436911.2075574,513,b'\x00\x00\xaa\x00V\xff\x00\x00',"""Ia=0.0A, Ib=17.0A, Ic=-17.0A"""
1739436911.2075574,514,b'\x8d\x08\xbf\x08f\x08\xfa\x00',"""Va=218.9V, Vb=223.9V, Vc=215.0V, T=25.0\u00b0C"""
1739436911.2075574,515,b'\x00\x00\x00\x00\x00\x00\x01\x00',"""Speed=0rpm, Target=0rpm, Torque=0.0A"""
1739436911.218529,513,b'\x06\x00\xad\x00V\xff\x00\x00',"""Ia=0.6A, Ib=17.3A, Ic=-17.0A"""
1739436911.218529,514,b'\x8a\x08\xbf\x08\xbe\x08\xfa\x00',"""Va=218.6V, Vb=223.9V, Vc=223.8V, T=25.0\u00b0C"""
1739436911.218529,515,b'\x00\x00\x00\x00\x06\x00\x01\x00',"""Speed=0rpm, Target=0rpm, Torque=0.6A"""
1739436911.229579,513,b'\x00\x00\xb0\x00J\xff\x00\x00',"""Ia=0.0A, Ib=17.6A, Ic=-18.2A"""
1739436911.229579,514,b'q\x08u\x08\x84\x08\xfa\x00',"""Va=216.1V, Vb=216.5V, Vc=218.0V, T=25.0\u00b0C"""
1739436911.229579,515,b'\x00\x00\x00\x00\x00\x00\x01\x00',"""Speed=0rpm, Target=0rpm, Torque=0.0A"""
1739436911.24027,513,b'\xfa\xff\xad\x00Q\xff\x00\x00',"""Ia=-0.6A, Ib=17.3A, Ic=-17.5A"""
1739436911.24027,514,b'\xc3\x08g\x08\x98\x08\xfa\x00',"""Va=224.3V, Vb=215.1V, Vc=220.0V, T=25.0\u00b0C"""
1739436911.24027,515,b'\x00\x00\x00\x00\x06\x00\x01\x00',"""Speed=0rpm, Target=0rpm, Torque=0.6A"""
1739436911.2503915,513,b'\x07\x00\xa6\x00L\xff\x00\x00',"""Ia=0.7A, Ib=16.6A, Ic=-18.0A"""
1739436911.2503915,514,b'\x81\x08\xa3\x08\x91\x08\xfa\x00',"""Va=217.7V, Vb=221.1V, Vc=219.3V, T=25.0\u00b0C"""
1739436911.2503915,515,b'\x00\x00\x00\x00\x07\x00\x01\x00',"""Speed=0rpm, Target=0rpm, Torque=0.7A"""
1739436911.2605278,513,b'\x04\x00\xa6\x00W\xff\x00\x00',"""Ia=0.4A, Ib=16.6A, Ic=-16.9A"""
1739436911.2605278,514,b'\xa4\x08y\x08\x84\x08\xfa\x00',"""Va=221.2V, Vb=216.9V, Vc=218.0V, T=25.0\u00b0C"""
1739436911.2605278,515,b'\x00\x00\x00\x00\x04\x00\x01\x00',"""Speed=0rpm, Target=0rpm, Torque=0.4A"""
1739436911.2711232,513,b'\x00\x00\xa4\x00]\xff\x00\x00',"""Ia=0.0A, Ib=16.4A, Ic=-16.3A"""
1739436911.2711232,514,b'q\x08\xb0\x08\x80\x08\xfa\x00',"""Va=216.1V, Vb=222.4V, Vc=217.6V, T=25.0\u00b0C"""
1739436911.2711232,515,b'\x00\x00\x00\x00\x00\x00\x01\x00',"""Speed=0rpm, Target=0rpm, Torque=0.0A"""
1739436911.2813487,513,b'\x06\x00\xa8\x00[\xff\x00\x00',"""Ia=0.6A, Ib=16.8A, Ic=-16.5A"""
1739436911.2813487,514,b'\xa7\x08t\x08w\x08\xfa\x00',"""Va=221.5V, Vb=216.4V, Vc=216.7V, T=25.0\u00b0C"""
1739436911.2813487,515,b'\x00\x00\x00\x00\x06\x00\x01\x00',"""Speed=0rpm, Target=0rpm, Torque=0.6A"""
1739436911.291943,513,b'\xfe\xff\xa6\x00Y\xff\x00\x00',"""Ia=-0.2A, Ib=16.6A, Ic=-16.7A"""
1739436911.291943,514,b'\xba\x08\xad\x08t\x08\xfa\x00',"""Va=223.4V, Vb=222.1V, Vc=216.4V, T=25.0\u00b0C"""
1739436911.291943,515,b'\x00\x00\x00\x00\x02\x00\x01\x00',"""Speed=0rpm, Target=0rpm, Torque=0.2A"""
1739436911.302087,513,b'\t\x00\xa3\x00W\xff\x00\x00',"""Ia=0.9A, Ib=16.3A, Ic=-16.9A"""
1739436911.302087,514,b'\xa4\x08t\x08\x8f\x08\xfa\x00',"""Va=221.2V, Vb=216.4V, Vc=219.1V, T=25.0\u00b0C"""
1739436911.302087,515,b'\x00\x00\x00\x00\t\x00\x01\x00',"""Speed=0rpm, Target=0rpm, Torque=0.9A"""
1739436911.3125424,513,b'\x00\x00\xa4\x00J\xff\x00\x00',"""Ia=0.0A, Ib=16.4A, Ic=-18.2A"""
1739436911.3125424,514,b'\xae\x08\x94\x08\x96\x08\xfa\x00',"""Va=222.2V, Vb=219.6V, Vc=219.8V, T=25.0\u00b0C"""
1739436911.3125424,515,b'\x00\x00\x00\x00\x00\x00\x01\x00',"""Speed=0rpm, Target=0rpm, Torque=0.0A"""
1739436911.3229995,513,b'\xff\xff\xac\x00[\xff\x00\x00',"""Ia=-0.1A, Ib=17.2A, Ic=-16.5A"""
1739436911.3229995,514,b'x\x08\xa0\x08\xc9\x08\xfa\x00',"""Va=216.8V, Vb=220.8V, Vc=224.9V, T=25.0\u00b0C"""
1739436911.3229995,515,b'\x00\x00\x00\x00\x01\x00\x01\x00',"""Speed=0rpm, Target=0rpm, Torque=0.1A"""
1739436911.3332293,513,b'\xff\xff\xa7\x00P\xff\x00\x00',"""Ia=-0.1A, Ib=16.7A, Ic=-17.6A"""
1739436911.3332293,514,b'q\x08\x80\x08\xc5\x08\xfa\x00',"""Va=216.1V, Vb=217.6V, Vc=224.5V, T=25.0\u00b0C"""
1739436911.3332293,515,b'\x00\x00\x00\x00\x01\x00\x01\x00',"""Speed=0rpm, Target=0rpm, Torque=0.1A"""
1739436911.3440351,513,b'\x06\x00\xa4\x00P\xff\x00\x00',"""Ia=0.6A, Ib=16.4A, Ic=-17.6A"""
1739436911.3440351,514,b'n\x08\x99\x08x\x08\xfa\x00',"""Va=215.8V, Vb=220.1V, Vc=216.8V, T=25.0\u00b0C"""
1739436911.3440351,515,b'\x00\x00\x00\x00\x06\x00\x01\x00',"""Speed=0rpm, Target=0rpm, Torque=0.6A"""
1739436911.3541532,513,b'\xfd\xff\xaf\x00O\xff\x00\x00',"""Ia=-0.3A, Ib=17.5A, Ic=-17.7A"""
1739436911.3541532,514,b'n\x08x\x08\xc7\x08\xfa\x00',"""Va=215.8V, Vb=216.8V, Vc=224.7V, T=25.0\u00b0C"""
1739436911.3541532,515,b'\x00\x00\x00\x00\x03\x00\x01\x00',"""Speed=0rpm, Target=0rpm, Torque=0.3A"""
1739436911.3650944,513,b'\xf8\xff\xaa\x00K\xff\x00\x00',"""Ia=-0.8A, Ib=17.0A, Ic=-18.1A"""
1739436911.3650944,514,b'\xc6\x08y\x08\x91\x08\xfa\x00',"""Va=224.6V, Vb=216.9V, Vc=219.3V, T=25.0\u00b0C"""
1739436911.3650944,515,b'\x00\x00\x00\x00\x08\x00\x01\x00',"""Speed=0rpm, Target=0rpm, Torque=0.8A"""
1739436911.3753195,513,b'\xfb\xff\xb2\x00N\xff\x00\x00',"""Ia=-0.5A, Ib=17.8A, Ic=-17.8A"""
1739436911.3753195,514,b'}\x08l\x08\x80\x08\xfa\x00',"""Va=217.3V, Vb=215.6V, Vc=217.6V, T=25.0\u00b0C"""
1739436911.3753195,515,b'\x00\x00\x00\x00\x05\x00\x01\x00',"""Speed=0rpm, Target=0rpm, Torque=0.5A"""
1739436911.3861914,513,b'\xf8\xff\xad\x00W\xff\x00\x00',"""Ia=-0.8A, Ib=17.3A, Ic=-16.9A"""
1739436911.3861914,514,b'\xaa\x08\xb9\x08w\x08\xfa\x00',"""Va=221.8V, Vb=223.3V, Vc=216.7V, T=25.0\u00b0C"""
1739436911.3861914,515,b'\x00\x00\x00\x00\x08\x00\x01\x00',"""Speed=0rpm, Target=0rpm, Torque=0.8A"""
1739436911.396293,513,b'\xfc\xff\xb3\x00N\xff\x00\x00',"""Ia=-0.4A, Ib=17.9A, Ic=-17.8A"""
1739436911.396293,514,b'\xaf\x08\x86\x08r\x08\xfa\x00',"""Va=222.3V, Vb=218.2V, Vc=216.2V, T=25.0\u00b0C"""
1739436911.396293,515,b'\x00\x00\x00\x00\x04\x00\x01\x00',"""Speed=0rpm, Target=0rpm, Torque=0.4A"""
1739436911.406379,513,b'\x06\x00\xa4\x00R\xff\x00\x00',"""Ia=0.6A, Ib=16.4A, Ic=-17.4A"""
1739436911.4064233,514,b'\xc2\x08\xbe\x08\x94\x08\xfa\x00',"""Va=224.2V, Vb=223.8V, Vc=219.6V, T=25.0\u00b0C"""
1739436911.4064233,515,b'\x00\x00\x00\x00\x06\x00\x01\x00',"""Speed=0rpm, Target=0rpm, Torque=0.6A"""
1739436911.4173837,513,b'\x03\x00\xb1\x00Q\xff\x00\x00',"""Ia=0.3A, Ib=17.7A, Ic=-17.5A"""
1739436911.4173837,514,b'\x83\x08\xc7\x08\xba\x08\xfa\x00',"""Va=217.9V, Vb=224.7V, Vc=223.4V, T=25.0\u00b0C"""
1739436911.4173837,515,b'\x00\x00\x00\x00\x03\x00\x01\x00',"""Speed=0rpm, Target=0rpm, Torque=0.3A"""
1739436911.4277382,513,b'\xf7\xff\xb2\x00N\xff\x00\x00',"""Ia=-0.9A, Ib=17.8A, Ic=-17.8A"""
1739436911.4277382,514,b'u\x08y\x08x\x08\xfa\x00',"""Va=216.5V, Vb=216.9V, Vc=216.8V, T=25.0\u00b0C"""
1739436911.4277382,515,b'\x00\x00\x00\x00\t\x00\x01\x00',"""Speed=0rpm, Target=0rpm, Torque=0.9A"""
1739436911.4377897,513,b'\xfd\xff\xae\x00R\xff\x00\x00',"""Ia=-0.3A, Ib=17.4A, Ic=-17.4A"""
1739436911.4377897,514,b'n\x08i\x08\x85\x08\xfa\x00',"""Va=215.8V, Vb=215.3V, Vc=218.1V, T=25.0\u00b0C"""
1739436911.4377897,515,b'\x00\x00\x00\x00\x03\x00\x01\x00',"""Speed=0rpm, Target=0rpm, Torque=0.3A"""
1739436911.4478598,513,b'\xf7\xff\xaa\x00N\xff\x00\x00',"""Ia=-0.9A, Ib=17.0A, Ic=-17.8A"""
1739436911.4478598,514,b'\x80\x08\xb1\x08\xa7\x08\xfa\x00',"""Va=217.6V, Vb=222.5V, Vc=221.5V, T=25.0\u00b0C"""
1739436911.4478598,515,b'\x00\x00\x00\x00\t\x00\x01\x00',"""Speed=0rpm, Target=0rpm, Torque=0.9A"""
1739436911.4583342,513,b'\x08\x00\xb1\x00S\xff\x00\x00',"""Ia=0.8A, Ib=17.7A, Ic=-17.3A"""
1739436911.4583342,514,b'\xa9\x08\x8b\x08\x87\x08\xfa\x00',"""Va=221.7V, Vb=218.7V, Vc=218.3V, T=25.0\u00b0C"""
1739436911.4583342,515,b'\x00\x00\x00\x00\x08\x00\x01\x00',"""Speed=0rpm, Target=0rpm, Torque=0.8A"""
1739436911.4686885,513,b'\x07\x00\xab\x00J\xff\x00\x00',"""Ia=0.7A, Ib=17.1A, Ic=-18.2A"""
1739436911.4686885,514,b'|\x08\x9e\x08\xbe\x08\xfa\x00',"""Va=217.2V, Vb=220.6V, Vc=223.8V, T=25.0\u00b0C"""
1739436911.4686885,515,b'\x00\x00\x00\x00\x07\x00\x01\x00',"""Speed=0rpm, Target=0rpm, Torque=0.7A"""
1739436911.4787982,513,b'\x01\x00\xb3\x00T\xff\x00\x00',"""Ia=0.1A, Ib=17.9A, Ic=-17.2A"""
1739436911.4787982,514,b'\xa3\x08l\x08\xab\x08\xfa\x00',"""Va=221.1V, Vb=215.6V, Vc=221.9V, T=25.0\u00b0C"""
1739436911.4787982,515,b'\x00\x00\x00\x00\x01\x00\x01\x00',"""Speed=0rpm, Target=0rpm, Torque=0.1A"""
1739436911.4889667,513,b'\xf9\xff\xac\x00O\xff\x00\x00',"""Ia=-0.7A, Ib=17.2A, Ic=-17.7A"""
1739436911.4889667,514,b'\xc7\x08\xc6\x08\xc0\x08\xfa\x00',"""Va=224.7V, Vb=224.6V, Vc=224.0V, T=25.0\u00b0C"""
1739436911.4889667,515,b'\x00\x00\x00\x00\x07\x00\x01\x00',"""Speed=0rpm, Target=0rpm, Torque=0.7A"""
1739436911.4995265,513,b'\x01\x00\xb1\x00R\xff\x00\x00',"""Ia=0.1A, Ib=17.7A, Ic=-17.4A"""
1739436911.4995265,514,b'\x90\x08\xb8\x08\x83\x08\xfa\x00',"""Va=219.2V, Vb=223.2V, Vc=217.9V, T=25.0\u00b0C"""
1739436911.4995265,515,b'\x00\x00\x00\x00\x01\x00\x01\x00',"""Speed=0rpm, Target=0rpm, Torque=0.1A"""
1739436911.5097852,513,b'\x06\x00\xb3\x00Z\xff\x00\x00',"""Ia=0.6A, Ib=17.9A, Ic=-16.6A"""
1739436911.5097852,514,b'm\x08\xa1\x08\xb5\x08\xfa\x00',"""Va=215.7V, Vb=220.9V, Vc=222.9V, T=25.0\u00b0C"""
1739436911.5097852,515,b'\x00\x00\x00\x00\x06\x00\x01\x00',"""Speed=0rpm, Target=0rpm, Torque=0.6A"""
1739436911.520117,513,b'\x00\x00\xaa\x00U\xff\x00\x00',"""Ia=0.0A, Ib=17.0A, Ic=-17.1A"""
1739436911.520165,514,b'\xba\x08\xae\x08\x8a\x08\xfa\x00',"""Va=223.4V, Vb=222.2V, Vc=218.6V, T=25.0\u00b0C"""
1739436911.520165,515,b'\x00\x00\x00\x00\x00\x00\x01\x00',"""Speed=0rpm, Target=0rpm, Torque=0.0A"""
1739436911.530193,513,b'\xff\xff\xab\x00Z\xff\x00\x00',"""Ia=-0.1A, Ib=17.1A, Ic=-16.6A"""
1739436911.530193,514,b'\xa2\x08\xb0\x08g\x08\xfa\x00',"""Va=221.0V, Vb=222.4V, Vc=215.1V, T=25.0\u00b0C"""
1739436911.5302327,515,b'\x00\x00\x00\x00\x01\x00\x01\x00',"""Speed=0rpm, Target=0rpm, Torque=0.1A"""
1739436911.5409932,513,b'\xf9\xff\xb3\x00Z\xff\x00\x00',"""Ia=-0.7A, Ib=17.9A, Ic=-16.6A"""
1739436911.5409932,514,b'\xc2\x08\x9d\x08\xb6\x08\xfa\x00',"""Va=224.2V, Vb=220.5V, Vc=223.0V, T=25.0\u00b0C"""
1739436911.5409932,515,b'\x00\x00\x00\x00\x07\x00\x01\x00',"""Speed=0rpm, Target=0rpm, Torque=0.7A"""
1739436911.5510843,513,b'\xfa\xff\xb0\x00Q\xff\x00\x00',"""Ia=-0.6A, Ib=17.6A, Ic=-17.5A"""
1739436911.5510843,514,b'\x9e\x08i\x08\xad\x08\xfa\x00',"""Va=220.6V, Vb=215.3V, Vc=222.1V, T=25.0\u00b0C"""
1739436911.5510843,515,b'\x00\x00\x00\x00\x06\x00\x01\x00',"""Speed=0rpm, Target=0rpm, Torque=0.6A"""
1739436911.5619085,513,b'\xfe\xff\xa7\x00J\xff\x00\x00',"""Ia=-0.2A, Ib=16.7A, Ic=-18.2A"""
1739436911.5619085,514,b'\x82\x08j\x08p\x08\xfa\x00',"""Va=217.8V, Vb=215.4V, Vc=216.0V, T=25.0\u00b0C"""
1739436911.5619085,515,b'\x00\x00\x00\x00\x02\x00\x01\x00',"""Speed=0rpm, Target=0rpm, Torque=0.2A"""
1739436911.5728574,513,b'\x04\x00\xb3\x00O\xff\x00\x00',"""Ia=0.4A, Ib=17.9A, Ic=-17.7A"""
1739436911.5728574,514,b'\xb9\x08\x8a\x08k\x08\xfa\x00',"""Va=223.3V, Vb=218.6V, Vc=215.5V, T=25.0\u00b0C"""
1739436911.5728574,515,b'\x00\x00\x00\x00\x04\x00\x01\x00',"""Speed=0rpm, Target=0rpm, Torque=0.4A"""
1739436911.5832045,513,b'\xfe\xff\xa4\x00R\xff\x00\x00',"""Ia=-0.2A, Ib=16.4A, Ic=-17.4A"""
1739436911.5832045,514,b'}\x08\xa2\x08\x8e\x08\xfa\x00',"""Va=217.3V, Vb=221.0V, Vc=219.0V, T=25.0\u00b0C"""
1739436911.5832045,515,b'\x00\x00\x00\x00\x02\x00\x01\x00',"""Speed=0rpm, Target=0rpm, Torque=0.2A"""
1739436911.594321,513,b'\x00\x00\xa4\x00P\xff\x00\x00',"""Ia=0.0A, Ib=16.4A, Ic=-17.6A"""
1739436911.594321,514,b'\x97\x08z\x08\x8c\x08\xfa\x00',"""Va=219.9V, Vb=217.0V, Vc=218.8V, T=25.0\u00b0C"""
1739436911.594321,515,b'\x00\x00\x00\x00\x00\x00\x01\x00',"""Speed=0rpm, Target=0rpm, Torque=0.0A"""
1739436911.604568,513,b'\x05\x00\xac\x00U\xff\x00\x00',"""Ia=0.5A, Ib=17.2A, Ic=-17.1A"""
1739436911.604568,514,b'\x90\x08\xc9\x08\x90\x08\xfa\x00',"""Va=219.2V, Vb=224.9V, Vc=219.2V, T=25.0\u00b0C"""
1739436911.604568,515,b'\x00\x00\x00\x00\x05\x00\x01\x00',"""Speed=0rpm, Target=0rpm, Torque=0.5A"""
1739436911.6151192,513,b'\xff\xff\xac\x00[\xff\x00\x00',"""Ia=-0.1A, Ib=17.2A, Ic=-16.5A"""
1739436911.6151192,514,b'\xa8\x08\x81\x08\xa3\x08\xfa\x00',"""Va=221.6V, Vb=217.7V, Vc=221.1V, T=25.0\u00b0C"""
1739436911.6151192,515,b'\x00\x00\x00\x00\x01\x00\x01\x00',"""Speed=0rpm, Target=0rpm, Torque=0.1A"""
1739436911.6254342,513,b'\xfa\xff\xa7\x00P\xff\x00\x00',"""Ia=-0.6A, Ib=16.7A, Ic=-17.6A"""
1739436911.6254342,514,b'\xbf\x08u\x08n\x08\xfa\x00',"""Va=223.9V, Vb=216.5V, Vc=215.8V, T=25.0\u00b0C"""
1739436911.6254342,515,b'\x00\x00\x00\x00\x06\x00\x01\x00',"""Speed=0rpm, Target=0rpm, Torque=0.6A"""
1739436911.636237,513,b'\x00\x00\xa6\x00O\xff\x00\x00',"""Ia=0.0A, Ib=16.6A, Ic=-17.7A"""
1739436911.636237,514,b'\xb2\x08\x8f\x08u\x08\xfa\x00',"""Va=222.6V, Vb=219.1V, Vc=216.5V, T=25.0\u00b0C"""
1739436911.636237,515,b'\x00\x00\x00\x00\x00\x00\x01\x00',"""Speed=0rpm, Target=0rpm, Torque=0.0A"""
1739436911.6471474,513,b'\x07\x00\xb0\x00Q\xff\x00\x00',"""Ia=0.7A, Ib=17.6A, Ic=-17.5A"""
1739436911.6471474,514,b'\x81\x08\xc3\x08\x91\x08\xfa\x00',"""Va=217.7V, Vb=224.3V, Vc=219.3V, T=25.0\u00b0C"""
1739436911.6471474,515,b'\x00\x00\x00\x00\x07\x00\x01\x00',"""Speed=0rpm, Target=0rpm, Torque=0.7A"""
1739436911.657297,513,b'\x02\x00\xa9\x00X\xff\x00\x00',"""Ia=0.2A, Ib=16.9A, Ic=-16.8A"""
1739436911.657346,514,b'\xac\x08x\x08\x92\x08\xfa\x00',"""Va=222.0V, Vb=216.8V, Vc=219.4V, T=25.0\u00b0C"""
1739436911.657346,515,b'\x00\x00\x00\x00\x02\x00\x01\x00',"""Speed=0rpm, Target=0rpm, Torque=0.2A"""
1739436911.66745,513,b'\x05\x00\xb2\x00R\xff\x00\x00',"""Ia=0.5A, Ib=17.8A, Ic=-17.4A"""
1739436911.66745,514,b'l\x08~\x08\x8f\x08\xfa\x00',"""Va=215.6V, Vb=217.4V, Vc=219.1V, T=25.0\u00b0C"""
1739436911.66745,515,b'\x00\x00\x00\x00\x05\x00\x01\x00',"""Speed=0rpm, Target=0rpm, Torque=0.5A"""
1739436911.6778522,513,b'\xf7\xff\xac\x00[\xff\x00\x00',"""Ia=-0.9A, Ib=17.2A, Ic=-16.5A"""
1739436911.6778522,514,b'\x89\x08|\x08x\x08\xfa\x00',"""Va=218.5V, Vb=217.2V, Vc=216.8V, T=25.0\u00b0C"""
1739436911.6778522,515,b'\x00\x00\x00\x00\t\x00\x01\x00',"""Speed=0rpm, Target=0rpm, Torque=0.9A"""
1739436911.6880062,513,b'\xf8\xff\xa4\x00N\xff\x00\x00',"""Ia=-0.8A, Ib=16.4A, Ic=-17.8A"""
1739436911.6880062,514,b'\x8e\x08\xb5\x08\xb9\x08\xfa\x00',"""Va=219.0V, Vb=222.9V, Vc=223.3V, T=25.0\u00b0C"""
1739436911.6880062,515,b'\x00\x00\x00\x00\x08\x00\x01\x00',"""Speed=0rpm, Target=0rpm, Torque=0.8A"""
1739436911.6983128,513,b'\xfa\xff\xad\x00T\xff\x00\x00',"""Ia=-0.6A, Ib=17.3A, Ic=-17.2A"""
1739436911.6983128,514,b'\xa1\x08\xad\x08\xa3\x08\xfa\x00',"""Va=220.9V, Vb=222.1V, Vc=221.1V, T=25.0\u00b0C"""
1739436911.6983128,515,b'\x00\x00\x00\x00\x06\x00\x01\x00',"""Speed=0rpm, Target=0rpm, Torque=0.6A"""
1739436911.7084084,513,b'\x03\x00\xaa\x00]\xff\x00\x00',"""Ia=0.3A, Ib=17.0A, Ic=-16.3A"""
1739436911.7084515,514,b'\xba\x08\xc8\x08\x94\x08\xfa\x00',"""Va=223.4V, Vb=224.8V, Vc=219.6V, T=25.0\u00b0C"""
1739436911.7084515,515,b'\x00\x00\x00\x00\x03\x00\x01\x00',"""Speed=0rpm, Target=0rpm, Torque=0.3A"""
1739436911.7193792,513,b'\x03\x00\xa5\x00Y\xff\x00\x00',"""Ia=0.3A, Ib=16.5A, Ic=-16.7A"""
1739436911.7193792,514,b'\xc5\x08\x80\x08t\x08\xfa\x00',"""Va=224.5V, Vb=217.6V, Vc=216.4V, T=25.0\u00b0C"""
1739436911.7193792,515,b'\x00\x00\x00\x00\x03\x00\x01\x00',"""Speed=0rpm, Target=0rpm, Torque=0.3A"""
1739436911.7303386,513,b'\xf9\xff\xaf\x00O\xff\x00\x00',"""Ia=-0.7A, Ib=17.5A, Ic=-17.7A"""
1739436911.7303386,514,b'\xc7\x08\x93\x08\x80\x08\xfa\x00',"""Va=224.7V, Vb=219.5V, Vc=217.6V, T=25.0\u00b0C"""
1739436911.7303386,515,b'\x00\x00\x00\x00\x07\x00\x01\x00',"""Speed=0rpm, Target=0rpm, Torque=0.7A"""
1739436911.7412865,513,b'\xff\xff\xb5\x00X\xff\x00\x00',"""Ia=-0.1A, Ib=18.1A, Ic=-16.8A"""
1739436911.7412865,514,b'm\x08\x87\x08\x93\x08\xfa\x00',"""Va=215.7V, Vb=218.3V, Vc=219.5V, T=25.0\u00b0C"""
1739436911.7412865,515,b'\x00\x00\x00\x00\x01\x00\x01\x00',"""Speed=0rpm, Target=0rpm, Torque=0.1A"""
1739436911.7514212,513,b'\t\x00\xaa\x00J\xff\x00\x00',"""Ia=0.9A, Ib=17.0A, Ic=-18.2A"""
1739436911.7514212,514,b'\x92\x08\x7f\x08\xc1\x08\xfa\x00',"""Va=219.4V, Vb=217.5V, Vc=224.1V, T=25.0\u00b0C"""
1739436911.7514212,515,b'\x00\x00\x00\x00\t\x00\x01\x00',"""Speed=0rpm, Target=0rpm, Torque=0.9A"""
1739436911.7621393,513,b'\xfa\xff\xa6\x00O\xff\x00\x00',"""Ia=-0.6A, Ib=16.6A, Ic=-17.7A"""
1739436911.7621393,514,b'\xa6\x08\x8c\x08\xb1\x08\xfa\x00',"""Va=221.4V, Vb=218.8V, Vc=222.5V, T=25.0\u00b0C"""
1739436911.7621393,515,b'\x00\x00\x00\x00\x06\x00\x01\x00',"""Speed=0rpm, Target=0rpm, Torque=0.6A"""
1739436911.7723372,513,b'\xfb\xff\xaa\x00O\xff\x00\x00',"""Ia=-0.5A, Ib=17.0A, Ic=-17.7A"""
1739436911.7723372,514,b'\xae\x08y\x08\x8e\x08\xfa\x00',"""Va=222.2V, Vb=216.9V, Vc=219.0V, T=25.0\u00b0C"""
1739436911.7723372,515,b'\x00\x00\x00\x00\x05\x00\x01\x00',"""Speed=0rpm, Target=0rpm, Torque=0.5A"""
1739436911.7824116,513,b'\x00\x00\xac\x00Q\xff\x00\x00',"""Ia=0.0A, Ib=17.2A, Ic=-17.5A"""
1739436911.7824116,514,b'|\x08\xb7\x08\xbc\x08\xfa\x00',"""Va=217.2V, Vb=223.1V, Vc=223.6V, T=25.0\u00b0C"""
1739436911.7824116,515,b'\x00\x00\x00\x00\x00\x00\x01\x00',"""Speed=0rpm, Target=0rpm, Torque=0.0A"""
1739436911.792548,513,b'\xf7\xff\xb6\x00U\xff\x00\x00',"""Ia=-0.9A, Ib=18.2A, Ic=-17.1A"""
1739436911.792548,514,b'\xb8\x08\xc5\x08\x9c\x08\xfa\x00',"""Va=223.2V, Vb=224.5V, Vc=220.4V, T=25.0\u00b0C"""
1739436911.792548,515,b'\x00\x00\x00\x00\t\x00\x01\x00',"""Speed=0rpm, Target=0rpm, Torque=0.9A"""
1739436911.8031366,513,b'\x00\x00\xb6\x00U\xff\x00\x00',"""Ia=0.0A, Ib=18.2A, Ic=-17.1A"""
1739436911.8031366,514,b'\x93\x08\x8f\x08\x92\x08\xfa\x00',"""Va=219.5V, Vb=219.1V, Vc=219.4V, T=25.0\u00b0C"""
1739436911.8031366,515,b'\x00\x00\x00\x00\x00\x00\x01\x00',"""Speed=0rpm, Target=0rpm, Torque=0.0A"""
1739436911.8135848,513,b'\x04\x00\xa6\x00Y\xff\x00\x00',"""Ia=0.4A, Ib=16.6A, Ic=-16.7A"""
1739436911.8135848,514,b'\x88\x08\xc7\x08\xc6\x08\xfa\x00',"""Va=218.4V, Vb=224.7V, Vc=224.6V, T=25.0\u00b0C"""
1739436911.8135848,515,b'\x00\x00\x00\x00\x04\x00\x01\x00',"""Speed=0rpm, Target=0rpm, Torque=0.4A"""
1739436911.823805,513,b'\xf7\xff\xa3\x00J\xff\x00\x00',"""Ia=-0.9A, Ib=16.3A, Ic=-18.2A"""
1739436911.823805,514,b'\xa7\x08\x9b\x08\x86\x08\xfa\x00',"""Va=221.5V, Vb=220.3V, Vc=218.2V, T=25.0\u00b0C"""
1739436911.823805,515,b'\x00\x00\x00\x00\t\x00\x01\x00',"""Speed=0rpm, Target=0rpm, Torque=0.9A"""
1739436911.8341799,513,b'\xfb\xff\xaa\x00\\\xff\x00\x00',"""Ia=-0.5A, Ib=17.0A, Ic=-16.4A"""
1739436911.8341799,514,b'\xa5\x08{\x08\xaa\x08\xfa\x00',"""Va=221.3V, Vb=217.1V, Vc=221.8V, T=25.0\u00b0C"""
1739436911.8341799,515,b'\x00\x00\x00\x00\x05\x00\x01\x00',"""Speed=0rpm, Target=0rpm, Torque=0.5A"""
1739436911.8443232,513,b'\xf7\xff\xb3\x00O\xff\x00\x00',"""Ia=-0.9A, Ib=17.9A, Ic=-17.7A"""
1739436911.8443468,514,b'm\x08\x84\x08m\x08\xfa\x00',"""Va=215.7V, Vb=218.0V, Vc=215.7V, T=25.0\u00b0C"""
1739436911.8443468,515,b'\x00\x00\x00\x00\t\x00\x01\x00',"""Speed=0rpm, Target=0rpm, Torque=0.9A"""
1739436911.8545625,513,b'\x03\x00\xb7\x00]\xff\x00\x00',"""Ia=0.3A, Ib=18.3A, Ic=-16.3A"""
1739436911.8545625,514,b'|\x08s\x08y\x08\xfa\x00',"""Va=217.2V, Vb=216.3V, Vc=216.9V, T=25.0\u00b0C"""
1739436911.8545625,515,b'\x00\x00\x00\x00\x03\x00\x01\x00',"""Speed=0rpm, Target=0rpm, Torque=0.3A"""
1739436911.864696,513,b'\x06\x00\xac\x00U\xff\x00\x00',"""Ia=0.6A, Ib=17.2A, Ic=-17.1A"""
1739436911.864696,514,b'w\x08s\x08\xbf\x08\xfa\x00',"""Va=216.7V, Vb=216.3V, Vc=223.9V, T=25.0\u00b0C"""
1739436911.864696,515,b'\x00\x00\x00\x00\x06\x00\x01\x00',"""Speed=0rpm, Target=0rpm, Torque=0.6A"""
1739436911.8747754,513,b'\xf9\xff\xa9\x00V\xff\x00\x00',"""Ia=-0.7A, Ib=16.9A, Ic=-17.0A"""
1739436911.8747754,514,b'\x91\x08\xc6\x08\x94\x08\xfa\x00',"""Va=219.3V, Vb=224.6V, Vc=219.6V, T=25.0\u00b0C"""
1739436911.8747754,515,b'\x00\x00\x00\x00\x07\x00\x01\x00',"""Speed=0rpm, Target=0rpm, Torque=0.7A"""
1739436911.8849041,513,b'\x01\x00\xa5\x00M\xff\x00\x00',"""Ia=0.1A, Ib=16.5A, Ic=-17.9A"""
1739436911.8849041,514,b'\x8d\x08\xb3\x08\x9e\x08\xfa\x00',"""Va=218.9V, Vb=222.7V, Vc=220.6V, T=25.0\u00b0C"""
1739436911.8849041,515,b'\x00\x00\x00\x00\x01\x00\x01\x00',"""Speed=0rpm, Target=0rpm, Torque=0.1A"""
1739436911.8954706,513,b'\x06\x00\xaf\x00Y\xff\x00\x00',"""Ia=0.6A, Ib=17.5A, Ic=-16.7A"""
1739436911.8954706,514,b'\x9d\x08\xa9\x08\x7f\x08\xfa\x00',"""Va=220.5V, Vb=221.7V, Vc=217.5V, T=25.0\u00b0C"""
1739436911.8954706,515,b'\x00\x00\x00\x00\x06\x00\x01\x00',"""Speed=0rpm, Target=0rpm, Torque=0.6A"""
1739436911.905807,513,b'\xfc\xff\xa8\x00L\xff\x00\x00',"""Ia=-0.4A, Ib=16.8A, Ic=-18.0A"""
1739436911.905807,514,b'\x8d\x08\x9d\x08x\x08\xfa\x00',"""Va=218.9V, Vb=220.5V, Vc=216.8V, T=25.0\u00b0C"""
1739436911.905807,515,b'\x00\x00\x00\x00\x04\x00\x01\x00',"""Speed=0rpm, Target=0rpm, Torque=0.4A"""
1739436911.9163713,513,b'\x01\x00\xaf\x00R\xff\x00\x00',"""Ia=0.1A, Ib=17.5A, Ic=-17.4A"""
1739436911.9163713,514,b'\xbd\x08\xb4\x08\x8b\x08\xfa\x00',"""Va=223.7V, Vb=222.8V, Vc=218.7V, T=25.0\u00b0C"""
1739436911.9163713,515,b'\x00\x00\x00\x00\x01\x00\x01\x00',"""Speed=0rpm, Target=0rpm, Torque=0.1A"""
1739436911.926446,513,b'\x07\x00\xac\x00S\xff\x00\x00',"""Ia=0.7A, Ib=17.2A, Ic=-17.3A"""
1739436911.926446,514,b'\x8b\x08\xb3\x08\xb8\x08\xfa\x00',"""Va=218.7V, Vb=222.7V, Vc=223.2V, T=25.0\u00b0C"""
1739436911.926446,515,b'\x00\x00\x00\x00\x07\x00\x01\x00',"""Speed=0rpm, Target=0rpm, Torque=0.7A"""
1739436911.9366097,513,b'\xfd\xff\xa8\x00O\xff\x00\x00',"""Ia=-0.3A, Ib=16.8A, Ic=-17.7A"""
1739436911.9366097,514,b'\x88\x08\x9f\x08\x80\x08\xfa\x00',"""Va=218.4V, Vb=220.7V, Vc=217.6V, T=25.0\u00b0C"""
1739436911.9366097,515,b'\x00\x00\x00\x00\x03\x00\x01\x00',"""Speed=0rpm, Target=0rpm, Torque=0.3A"""
1739436911.9468596,513,b'\xfb\xff\xad\x00N\xff\x00\x00',"""Ia=-0.5A, Ib=17.3A, Ic=-17.8A"""
1739436911.9468596,514,b'\x8e\x08\xb6\x08\xab\x08\xfa\x00',"""Va=219.0V, Vb=223.0V, Vc=221.9V, T=25.0\u00b0C"""
1739436911.9468596,515,b'\x00\x00\x00\x00\x05\x00\x01\x00',"""Speed=0rpm, Target=0rpm, Torque=0.5A"""
1739436911.9574904,513,b'\x02\x00\xa5\x00R\xff\x00\x00',"""Ia=0.2A, Ib=16.5A, Ic=-17.4A"""
1739436911.9574904,514,b'\xc3\x08\xad\x08\xab\x08\xfa\x00',"""Va=224.3V, Vb=222.1V, Vc=221.9V, T=25.0\u00b0C"""
1739436911.9574904,515,b'\x00\x00\x00\x00\x02\x00\x01\x00',"""Speed=0rpm, Target=0rpm, Torque=0.2A"""
1739436911.9676068,513,b'\x05\x00\xb5\x00R\xff\x00\x00',"""Ia=0.5A, Ib=18.1A, Ic=-17.4A"""
1739436911.9676068,514,b'\x81\x08k\x08\x83\x08\xfa\x00',"""Va=217.7V, Vb=215.5V, Vc=217.9V, T=25.0\u00b0C"""
1739436911.9676068,515,b'\x00\x00\x00\x00\x05\x00\x01\x00',"""Speed=0rpm, Target=0rpm, Torque=0.5A"""
1739436911.9784284,513,b'\x06\x00\xb2\x00S\xff\x00\x00',"""Ia=0.6A, Ib=17.8A, Ic=-17.3A"""
1739436911.9784284,514,b'\x9c\x08\xa1\x08\xbe\x08\xfa\x00',"""Va=220.4V, Vb=220.9V, Vc=223.8V, T=25.0\u00b0C"""
1739436911.9784284,515,b'\x00\x00\x00\x00\x06\x00\x01\x00',"""Speed=0rpm, Target=0rpm, Torque=0.6A"""
1739436911.9887564,513,b'\x02\x00\xa7\x00Z\xff\x00\x00',"""Ia=0.2A, Ib=16.7A, Ic=-16.6A"""
1739436911.9887564,514,b'\xa5\x08s\x08\xab\x08\xfa\x00',"""Va=221.3V, Vb=216.3V, Vc=221.9V, T=25.0\u00b0C"""
1739436911.9887564,515,b'\x00\x00\x00\x00\x02\x00\x01\x00',"""Speed=0rpm, Target=0rpm, Torque=0.2A"""
1739436911.999143,513,b'\x01\x00\xaa\x00I\xff\x00\x00',"""Ia=0.1A, Ib=17.0A, Ic=-18.3A"""
1739436911.999143,514,b'\xa7\x08p\x08q\x08\xfa\x00',"""Va=221.5V, Vb=216.0V, Vc=216.1V, T=25.0\u00b0C"""
1739436911.999143,515,b'\x00\x00\x00\x00\x01\x00\x01\x00',"""Speed=0rpm, Target=0rpm, Torque=0.1A"""
1739436912.0099828,513,b'\x00\x00\xac\x00J\xff\x00\x00',"""Ia=0.0A, Ib=17.2A, Ic=-18.2A"""
1739436912.0099828,514,b'\xa6\x08\x92\x08\x85\x08\xfa\x00',"""Va=221.4V, Vb=219.4V, Vc=218.1V, T=25.0\u00b0C"""
1739436912.0099828,515,b'\x00\x00\x00\x00\x00\x00\x01\x00',"""Speed=0rpm, Target=0rpm, Torque=0.0A"""
1739436912.0208533,513,b'\xfd\xff\xaf\x00V\xff\x00\x00',"""Ia=-0.3A, Ib=17.5A, Ic=-17.0A"""
1739436912.0208533,514,b'\x7f\x08\x91\x08g\x08\xfa\x00',"""Va=217.5V, Vb=219.3V, Vc=215.1V, T=25.0\u00b0C"""
1739436912.0208533,515,b'\x00\x00\x00\x00\x03\x00\x01\x00',"""Speed=0rpm, Target=0rpm, Torque=0.3A"""
1739436912.0312073,513,b'\xfa\xff\xaf\x00\\\xff\x00\x00',"""Ia=-0.6A, Ib=17.5A, Ic=-16.4A"""
1739436912.0312073,514,b'\xc6\x08\xb4\x08\xb7\x08\xfa\x00',"""Va=224.6V, Vb=222.8V, Vc=223.1V, T=25.0\u00b0C"""
1739436912.0312073,515,b'\x00\x00\x00\x00\x06\x00\x01\x00',"""Speed=0rpm, Target=0rpm, Torque=0.6A"""
1739436912.0416389,513,b'\x02\x00\xa8\x00T\xff\x00\x00',"""Ia=0.2A, Ib=16.8A, Ic=-17.2A"""
1739436912.0416389,514,b'\x9c\x08\xa1\x08\xa0\x08\xfa\x00',"""Va=220.4V, Vb=220.9V, Vc=220.8V, T=25.0\u00b0C"""
1739436912.0416389,515,b'\x00\x00\x00\x00\x02\x00\x01\x00',"""Speed=0rpm, Target=0rpm, Torque=0.2A"""
1739436912.051727,513,b'\xfb\xff\xa8\x00]\xff\x00\x00',"""Ia=-0.5A, Ib=16.8A, Ic=-16.3A"""
1739436912.051727,514,b'\xb6\x08\x95\x08\x95\x08\xfa\x00',"""Va=223.0V, Vb=219.7V, Vc=219.7V, T=25.0\u00b0C"""
1739436912.05177,515,b'\x00\x00\x00\x00\x05\x00\x01\x00',"""Speed=0rpm, Target=0rpm, Torque=0.5A"""
1739436912.0620606,513,b'\x02\x00\xa5\x00]\xff\x00\x00',"""Ia=0.2A, Ib=16.5A, Ic=-16.3A"""
1739436912.0620606,514,b'\x82\x08n\x08\x80\x08\xfa\x00',"""Va=217.8V, Vb=215.8V, Vc=217.6V, T=25.0\u00b0C"""
1739436912.0620606,515,b'\x00\x00\x00\x00\x02\x00\x01\x00',"""Speed=0rpm, Target=0rpm, Torque=0.2A"""
1739436912.0722692,513,b'\x07\x00\xa4\x00Y\xff\x00\x00',"""Ia=0.7A, Ib=16.4A, Ic=-16.7A"""
1739436912.0722692,514,b'\x8b\x08\x9c\x08\x82\x08\xfa\x00',"""Va=218.7V, Vb=220.4V, Vc=217.8V, T=25.0\u00b0C"""
1739436912.0722692,515,b'\x00\x00\x00\x00\x07\x00\x01\x00',"""Speed=0rpm, Target=0rpm, Torque=0.7A"""
1739436912.082968,513,b'\x02\x00\xb2\x00N\xff\x00\x00',"""Ia=0.2A, Ib=17.8A, Ic=-17.8A"""
1739436912.082968,514,b'\xac\x08\x80\x08\xb6\x08\xfa\x00',"""Va=222.0V, Vb=217.6V, Vc=223.0V, T=25.0\u00b0C"""
1739436912.082968,515,b'\x00\x00\x00\x00\x02\x00\x01\x00',"""Speed=0rpm, Target=0rpm, Torque=0.2A"""
1739436912.0932612,513,b'\xfe\xff\xaf\x00P\xff\x00\x00',"""Ia=-0.2A, Ib=17.5A, Ic=-17.6A"""
1739436912.0932612,514,b'\x95\x08w\x08p\x08\xfa\x00',"""Va=219.7V, Vb=216.7V, Vc=216.0V, T=25.0\u00b0C"""
1739436912.0932612,515,b'\x00\x00\x00\x00\x02\x00\x01\x00',"""Speed=0rpm, Target=0rpm, Torque=0.2A"""
1739436912.1039762,513,b'\xff\xff\xb5\x00T\xff\x00\x00',"""Ia=-0.1A, Ib=18.1A, Ic=-17.2A"""
1739436912.1039762,514,b'\x95\x08\xbc\x08j\x08\xfa\x00',"""Va=219.7V, Vb=223.6V, Vc=215.4V, T=25.0\u00b0C"""
1739436912.1039762,515,b'\x00\x00\x00\x00\x01\x00\x01\x00',"""Speed=0rpm, Target=0rpm, Torque=0.1A"""
1739436912.1149843,513,b'\x01\x00\xab\x00L\xff\x00\x00',"""Ia=0.1A, Ib=17.1A, Ic=-18.0A"""
1739436912.1149843,514,b'\x90\x08\x9f\x08\xc6\x08\xfa\x00',"""Va=219.2V, Vb=220.7V, Vc=224.6V, T=25.0\u00b0C"""
1739436912.1149843,515,b'\x00\x00\x00\x00\x01\x00\x01\x00',"""Speed=0rpm, Target=0rpm, Torque=0.1A"""
1739436912.1253982,513,b'\x08\x00\xaf\x00T\xff\x00\x00',"""Ia=0.8A, Ib=17.5A, Ic=-17.2A"""
1739436912.1253982,514,b't\x08h\x08\xb5\x08\xfa\x00',"""Va=216.4V, Vb=215.2V, Vc=222.9V, T=25.0\u00b0C"""
1739436912.1253982,515,b'\x00\x00\x00\x00\x08\x00\x01\x00',"""Speed=0rpm, Target=0rpm, Torque=0.8A"""
1739436912.1356165,513,b'\xfd\xff\xa7\x00Z\xff\x00\x00',"""Ia=-0.3A, Ib=16.7A, Ic=-16.6A"""
1739436912.1356165,514,b'\xa2\x08u\x08p\x08\xfa\x00',"""Va=221.0V, Vb=216.5V, Vc=216.0V, T=25.0\u00b0C"""
1739436912.1356165,515,b'\x00\x00\x00\x00\x03\x00\x01\x00',"""Speed=0rpm, Target=0rpm, Torque=0.3A"""
1739436912.1460116,513,b'\x08\x00\xad\x00Q\xff\x00\x00',"""Ia=0.8A, Ib=17.3A, Ic=-17.5A"""
1739436912.1460116,514,b'\xb3\x08|\x08\xb4\x08\xfa\x00',"""Va=222.7V, Vb=217.2V, Vc=222.8V, T=25.0\u00b0C"""
1739436912.1460116,515,b'\x00\x00\x00\x00\x08\x00\x01\x00',"""Speed=0rpm, Target=0rpm, Torque=0.8A"""
1739436912.1561918,513,b'\x03\x00\xae\x00J\xff\x00\x00',"""Ia=0.3A, Ib=17.4A, Ic=-18.2A"""
1739436912.1561918,514,b'j\x08\x8a\x08\xbf\x08\xfa\x00',"""Va=215.4V, Vb=218.6V, Vc=223.9V, T=25.0\u00b0C"""
1739436912.1561918,515,b'\x00\x00\x00\x00\x03\x00\x01\x00',"""Speed=0rpm, Target=0rpm, Torque=0.3A"""
1739436912.1663938,513,b'\xf7\xff\xb3\x00T\xff\x00\x00',"""Ia=-0.9A, Ib=17.9A, Ic=-17.2A"""
1739436912.1663938,514,b'k\x08j\x08\xa5\x08\xfa\x00',"""Va=215.5V, Vb=215.4V, Vc=221.3V, T=25.0\u00b0C"""
1739436912.1663938,515,b'\x00\x00\x00\x00\t\x00\x01\x00',"""Speed=0rpm, Target=0rpm, Torque=0.9A"""
1739436912.177357,513,b'\xfb\xff\xb2\x00V\xff\x00\x00',"""Ia=-0.5A, Ib=17.8A, Ic=-17.0A"""
1739436912.177357,514,b'\xb8\x08\xad\x08\x95\x08\xfa\x00',"""Va=223.2V, Vb=222.1V, Vc=219.7V, T=25.0\u00b0C"""
1739436912.177357,515,b'\x00\x00\x00\x00\x05\x00\x01\x00',"""Speed=0rpm, Target=0rpm, Torque=0.5A"""
1739436912.1874444,513,b'\xfd\xff\xaa\x00J\xff\x00\x00',"""Ia=-0.3A, Ib=17.0A, Ic=-18.2A"""
1739436912.1874444,514,b'\x8e\x08p\x08\x83\x08\xfa\x00',"""Va=219.0V, Vb=216.0V, Vc=217.9V, T=25.0\u00b0C"""
1739436912.1874444,515,b'\x00\x00\x00\x00\x03\x00\x01\x00',"""Speed=0rpm, Target=0rpm, Torque=0.3A"""
1739436912.1975243,513,b'\x06\x00\xb7\x00R\xff\x00\x00',"""Ia=0.6A, Ib=18.3A, Ic=-17.4A"""
1739436912.1975243,514,b'\xa5\x08|\x08i\x08\xfa\x00',"""Va=221.3V, Vb=217.2V, Vc=215.3V, T=25.0\u00b0C"""
1739436912.1975243,515,b'\x00\x00\x00\x00\x06\x00\x01\x00',"""Speed=0rpm, Target=0rpm, Torque=0.6A"""
1739436912.208152,513,b'\x08\x00\xac\x00U\xff\x00\x00',"""Ia=0.8A, Ib=17.2A, Ic=-17.1A"""
1739436912.208152,514,b'\x96\x08i\x08\xc3\x08\xfa\x00',"""Va=219.8V, Vb=215.3V, Vc=224.3V, T=25.0\u00b0C"""
1739436912.208152,515,b'\x00\x00\x00\x00\x08\x00\x01\x00',"""Speed=0rpm, Target=0rpm, Torque=0.8A"""
1739436912.2188468,513,b'\xf8\xff\xb5\x00K\xff\x00\x00',"""Ia=-0.8A, Ib=18.1A, Ic=-18.1A"""
1739436912.2188468,514,b'\xb5\x08g\x08\x7f\x08\xfa\x00',"""Va=222.9V, Vb=215.1V, Vc=217.5V, T=25.0\u00b0C"""
1739436912.2188468,515,b'\x00\x00\x00\x00\x08\x00\x01\x00',"""Speed=0rpm, Target=0rpm, Torque=0.8A"""
1739436912.2289124,513,b'\x03\x00\xb3\x00W\xff\x00\x00',"""Ia=0.3A, Ib=17.9A, Ic=-16.9A"""
1739436912.2289503,514,b'\xb4\x08\x93\x08\x88\x08\xfa\x00',"""Va=222.8V, Vb=219.5V, Vc=218.4V, T=25.0\u00b0C"""
1739436912.2289503,515,b'\x00\x00\x00\x00\x03\x00\x01\x00',"""Speed=0rpm, Target=0rpm, Torque=0.3A"""
1739436912.2390976,513,b'\x06\x00\xaf\x00R\xff\x00\x00',"""Ia=0.6A, Ib=17.5A, Ic=-17.4A"""
1739436912.2391613,514,b'\x8c\x08\x7f\x08\xc9\x08\xfa\x00',"""Va=218.8V, Vb=217.5V, Vc=224.9V, T=25.0\u00b0C"""
1739436912.2391613,515,b'\x00\x00\x00\x00\x06\x00\x01\x00',"""Speed=0rpm, Target=0rpm, Torque=0.6A"""
1739436912.2492042,513,b'\xf8\xff\xa6\x00N\xff\x00\x00',"""Ia=-0.8A, Ib=16.6A, Ic=-17.8A"""
1739436912.2492042,514,b'\xa9\x08\x96\x08}\x08\xfa\x00',"""Va=221.7V, Vb=219.8V, Vc=217.3V, T=25.0\u00b0C"""
1739436912.2492042,515,b'\x00\x00\x00\x00\x08\x00\x01\x00',"""Speed=0rpm, Target=0rpm, Torque=0.8A"""
1739436912.2592745,513,b'\xfb\xff\xa4\x00J\xff\x00\x00',"""Ia=-0.5A, Ib=16.4A, Ic=-18.2A"""
1739436912.2592745,514,b'\x92\x08k\x08\x92\x08\xfa\x00',"""Va=219.4V, Vb=215.5V, Vc=219.4V, T=25.0\u00b0C"""
1739436912.2592745,515,b'\x00\x00\x00\x00\x05\x00\x01\x00',"""Speed=0rpm, Target=0rpm, Torque=0.5A"""
1739436912.2700818,513,b'\xf8\xff\xa9\x00[\xff\x00\x00',"""Ia=-0.8A, Ib=16.9A, Ic=-16.5A"""
1739436912.2700818,514,b'\x96\x08\xad\x08\xa3\x08\xfa\x00',"""Va=219.8V, Vb=222.1V, Vc=221.1V, T=25.0\u00b0C"""
1739436912.2700818,515,b'\x00\x00\x00\x00\x08\x00\x01\x00',"""Speed=0rpm, Target=0rpm, Torque=0.8A"""
1739436912.2806914,513,b'\x01\x00\xb6\x00Z\xff\x00\x00',"""Ia=0.1A, Ib=18.2A, Ic=-16.6A"""
1739436912.2806914,514,b'\x8e\x08v\x08\x9f\x08\xfa\x00',"""Va=219.0V, Vb=216.6V, Vc=220.7V, T=25.0\u00b0C"""
1739436912.2806914,515,b'\x00\x00\x00\x00\x01\x00\x01\x00',"""Speed=0rpm, Target=0rpm, Torque=0.1A"""
1739436912.2907517,513,b'\x04\x00\xb1\x00T\xff\x00\x00',"""Ia=0.4A, Ib=17.7A, Ic=-17.2A"""
1739436912.2907946,514,b'\xb3\x08\xaa\x08\xba\x08\xfa\x00',"""Va=222.7V, Vb=221.8V, Vc=223.4V, T=25.0\u00b0C"""
1739436912.2907946,515,b'\x00\x00\x00\x00\x04\x00\x01\x00',"""Speed=0rpm, Target=0rpm, Torque=0.4A"""
1739436912.3012602,513,b'\t\x00\xad\x00\\\xff\x00\x00',"""Ia=0.9A, Ib=17.3A, Ic=-16.4A"""
1739436912.3012602,514,b'\xb7\x08\x99\x08\xc2\x08\xfa\x00',"""Va=223.1V, Vb=220.1V, Vc=224.2V, T=25.0\u00b0C"""
1739436912.3012602,515,b'\x00\x00\x00\x00\t\x00\x01\x00',"""Speed=0rpm, Target=0rpm, Torque=0.9A"""
1739436912.311474,513,b'\xf7\xff\xa3\x00K\xff\x00\x00',"""Ia=-0.9A, Ib=16.3A, Ic=-18.1A"""
1739436912.311474,514,b'\x84\x08n\x08\xbe\x08\xfa\x00',"""Va=218.0V, Vb=215.8V, Vc=223.8V, T=25.0\u00b0C"""
1739436912.311474,515,b'\x00\x00\x00\x00\t\x00\x01\x00',"""Speed=0rpm, Target=0rpm, Torque=0.9A"""
1739436912.3219113,513,b'\x00\x00\xa7\x00N\xff\x00\x00',"""Ia=0.0A, Ib=16.7A, Ic=-17.8A"""
1739436912.3219113,514,b'\xae\x08n\x08}\x08\xfa\x00',"""Va=222.2V, Vb=215.8V, Vc=217.3V, T=25.0\u00b0C"""
1739436912.3219113,515,b'\x00\x00\x00\x00\x00\x00\x01\x00',"""Speed=0rpm, Target=0rpm, Torque=0.0A"""
1739436912.3319924,513,b'\x02\x00\xaa\x00R\xff\x00\x00',"""Ia=0.2A, Ib=17.0A, Ic=-17.4A"""
1739436912.3319924,514,b'\xb5\x08l\x08x\x08\xfa\x00',"""Va=222.9V, Vb=215.6V, Vc=216.8V, T=25.0\u00b0C"""
1739436912.3319924,515,b'\x00\x00\x00\x00\x02\x00\x01\x00',"""Speed=0rpm, Target=0rpm, Torque=0.2A"""
1739436912.3420894,513,b'\x05\x00\xaf\x00T\xff\x00\x00',"""Ia=0.5A, Ib=17.5A, Ic=-17.2A"""
1739436912.3420894,514,b'\xc2\x08\x8f\x08\x82\x08\xfa\x00',"""Va=224.2V, Vb=219.1V, Vc=217.8V, T=25.0\u00b0C"""
1739436912.3420894,515,b'\x00\x00\x00\x00\x05\x00\x01\x00',"""Speed=0rpm, Target=0rpm, Torque=0.5A"""
1739436912.3525975,513,b'\x06\x00\xaa\x00W\xff\x00\x00',"""Ia=0.6A, Ib=17.0A, Ic=-16.9A"""
1739436912.3525975,514,b'\x8b\x08\x9e\x08\x91\x08\xfa\x00',"""Va=218.7V, Vb=220.6V, Vc=219.3V, T=25.0\u00b0C"""
1739436912.3525975,515,b'\x00\x00\x00\x00\x06\x00\x01\x00',"""Speed=0rpm, Target=0rpm, Torque=0.6A"""
1739436912.3626764,513,b'\xf9\xff\xa8\x00O\xff\x00\x00',"""Ia=-0.7A, Ib=16.8A, Ic=-17.7A"""
1739436912.3626764,514,b'\xbf\x08\xb9\x08\xb1\x08\xfa\x00',"""Va=223.9V, Vb=223.3V, Vc=222.5V, T=25.0\u00b0C"""
1739436912.3626764,515,b'\x00\x00\x00\x00\x07\x00\x01\x00',"""Speed=0rpm, Target=0rpm, Torque=0.7A"""
1739436912.373099,513,b'\x02\x00\xa9\x00R\xff\x00\x00',"""Ia=0.2A, Ib=16.9A, Ic=-17.4A"""
1739436912.373099,514,b'\x81\x08w\x08{\x08\xfa\x00',"""Va=217.7V, Vb=216.7V, Vc=217.1V, T=25.0\u00b0C"""
1739436912.373099,515,b'\x00\x00\x00\x00\x02\x00\x01\x00',"""Speed=0rpm, Target=0rpm, Torque=0.2A"""
1739436912.3841455,513,b'\xf9\xff\xae\x00S\xff\x00\x00',"""Ia=-0.7A, Ib=17.4A, Ic=-17.3A"""
1739436912.3841455,514,b'}\x08\x9d\x08\x8c\x08\xfa\x00',"""Va=217.3V, Vb=220.5V, Vc=218.8V, T=25.0\u00b0C"""
1739436912.3841455,515,b'\x00\x00\x00\x00\x07\x00\x01\x00',"""Speed=0rpm, Target=0rpm, Torque=0.7A"""
1739436912.3946543,513,b'\t\x00\xa4\x00Z\xff\x00\x00',"""Ia=0.9A, Ib=16.4A, Ic=-16.6A"""
1739436912.3946543,514,b'\x8e\x08\x9b\x08v\x08\xfa\x00',"""Va=219.0V, Vb=220.3V, Vc=216.6V, T=25.0\u00b0C"""
1739436912.3946543,515,b'\x00\x00\x00\x00\t\x00\x01\x00',"""Speed=0rpm, Target=0rpm, Torque=0.9A"""
1739436912.4047184,513,b'\xfa\xff\xb5\x00[\xff\x00\x00',"""Ia=-0.6A, Ib=18.1A, Ic=-16.5A"""
1739436912.4047184,514,b'\xc8\x08q\x08\xbe\x08\xfa\x00',"""Va=224.8V, Vb=216.1V, Vc=223.8V, T=25.0\u00b0C"""
1739436912.4047184,515,b'\x00\x00\x00\x00\x06\x00\x01\x00',"""Speed=0rpm, Target=0rpm, Torque=0.6A"""
1739436912.4152873,513,b'\x02\x00\xa5\x00\\\xff\x00\x00',"""Ia=0.2A, Ib=16.5A, Ic=-16.4A"""
1739436912.4152873,514,b'\xa1\x08t\x08k\x08\xfa\x00',"""Va=220.9V, Vb=216.4V, Vc=215.5V, T=25.0\u00b0C"""
1739436912.4152873,515,b'\x00\x00\x00\x00\x02\x00\x01\x00',"""Speed=0rpm, Target=0rpm, Torque=0.2A"""
1739436912.4258478,513,b'\xfd\xff\xa3\x00T\xff\x00\x00',"""Ia=-0.3A, Ib=16.3A, Ic=-17.2A"""
1739436912.4258478,514,b'\xc0\x08j\x08\xc7\x08\xfa\x00',"""Va=224.0V, Vb=215.4V, Vc=224.7V, T=25.0\u00b0C"""
1739436912.4258478,515,b'\x00\x00\x00\x00\x03\x00\x01\x00',"""Speed=0rpm, Target=0rpm, Torque=0.3A"""
1739436912.436088,513,b'\x03\x00\xa7\x00K\xff\x00\x00',"""Ia=0.3A, Ib=16.7A, Ic=-18.1A"""
1739436912.436088,514,b'\x87\x08p\x08\xc0\x08\xfa\x00',"""Va=218.3V, Vb=216.0V, Vc=224.0V, T=25.0\u00b0C"""
1739436912.436088,515,b'\x00\x00\x00\x00\x03\x00\x01\x00',"""Speed=0rpm, Target=0rpm, Torque=0.3A"""
1739436912.4468117,513,b'\x04\x00\xaf\x00P\xff\x00\x00',"""Ia=0.4A, Ib=17.5A, Ic=-17.6A"""
1739436912.4468117,514,b'\xc2\x08i\x08~\x08\xfa\x00',"""Va=224.2V, Vb=215.3V, Vc=217.4V, T=25.0\u00b0C"""
1739436912.4468117,515,b'\x00\x00\x00\x00\x04\x00\x01\x00',"""Speed=0rpm, Target=0rpm, Torque=0.4A"""
1739436912.4569495,513,b'\x06\x00\xb0\x00[\xff\x00\x00',"""Ia=0.6A, Ib=17.6A, Ic=-16.5A"""
1739436912.4569495,514,b'\x99\x08\xc5\x08\xbd\x08\xfa\x00',"""Va=220.1V, Vb=224.5V, Vc=223.7V, T=25.0\u00b0C"""
1739436912.4569495,515,b'\x00\x00\x00\x00\x06\x00\x01\x00',"""Speed=0rpm, Target=0rpm, Torque=0.6A"""
1739436912.467204,513,b'\x01\x00\xa6\x00]\xff\x00\x00',"""Ia=0.1A, Ib=16.6A, Ic=-16.3A"""
1739436912.467204,514,b'\x95\x08\xc4\x08h\x08\xfa\x00',"""Va=219.7V, Vb=224.4V, Vc=215.2V, T=25.0\u00b0C"""
1739436912.467204,515,b'\x00\x00\x00\x00\x01\x00\x01\x00',"""Speed=0rpm, Target=0rpm, Torque=0.1A"""
1739436912.4779935,513,b'\xf9\xff\xb4\x00R\xff\x00\x00',"""Ia=-0.7A, Ib=18.0A, Ic=-17.4A"""
1739436912.4779935,514,b'h\x08\xa7\x08\xb8\x08\xfa\x00',"""Va=215.2V, Vb=221.5V, Vc=223.2V, T=25.0\u00b0C"""
1739436912.4779935,515,b'\x00\x00\x00\x00\x07\x00\x01\x00',"""Speed=0rpm, Target=0rpm, Torque=0.7A"""
1739436912.4884667,513,b'\x06\x00\xb3\x00Q\xff\x00\x00',"""Ia=0.6A, Ib=17.9A, Ic=-17.5A"""
1739436912.4884667,514,b'\xad\x08h\x08\xb7\x08\xfa\x00',"""Va=222.1V, Vb=215.2V, Vc=223.1V, T=25.0\u00b0C"""
1739436912.4884667,515,b'\x00\x00\x00\x00\x06\x00\x01\x00',"""Speed=0rpm, Target=0rpm, Torque=0.6A"""
1739436912.4989367,513,b'\xf8\xff\xaf\x00\\\xff\x00\x00',"""Ia=-0.8A, Ib=17.5A, Ic=-16.4A"""
1739436912.4989367,514,b'|\x08y\x08\xc3\x08\xfa\x00',"""Va=217.2V, Vb=216.9V, Vc=224.3V, T=25.0\u00b0C"""
1739436912.4989367,515,b'\x00\x00\x00\x00\x08\x00\x01\x00',"""Speed=0rpm, Target=0rpm, Torque=0.8A"""
1739436912.5095067,513,b'\x00\x00\xad\x00Z\xff\x00\x00',"""Ia=0.0A, Ib=17.3A, Ic=-16.6A"""
1739436912.5095067,514,b'\xb3\x08\xb3\x08g\x08\xfa\x00',"""Va=222.7V, Vb=222.7V, Vc=215.1V, T=25.0\u00b0C"""
1739436912.5095067,515,b'\x00\x00\x00\x00\x00\x00\x01\x00',"""Speed=0rpm, Target=0rpm, Torque=0.0A"""
1739436912.5196166,513,b'\xff\xff\xae\x00W\xff\x00\x00',"""Ia=-0.1A, Ib=17.4A, Ic=-16.9A"""
1739436912.5196166,514,b'\xac\x08\x89\x08f\x08\xfa\x00',"""Va=222.0V, Vb=218.5V, Vc=215.0V, T=25.0\u00b0C"""
1739436912.5196166,515,b'\x00\x00\x00\x00\x01\x00\x01\x00',"""Speed=0rpm, Target=0rpm, Torque=0.1A"""
1739436912.5297053,513,b'\x06\x00\xad\x00T\xff\x00\x00',"""Ia=0.6A, Ib=17.3A, Ic=-17.2A"""
1739436912.5297053,514,b'q\x08\xa5\x08\x84\x08\xfa\x00',"""Va=216.1V, Vb=221.3V, Vc=218.0V, T=25.0\u00b0C"""
1739436912.5297053,515,b'\x00\x00\x00\x00\x06\x00\x01\x00',"""Speed=0rpm, Target=0rpm, Torque=0.6A"""
1739436912.540429,513,b'\xfd\xff\xa9\x00\\\xff\x00\x00',"""Ia=-0.3A, Ib=16.9A, Ic=-16.4A"""
1739436912.540429,514,b'\xb1\x08w\x08\x8b\x08\xfa\x00',"""Va=222.5V, Vb=216.7V, Vc=218.7V, T=25.0\u00b0C"""
1739436912.540429,515,b'\x00\x00\x00\x00\x03\x00\x01\x00',"""Speed=0rpm, Target=0rpm, Torque=0.3A"""
1739436912.5509453,513,b'\xfb\xff\xb7\x00[\xff\x00\x00',"""Ia=-0.5A, Ib=18.3A, Ic=-16.5A"""
1739436912.5509453,514,b't\x08\xa0\x08\x89\x08\xfa\x00',"""Va=216.4V, Vb=220.8V, Vc=218.5V, T=25.0\u00b0C"""
1739436912.5509453,515,b'\x00\x00\x00\x00\x05\x00\x01\x00',"""Speed=0rpm, Target=0rpm, Torque=0.5A"""
1739436912.5614462,513,b'\t\x00\xb1\x00R\xff\x00\x00',"""Ia=0.9A, Ib=17.7A, Ic=-17.4A"""
1739436912.5614462,514,b'\x90\x08\x95\x08\xa2\x08\xfa\x00',"""Va=219.2V, Vb=219.7V, Vc=221.0V, T=25.0\u00b0C"""
1739436912.5614462,515,b'\x00\x00\x00\x00\t\x00\x01\x00',"""Speed=0rpm, Target=0rpm, Torque=0.9A"""
1739436912.5718038,513,b'\xfe\xff\xa5\x00I\xff\x00\x00',"""Ia=-0.2A, Ib=16.5A, Ic=-18.3A"""
1739436912.5718038,514,b'\xa7\x08k\x08\x8f\x08\xfa\x00',"""Va=221.5V, Vb=215.5V, Vc=219.1V, T=25.0\u00b0C"""
1739436912.5718038,515,b'\x00\x00\x00\x00\x02\x00\x01\x00',"""Speed=0rpm, Target=0rpm, Torque=0.2A"""
1739436912.582189,513,b'\x08\x00\xa8\x00M\xff\x00\x00',"""Ia=0.8A, Ib=16.8A, Ic=-17.9A"""
1739436912.582189,514,b'f\x08{\x08\xbc\x08\xfa\x00',"""Va=215.0V, Vb=217.1V, Vc=223.6V, T=25.0\u00b0C"""
1739436912.582189,515,b'\x00\x00\x00\x00\x08\x00\x01\x00',"""Speed=0rpm, Target=0rpm, Torque=0.8A"""
1739436912.59275,513,b'\x00\x00\xb3\x00T\xff\x00\x00',"""Ia=0.0A, Ib=17.9A, Ic=-17.2A"""
1739436912.59275,514,b'\xac\x08\x90\x08o\x08\xfa\x00',"""Va=222.0V, Vb=219.2V, Vc=215.9V, T=25.0\u00b0C"""
1739436912.59275,515,b'\x00\x00\x00\x00\x00\x00\x01\x00',"""Speed=0rpm, Target=0rpm, Torque=0.0A"""
1739436912.6028836,513,b'\xf8\xff\xb2\x00R\xff\x00\x00',"""Ia=-0.8A, Ib=17.8A, Ic=-17.4A"""
1739436912.602954,514,b'\xb2\x08\xae\x08\x8e\x08\xfa\x00',"""Va=222.6V, Vb=222.2V, Vc=219.0V, T=25.0\u00b0C"""
1739436912.602954,515,b'\x00\x00\x00\x00\x08\x00\x01\x00',"""Speed=0rpm, Target=0rpm, Torque=0.8A"""
1739436912.613182,513,b'\xfa\xff\xa7\x00P\xff\x00\x00',"""Ia=-0.6A, Ib=16.7A, Ic=-17.6A"""
1739436912.613182,514,b'\xb9\x08l\x08{\x08\xfa\x00',"""Va=223.3V, Vb=215.6V, Vc=217.1V, T=25.0\u00b0C"""
1739436912.613182,515,b'\x00\x00\x00\x00\x06\x00\x01\x00',"""Speed=0rpm, Target=0rpm, Torque=0.6A"""
1739436912.6236377,513,b'\xff\xff\xb0\x00\\\xff\x00\x00',"""Ia=-0.1A, Ib=17.6A, Ic=-16.4A"""
1739436912.6236377,514,b'\xb9\x08\xa4\x08\x85\x08\xfa\x00',"""Va=223.3V, Vb=221.2V, Vc=218.1V, T=25.0\u00b0C"""
1739436912.6236377,515,b'\x00\x00\x00\x00\x01\x00\x01\x00',"""Speed=0rpm, Target=0rpm, Torque=0.1A"""
1739436912.6341639,513,b'\xff\xff\xac\x00Q\xff\x00\x00',"""Ia=-0.1A, Ib=17.2A, Ic=-17.5A"""
1739436912.6341639,514,b'\xa0\x08\x8a\x08\xba\x08\xfa\x00',"""Va=220.8V, Vb=218.6V, Vc=223.4V, T=25.0\u00b0C"""
1739436912.6341639,515,b'\x00\x00\x00\x00\x01\x00\x01\x00',"""Speed=0rpm, Target=0rpm, Torque=0.1A"""
1739436912.6442409,513,b'\x00\x00\xb6\x00X\xff\x00\x00',"""Ia=0.0A, Ib=18.2A, Ic=-16.8A"""
1739436912.6442409,514,b'\x80\x08\x9c\x08\xc0\x08\xfa\x00',"""Va=217.6V, Vb=220.4V, Vc=224.0V, T=25.0\u00b0C"""
1739436912.6442409,515,b'\x00\x00\x00\x00\x00\x00\x01\x00',"""Speed=0rpm, Target=0rpm, Torque=0.0A"""
1739436912.654523,513,b'\x02\x00\xae\x00Y\xff\x00\x00',"""Ia=0.2A, Ib=17.4A, Ic=-16.7A"""
1739436912.654523,514,b'\x90\x08\xc7\x08\x97\x08\xfa\x00',"""Va=219.2V, Vb=224.7V, Vc=219.9V, T=25.0\u00b0C"""
1739436912.654523,515,b'\x00\x00\x00\x00\x02\x00\x01\x00',"""Speed=0rpm, Target=0rpm, Torque=0.2A"""
1739436912.6647017,513,b'\t\x00\xa5\x00Z\xff\x00\x00',"""Ia=0.9A, Ib=16.5A, Ic=-16.6A"""
1739436912.6647017,514,b'\xaf\x08{\x08\x92\x08\xfa\x00',"""Va=222.3V, Vb=217.1V, Vc=219.4V, T=25.0\u00b0C"""
1739436912.6647017,515,b'\x00\x00\x00\x00\t\x00\x01\x00',"""Speed=0rpm, Target=0rpm, Torque=0.9A"""
1739436912.6752956,513,b'\x01\x00\xaf\x00S\xff\x00\x00',"""Ia=0.1A, Ib=17.5A, Ic=-17.3A"""
1739436912.6752956,514,b'g\x08\xbb\x08\x83\x08\xfa\x00',"""Va=215.1V, Vb=223.5V, Vc=217.9V, T=25.0\u00b0C"""
1739436912.6752956,515,b'\x00\x00\x00\x00\x01\x00\x01\x00',"""Speed=0rpm, Target=0rpm, Torque=0.1A"""
1739436912.686088,513,b'\xfb\xff\xb0\x00]\xff\x00\x00',"""Ia=-0.5A, Ib=17.6A, Ic=-16.3A"""
1739436912.686088,514,b'y\x08\xa4\x08\xa9\x08\xfa\x00',"""Va=216.9V, Vb=221.2V, Vc=221.7V, T=25.0\u00b0C"""
1739436912.686088,515,b'\x00\x00\x00\x00\x05\x00\x01\x00',"""Speed=0rpm, Target=0rpm, Torque=0.5A"""
1739436912.696458,513,b'\x00\x00\xa4\x00R\xff\x00\x00',"""Ia=0.0A, Ib=16.4A, Ic=-17.4A"""
1739436912.696458,514,b'\xab\x08\xbd\x08\xbf\x08\xfa\x00',"""Va=221.9V, Vb=223.7V, Vc=223.9V, T=25.0\u00b0C"""
1739436912.696458,515,b'\x00\x00\x00\x00\x00\x00\x01\x00',"""Speed=0rpm, Target=0rpm, Torque=0.0A"""
1739436912.7067363,513,b'\x06\x00\xae\x00N\xff\x00\x00',"""Ia=0.6A, Ib=17.4A, Ic=-17.8A"""
1739436912.7067363,514,b'\xb3\x08q\x08\xc6\x08\xfa\x00',"""Va=222.7V, Vb=216.1V, Vc=224.6V, T=25.0\u00b0C"""
1739436912.7067363,515,b'\x00\x00\x00\x00\x06\x00\x01\x00',"""Speed=0rpm, Target=0rpm, Torque=0.6A"""
1739436912.7174242,513,b'\xfb\xff\xb1\x00Y\xff\x00\x00',"""Ia=-0.5A, Ib=17.7A, Ic=-16.7A"""
1739436912.7174242,514,b'\x86\x08\xbd\x08t\x08\xfa\x00',"""Va=218.2V, Vb=223.7V, Vc=216.4V, T=25.0\u00b0C"""
1739436912.7174242,515,b'\x00\x00\x00\x00\x05\x00\x01\x00',"""Speed=0rpm, Target=0rpm, Torque=0.5A"""
1739436912.7276087,513,b'\x05\x00\xa5\x00[\xff\x00\x00',"""Ia=0.5A, Ib=16.5A, Ic=-16.5A"""
1739436912.7276087,514,b'\xa0\x08m\x08n\x08\xfa\x00',"""Va=220.8V, Vb=215.7V, Vc=215.8V, T=25.0\u00b0C"""
1739436912.7276087,515,b'\x00\x00\x00\x00\x05\x00\x01\x00',"""Speed=0rpm, Target=0rpm, Torque=0.5A"""
1739436912.7380743,513,b'\x02\x00\xa9\x00P\xff\x00\x00',"""Ia=0.2A, Ib=16.9A, Ic=-17.6A"""
1739436912.7380743,514,b'\xc0\x08\xbd\x08\x90\x08\xfa\x00',"""Va=224.0V, Vb=223.7V, Vc=219.2V, T=25.0\u00b0C"""
1739436912.7380743,515,b'\x00\x00\x00\x00\x02\x00\x01\x00',"""Speed=0rpm, Target=0rpm, Torque=0.2A"""
1739436912.7486196,513,b'\xfd\xff\xa9\x00Y\xff\x00\x00',"""Ia=-0.3A, Ib=16.9A, Ic=-16.7A"""
1739436912.7486196,514,b'm\x08\xa9\x08\xb8\x08\xfa\x00',"""Va=215.7V, Vb=221.7V, Vc=223.2V, T=25.0\u00b0C"""
1739436912.7486196,515,b'\x00\x00\x00\x00\x03\x00\x01\x00',"""Speed=0rpm, Target=0rpm, Torque=0.3A"""
1739436912.759153,513,b'\x08\x00\xab\x00P\xff\x00\x00',"""Ia=0.8A, Ib=17.1A, Ic=-17.6A"""
1739436912.759153,514,b'\xab\x08\xc8\x08\x9c\x08\xfa\x00',"""Va=221.9V, Vb=224.8V, Vc=220.4V, T=25.0\u00b0C"""
1739436912.759153,515,b'\x00\x00\x00\x00\x08\x00\x01\x00',"""Speed=0rpm, Target=0rpm, Torque=0.8A"""
1739436912.7695613,513,b'\xfa\xff\xac\x00L\xff\x00\x00',"""Ia=-0.6A, Ib=17.2A, Ic=-18.0A"""
1739436912.7695613,514,b'\x96\x08p\x08\x9c\x08\xfa\x00',"""Va=219.8V, Vb=216.0V, Vc=220.4V, T=25.0\u00b0C"""
1739436912.7695613,515,b'\x00\x00\x00\x00\x06\x00\x01\x00',"""Speed=0rpm, Target=0rpm, Torque=0.6A"""
1739436912.779712,513,b'\xfb\xff\xb0\x00[\xff\x00\x00',"""Ia=-0.5A, Ib=17.6A, Ic=-16.5A"""
1739436912.779712,514,b'\xb9\x08\xb5\x08\xb4\x08\xfa\x00',"""Va=223.3V, Vb=222.9V, Vc=222.8V, T=25.0\u00b0C"""
1739436912.779712,515,b'\x00\x00\x00\x00\x05\x00\x01\x00',"""Speed=0rpm, Target=0rpm, Torque=0.5A"""
1739436912.7900705,513,b'\xff\xff\xb3\x00Z\xff\x00\x00',"""Ia=-0.1A, Ib=17.9A, Ic=-16.6A"""
1739436912.7900705,514,b'\x9a\x08h\x08r\x08\xfa\x00',"""Va=220.2V, Vb=215.2V, Vc=216.2V, T=25.0\u00b0C"""
1739436912.7900705,515,b'\x00\x00\x00\x00\x01\x00\x01\x00',"""Speed=0rpm, Target=0rpm, Torque=0.1A"""
1739436912.8010626,513,b'\x00\x00\xb6\x00I\xff\x00\x00',"""Ia=0.0A, Ib=18.2A, Ic=-18.3A"""
1739436912.8010626,514,b'\xc7\x08\x91\x08\xba\x08\xfa\x00',"""Va=224.7V, Vb=219.3V, Vc=223.4V, T=25.0\u00b0C"""
1739436912.8010626,515,b'\x00\x00\x00\x00\x00\x00\x01\x00',"""Speed=0rpm, Target=0rpm, Torque=0.0A"""
1739436912.8116384,513,b'\xff\xff\xab\x00K\xff\x00\x00',"""Ia=-0.1A, Ib=17.1A, Ic=-18.1A"""
1739436912.8116384,514,b'\xbb\x08\x9e\x08o\x08\xfa\x00',"""Va=223.5V, Vb=220.6V, Vc=215.9V, T=25.0\u00b0C"""
1739436912.8116384,515,b'\x00\x00\x00\x00\x01\x00\x01\x00',"""Speed=0rpm, Target=0rpm, Torque=0.1A"""
1739436912.8217523,513,b'\xfc\xff\xa5\x00N\xff\x00\x00',"""Ia=-0.4A, Ib=16.5A, Ic=-17.8A"""
1739436912.8217523,514,b'\x88\x08u\x08\xad\x08\xfa\x00',"""Va=218.4V, Vb=216.5V, Vc=222.1V, T=25.0\u00b0C"""
1739436912.8217523,515,b'\x00\x00\x00\x00\x04\x00\x01\x00',"""Speed=0rpm, Target=0rpm, Torque=0.4A"""
1739436912.832121,513,b'\x00\x00\xa3\x00Q\xff\x00\x00',"""Ia=0.0A, Ib=16.3A, Ic=-17.5A"""
1739436912.832121,514,b'\xbd\x08p\x08\xad\x08\xfa\x00',"""Va=223.7V, Vb=216.0V, Vc=222.1V, T=25.0\u00b0C"""
1739436912.832121,515,b'\x00\x00\x00\x00\x00\x00\x01\x00',"""Speed=0rpm, Target=0rpm, Torque=0.0A"""
1739436912.8423002,513,b'\xfa\xff\xa3\x00X\xff\x00\x00',"""Ia=-0.6A, Ib=16.3A, Ic=-16.8A"""
1739436912.8423002,514,b'w\x08u\x08\xc0\x08\xfa\x00',"""Va=216.7V, Vb=216.5V, Vc=224.0V, T=25.0\u00b0C"""
1739436912.8423002,515,b'\x00\x00\x00\x00\x06\x00\x01\x00',"""Speed=0rpm, Target=0rpm, Torque=0.6A"""
1739436912.852671,513,b'\x08\x00\xb0\x00Q\xff\x00\x00',"""Ia=0.8A, Ib=17.6A, Ic=-17.5A"""
1739436912.852671,514,b'y\x08z\x08\x80\x08\xfa\x00',"""Va=216.9V, Vb=217.0V, Vc=217.6V, T=25.0\u00b0C"""
1739436912.852671,515,b'\x00\x00\x00\x00\x08\x00\x01\x00',"""Speed=0rpm, Target=0rpm, Torque=0.8A"""
1739436912.862801,513,b'\xf7\xff\xb4\x00Y\xff\x00\x00',"""Ia=-0.9A, Ib=18.0A, Ic=-16.7A"""
1739436912.8628457,514,b'\x9d\x08\x9c\x08\x87\x08\xfa\x00',"""Va=220.5V, Vb=220.4V, Vc=218.3V, T=25.0\u00b0C"""
1739436912.8628457,515,b'\x00\x00\x00\x00\t\x00\x01\x00',"""Speed=0rpm, Target=0rpm, Torque=0.9A"""
1739436912.8732457,513,b'\xfe\xff\xae\x00M\xff\x00\x00',"""Ia=-0.2A, Ib=17.4A, Ic=-17.9A"""
1739436912.8732457,514,b'\xb6\x08\x89\x08\xa4\x08\xfa\x00',"""Va=223.0V, Vb=218.5V, Vc=221.2V, T=25.0\u00b0C"""
1739436912.8732457,515,b'\x00\x00\x00\x00\x02\x00\x01\x00',"""Speed=0rpm, Target=0rpm, Torque=0.2A"""
1739436912.884131,513,b'\xfd\xff\xae\x00V\xff\x00\x00',"""Ia=-0.3A, Ib=17.4A, Ic=-17.0A"""
1739436912.884131,514,b'\xb2\x08\xb5\x08\x88\x08\xfa\x00',"""Va=222.6V, Vb=222.9V, Vc=218.4V, T=25.0\u00b0C"""
1739436912.884131,515,b'\x00\x00\x00\x00\x03\x00\x01\x00',"""Speed=0rpm, Target=0rpm, Torque=0.3A"""
1739436912.8943734,513,b'\xfa\xff\xae\x00L\xff\x00\x00',"""Ia=-0.6A, Ib=17.4A, Ic=-18.0A"""
1739436912.8943734,514,b'}\x08\x91\x08\xa7\x08\xfa\x00',"""Va=217.3V, Vb=219.3V, Vc=221.5V, T=25.0\u00b0C"""
1739436912.8943734,515,b'\x00\x00\x00\x00\x06\x00\x01\x00',"""Speed=0rpm, Target=0rpm, Torque=0.6A"""
1739436912.904758,513,b'\x07\x00\xb0\x00N\xff\x00\x00',"""Ia=0.7A, Ib=17.6A, Ic=-17.8A"""
1739436912.904758,514,b'\xc4\x08\x8b\x08\xc3\x08\xfa\x00',"""Va=224.4V, Vb=218.7V, Vc=224.3V, T=25.0\u00b0C"""
1739436912.904758,515,b'\x00\x00\x00\x00\x07\x00\x01\x00',"""Speed=0rpm, Target=0rpm, Torque=0.7A"""
1739436912.9150805,513,b'\x07\x00\xb0\x00]\xff\x00\x00',"""Ia=0.7A, Ib=17.6A, Ic=-16.3A"""
1739436912.9150805,514,b'\x88\x08m\x08\x9a\x08\xfa\x00',"""Va=218.4V, Vb=215.7V, Vc=220.2V, T=25.0\u00b0C"""
1739436912.9150805,515,b'\x00\x00\x00\x00\x07\x00\x01\x00',"""Speed=0rpm, Target=0rpm, Torque=0.7A"""
1739436912.9256132,513,b'\x04\x00\xb6\x00T\xff\x00\x00',"""Ia=0.4A, Ib=18.2A, Ic=-17.2A"""
1739436912.9256132,514,b'\x9f\x08\xb2\x08\xc7\x08\xfa\x00',"""Va=220.7V, Vb=222.6V, Vc=224.7V, T=25.0\u00b0C"""
1739436912.9256132,515,b'\x00\x00\x00\x00\x04\x00\x01\x00',"""Speed=0rpm, Target=0rpm, Torque=0.4A"""
1739436912.9361086,513,b'\t\x00\xad\x00V\xff\x00\x00',"""Ia=0.9A, Ib=17.3A, Ic=-17.0A"""
1739436912.9361086,514,b'\xba\x08\x9b\x08\xba\x08\xfa\x00',"""Va=223.4V, Vb=220.3V, Vc=223.4V, T=25.0\u00b0C"""
1739436912.9361086,515,b'\x00\x00\x00\x00\t\x00\x01\x00',"""Speed=0rpm, Target=0rpm, Torque=0.9A"""
1739436912.9466255,513,b'\x02\x00\xb5\x00R\xff\x00\x00',"""Ia=0.2A, Ib=18.1A, Ic=-17.4A"""
1739436912.9466255,514,b'\xc4\x08\xb1\x08\x98\x08\xfa\x00',"""Va=224.4V, Vb=222.5V, Vc=220.0V, T=25.0\u00b0C"""
1739436912.9466255,515,b'\x00\x00\x00\x00\x02\x00\x01\x00',"""Speed=0rpm, Target=0rpm, Torque=0.2A"""
1739436912.9566805,513,b'\t\x00\xab\x00V\xff\x00\x00',"""Ia=0.9A, Ib=17.1A, Ic=-17.0A"""
1739436912.9566805,514,b'\xa5\x08p\x08\xc2\x08\xfa\x00',"""Va=221.3V, Vb=216.0V, Vc=224.2V, T=25.0\u00b0C"""
1739436912.9566805,515,b'\x00\x00\x00\x00\t\x00\x01\x00',"""Speed=0rpm, Target=0rpm, Torque=0.9A"""
1739436912.9667954,513,b'\x04\x00\xaf\x00\\\xff\x00\x00',"""Ia=0.4A, Ib=17.5A, Ic=-16.4A"""
1739436912.9667954,514,b'\xbf\x08s\x08\xc8\x08\xfa\x00',"""Va=223.9V, Vb=216.3V, Vc=224.8V, T=25.0\u00b0C"""
1739436912.9667954,515,b'\x00\x00\x00\x00\x04\x00\x01\x00',"""Speed=0rpm, Target=0rpm, Torque=0.4A"""
1739436912.9778037,513,b'\x04\x00\xa6\x00O\xff\x00\x00',"""Ia=0.4A, Ib=16.6A, Ic=-17.7A"""
1739436912.9778037,514,b'f\x08\xa3\x08\xc1\x08\xfa\x00',"""Va=215.0V, Vb=221.1V, Vc=224.1V, T=25.0\u00b0C"""
1739436912.9778037,515,b'\x00\x00\x00\x00\x04\x00\x01\x00',"""Speed=0rpm, Target=0rpm, Torque=0.4A"""
1739436912.9878943,513,b'\x06\x00\xa5\x00Y\xff\x00\x00',"""Ia=0.6A, Ib=16.5A, Ic=-16.7A"""
1739436912.9878943,514,b'\xb0\x08\xa1\x08\xc6\x08\xfa\x00',"""Va=222.4V, Vb=220.9V, Vc=224.6V, T=25.0\u00b0C"""
1739436912.9878943,515,b'\x00\x00\x00\x00\x06\x00\x01\x00',"""Speed=0rpm, Target=0rpm, Torque=0.6A"""
1739436912.9983737,513,b'\xf8\xff\xae\x00Y\xff\x00\x00',"""Ia=-0.8A, Ib=17.4A, Ic=-16.7A"""
1739436912.9983737,514,b'\xb0\x08\xb2\x08\xc5\x08\xfa\x00',"""Va=222.4V, Vb=222.6V, Vc=224.5V, T=25.0\u00b0C"""
1739436912.9983737,515,b'\x00\x00\x00\x00\x08\x00\x01\x00',"""Speed=0rpm, Target=0rpm, Torque=0.8A"""
1739436913.0091739,513,b'\x00\x00\xb2\x00P\xff\x00\x00',"""Ia=0.0A, Ib=17.8A, Ic=-17.6A"""
1739436913.0091739,514,b'\x9b\x08\xaf\x08\xad\x08\xfa\x00',"""Va=220.3V, Vb=222.3V, Vc=222.1V, T=25.0\u00b0C"""
1739436913.0091739,515,b'\x00\x00\x00\x00\x00\x00\x01\x00',"""Speed=0rpm, Target=0rpm, Torque=0.0A"""
1739436913.0196607,513,b'\x01\x00\xa8\x00J\xff\x00\x00',"""Ia=0.1A, Ib=16.8A, Ic=-18.2A"""
1739436913.0196607,514,b'\xbf\x08\xbd\x08~\x08\xfa\x00',"""Va=223.9V, Vb=223.7V, Vc=217.4V, T=25.0\u00b0C"""
1739436913.0196607,515,b'\x00\x00\x00\x00\x01\x00\x01\x00',"""Speed=0rpm, Target=0rpm, Torque=0.1A"""
1739436913.0303528,513,b'\t\x00\xa8\x00T\xff\x00\x00',"""Ia=0.9A, Ib=16.8A, Ic=-17.2A"""
1739436913.0303528,514,b'\xb0\x08\x95\x08g\x08\xfa\x00',"""Va=222.4V, Vb=219.7V, Vc=215.1V, T=25.0\u00b0C"""
1739436913.0303528,515,b'\x00\x00\x00\x00\t\x00\x01\x00',"""Speed=0rpm, Target=0rpm, Torque=0.9A"""
1739436913.0412488,513,b'\xfe\xff\xab\x00[\xff\x00\x00',"""Ia=-0.2A, Ib=17.1A, Ic=-16.5A"""
1739436913.0412488,514,b'\x9e\x08l\x08\xb6\x08\xfa\x00',"""Va=220.6V, Vb=215.6V, Vc=223.0V, T=25.0\u00b0C"""
1739436913.0412488,515,b'\x00\x00\x00\x00\x02\x00\x01\x00',"""Speed=0rpm, Target=0rpm, Torque=0.2A"""
1739436913.0516095,513,b'\xf9\xff\xa5\x00V\xff\x00\x00',"""Ia=-0.7A, Ib=16.5A, Ic=-17.0A"""
1739436913.0516095,514,b'\xb9\x08\xc2\x08y\x08\xfa\x00',"""Va=223.3V, Vb=224.2V, Vc=216.9V, T=25.0\u00b0C"""
1739436913.0516095,515,b'\x00\x00\x00\x00\x07\x00\x01\x00',"""Speed=0rpm, Target=0rpm, Torque=0.7A"""
1739436913.0620182,513,b'\xf7\xff\xb5\x00R\xff\x00\x00',"""Ia=-0.9A, Ib=18.1A, Ic=-17.4A"""
1739436913.0620182,514,b'\xb3\x08\xa5\x08\x96\x08\xfa\x00',"""Va=222.7V, Vb=221.3V, Vc=219.8V, T=25.0\u00b0C"""
1739436913.0620182,515,b'\x00\x00\x00\x00\t\x00\x01\x00',"""Speed=0rpm, Target=0rpm, Torque=0.9A"""
1739436913.07232,513,b'\x07\x00\xaa\x00O\xff\x00\x00',"""Ia=0.7A, Ib=17.0A, Ic=-17.7A"""
1739436913.07232,514,b'\x88\x08u\x08x\x08\xfa\x00',"""Va=218.4V, Vb=216.5V, Vc=216.8V, T=25.0\u00b0C"""
1739436913.07232,515,b'\x00\x00\x00\x00\x07\x00\x01\x00',"""Speed=0rpm, Target=0rpm, Torque=0.7A"""
1739436913.0829535,513,b'\x01\x00\xb5\x00Z\xff\x00\x00',"""Ia=0.1A, Ib=18.1A, Ic=-16.6A"""
1739436913.0829535,514,b'\xbd\x08i\x08\xc0\x08\xfa\x00',"""Va=223.7V, Vb=215.3V, Vc=224.0V, T=25.0\u00b0C"""
1739436913.0829535,515,b'\x00\x00\x00\x00\x01\x00\x01\x00',"""Speed=0rpm, Target=0rpm, Torque=0.1A"""
1739436913.0931852,513,b'\x00\x00\xb2\x00[\xff\x00\x00',"""Ia=0.0A, Ib=17.8A, Ic=-16.5A"""
1739436913.0931852,514,b'\x9c\x08u\x08k\x08\xfa\x00',"""Va=220.4V, Vb=216.5V, Vc=215.5V, T=25.0\u00b0C"""
1739436913.0931852,515,b'\x00\x00\x00\x00\x00\x00\x01\x00',"""Speed=0rpm, Target=0rpm, Torque=0.0A"""
1739436913.1041343,513,b'\xfb\xff\xa9\x00X\xff\x00\x00',"""Ia=-0.5A, Ib=16.9A, Ic=-16.8A"""
1739436913.1041343,514,b'\xa2\x08j\x08\xa6\x08\xfa\x00',"""Va=221.0V, Vb=215.4V, Vc=221.4V, T=25.0\u00b0C"""
1739436913.1041343,515,b'\x00\x00\x00\x00\x05\x00\x01\x00',"""Speed=0rpm, Target=0rpm, Torque=0.5A"""
1739436913.114272,513,b'\x00\x00\xac\x00[\xff\x00\x00',"""Ia=0.0A, Ib=17.2A, Ic=-16.5A"""
1739436913.114272,514,b'\xbb\x08\xbc\x08\xbc\x08\xfa\x00',"""Va=223.5V, Vb=223.6V, Vc=223.6V, T=25.0\u00b0C"""
1739436913.114272,515,b'\x00\x00\x00\x00\x00\x00\x01\x00',"""Speed=0rpm, Target=0rpm, Torque=0.0A"""
1739436913.1245627,513,b'\xfd\xff\xaa\x00Q\xff\x00\x00',"""Ia=-0.3A, Ib=17.0A, Ic=-17.5A"""
1739436913.1245627,514,b'\x96\x08p\x08\xa1\x08\xfa\x00',"""Va=219.8V, Vb=216.0V, Vc=220.9V, T=25.0\u00b0C"""
1739436913.1245627,515,b'\x00\x00\x00\x00\x03\x00\x01\x00',"""Speed=0rpm, Target=0rpm, Torque=0.3A"""
1739436913.1350477,513,b'\x00\x00\xa7\x00Y\xff\x00\x00',"""Ia=0.0A, Ib=16.7A, Ic=-16.7A"""
1739436913.1350477,514,b'o\x08\xb7\x08\xb6\x08\xfa\x00',"""Va=215.9V, Vb=223.1V, Vc=223.0V, T=25.0\u00b0C"""
1739436913.1350477,515,b'\x00\x00\x00\x00\x00\x00\x01\x00',"""Speed=0rpm, Target=0rpm, Torque=0.0A"""
1739436913.145522,513,b'\xfb\xff\xb6\x00Z\xff\x00\x00',"""Ia=-0.5A, Ib=18.2A, Ic=-16.6A"""
1739436913.145522,514,b'\x95\x08\xb4\x08\xab\x08\xfa\x00',"""Va=219.7V, Vb=222.8V, Vc=221.9V, T=25.0\u00b0C"""
1739436913.145522,515,b'\x00\x00\x00\x00\x05\x00\x01\x00',"""Speed=0rpm, Target=0rpm, Torque=0.5A"""
1739436913.1560512,513,b'\x03\x00\xaf\x00K\xff\x00\x00',"""Ia=0.3A, Ib=17.5A, Ic=-18.1A"""
1739436913.1560512,514,b'\xbb\x08\xa0\x08\xa4\x08\xfa\x00',"""Va=223.5V, Vb=220.8V, Vc=221.2V, T=25.0\u00b0C"""
1739436913.1560512,515,b'\x00\x00\x00\x00\x03\x00\x01\x00',"""Speed=0rpm, Target=0rpm, Torque=0.3A"""
1739436913.1664653,513,b'\x00\x00\xb6\x00V\xff\x00\x00',"""Ia=0.0A, Ib=18.2A, Ic=-17.0A"""
1739436913.1664653,514,b'|\x08|\x08\xa8\x08\xfa\x00',"""Va=217.2V, Vb=217.2V, Vc=221.6V, T=25.0\u00b0C"""
1739436913.1664653,515,b'\x00\x00\x00\x00\x00\x00\x01\x00',"""Speed=0rpm, Target=0rpm, Torque=0.0A"""
1739436913.177408,513,b'\xff\xff\xac\x00]\xff\x00\x00',"""Ia=-0.1A, Ib=17.2A, Ic=-16.3A"""
1739436913.177408,514,b'\x8b\x08\xaf\x08\xaa\x08\xfa\x00',"""Va=218.7V, Vb=222.3V, Vc=221.8V, T=25.0\u00b0C"""
1739436913.177408,515,b'\x00\x00\x00\x00\x01\x00\x01\x00',"""Speed=0rpm, Target=0rpm, Torque=0.1A"""
1739436913.1875932,513,b'\x08\x00\xb5\x00T\xff\x00\x00',"""Ia=0.8A, Ib=18.1A, Ic=-17.2A"""
1739436913.1875932,514,b'\xb4\x08\x93\x08g\x08\xfa\x00',"""Va=222.8V, Vb=219.5V, Vc=215.1V, T=25.0\u00b0C"""
1739436913.1875932,515,b'\x00\x00\x00\x00\x08\x00\x01\x00',"""Speed=0rpm, Target=0rpm, Torque=0.8A"""
1739436913.1982536,513,b'\x04\x00\xa9\x00U\xff\x00\x00',"""Ia=0.4A, Ib=16.9A, Ic=-17.1A"""
1739436913.1982536,514,b'\x80\x08\xbe\x08l\x08\xfa\x00',"""Va=217.6V, Vb=223.8V, Vc=215.6V, T=25.0\u00b0C"""
1739436913.1982536,515,b'\x00\x00\x00\x00\x04\x00\x01\x00',"""Speed=0rpm, Target=0rpm, Torque=0.4A"""
1739436913.208469,513,b'\xfc\xff\xa4\x00U\xff\x00\x00',"""Ia=-0.4A, Ib=16.4A, Ic=-17.1A"""
1739436913.208469,514,b'j\x08\x9b\x08\xb6\x08\xfa\x00',"""Va=215.4V, Vb=220.3V, Vc=223.0V, T=25.0\u00b0C"""
1739436913.208469,515,b'\x00\x00\x00\x00\x04\x00\x01\x00',"""Speed=0rpm, Target=0rpm, Torque=0.4A"""
1739436913.219504,513,b'\xf8\xff\xae\x00[\xff\x00\x00',"""Ia=-0.8A, Ib=17.4A, Ic=-16.5A"""
1739436913.219504,514,b'n\x08\xa2\x08p\x08\xfa\x00',"""Va=215.8V, Vb=221.0V, Vc=216.0V, T=25.0\u00b0C"""
1739436913.219504,515,b'\x00\x00\x00\x00\x08\x00\x01\x00',"""Speed=0rpm, Target=0rpm, Torque=0.8A"""
1739436913.2296999,513,b'\xfe\xff\xa6\x00Q\xff\x00\x00',"""Ia=-0.2A, Ib=16.6A, Ic=-17.5A"""
1739436913.2296999,514,b'\xa9\x08j\x08o\x08\xfa\x00',"""Va=221.7V, Vb=215.4V, Vc=215.9V, T=25.0\u00b0C"""
1739436913.2296999,515,b'\x00\x00\x00\x00\x02\x00\x01\x00',"""Speed=0rpm, Target=0rpm, Torque=0.2A"""
1739436913.2397928,513,b'\xfe\xff\xb5\x00R\xff\x00\x00',"""Ia=-0.2A, Ib=18.1A, Ic=-17.4A"""
1739436913.2397928,514,b'\xb9\x08\xa2\x08v\x08\xfa\x00',"""Va=223.3V, Vb=221.0V, Vc=216.6V, T=25.0\u00b0C"""
1739436913.2397928,515,b'\x00\x00\x00\x00\x02\x00\x01\x00',"""Speed=0rpm, Target=0rpm, Torque=0.2A"""
1739436913.2502058,513,b'\x08\x00\xa5\x00O\xff\x00\x00',"""Ia=0.8A, Ib=16.5A, Ic=-17.7A"""
1739436913.2502058,514,b'q\x08\xa3\x08\xa9\x08\xfa\x00',"""Va=216.1V, Vb=221.1V, Vc=221.7V, T=25.0\u00b0C"""
1739436913.2502058,515,b'\x00\x00\x00\x00\x08\x00\x01\x00',"""Speed=0rpm, Target=0rpm, Torque=0.8A"""
1739436913.2603302,513,b'\x00\x00\xa7\x00Z\xff\x00\x00',"""Ia=0.0A, Ib=16.7A, Ic=-16.6A"""
1739436913.2603302,514,b'\xa1\x08\xb7\x08\xaa\x08\xfa\x00',"""Va=220.9V, Vb=223.1V, Vc=221.8V, T=25.0\u00b0C"""
1739436913.2603302,515,b'\x00\x00\x00\x00\x00\x00\x01\x00',"""Speed=0rpm, Target=0rpm, Torque=0.0A"""
1739436913.2707748,513,b'\xf8\xff\xb1\x00R\xff\x00\x00',"""Ia=-0.8A, Ib=17.7A, Ic=-17.4A"""
1739436913.2707748,514,b'}\x08\xba\x08\x99\x08\xfa\x00',"""Va=217.3V, Vb=223.4V, Vc=220.1V, T=25.0\u00b0C"""
1739436913.2707748,515,b'\x00\x00\x00\x00\x08\x00\x01\x00',"""Speed=0rpm, Target=0rpm, Torque=0.8A"""
1739436913.2810109,513,b'\xff\xff\xa3\x00N\xff\x00\x00',"""Ia=-0.1A, Ib=16.3A, Ic=-17.8A"""
1739436913.2810109,514,b'\xb9\x08\xae\x08\xb4\x08\xfa\x00',"""Va=223.3V, Vb=222.2V, Vc=222.8V, T=25.0\u00b0C"""
1739436913.2810109,515,b'\x00\x00\x00\x00\x01\x00\x01\x00',"""Speed=0rpm, Target=0rpm, Torque=0.1A"""
1739436913.2911663,513,b'\x08\x00\xb2\x00K\xff\x00\x00',"""Ia=0.8A, Ib=17.8A, Ic=-18.1A"""
1739436913.2911663,514,b'f\x08\x91\x08\x85\x08\xfa\x00',"""Va=215.0V, Vb=219.3V, Vc=218.1V, T=25.0\u00b0C"""
1739436913.2911663,515,b'\x00\x00\x00\x00\x08\x00\x01\x00',"""Speed=0rpm, Target=0rpm, Torque=0.8A"""
1739436913.3013542,513,b'\xf9\xff\xa8\x00P\xff\x00\x00',"""Ia=-0.7A, Ib=16.8A, Ic=-17.6A"""
1739436913.3013542,514,b'\xa9\x08j\x08\x8f\x08\xfa\x00',"""Va=221.7V, Vb=215.4V, Vc=219.1V, T=25.0\u00b0C"""
1739436913.3014028,515,b'\x00\x00\x00\x00\x07\x00\x01\x00',"""Speed=0rpm, Target=0rpm, Torque=0.7A"""
1739436913.3114367,513,b'\x05\x00\xae\x00O\xff\x00\x00',"""Ia=0.5A, Ib=17.4A, Ic=-17.7A"""
1739436913.3114367,514,b'\xc2\x08\xbe\x08\xaa\x08\xfa\x00',"""Va=224.2V, Vb=223.8V, Vc=221.8V, T=25.0\u00b0C"""
1739436913.3114367,515,b'\x00\x00\x00\x00\x05\x00\x01\x00',"""Speed=0rpm, Target=0rpm, Torque=0.5A"""
1739436913.3216724,513,b'\xfc\xff\xb1\x00K\xff\x00\x00',"""Ia=-0.4A, Ib=17.7A, Ic=-18.1A"""
1739436913.3216724,514,b'\x98\x08\xc9\x08u\x08\xfa\x00',"""Va=220.0V, Vb=224.9V, Vc=216.5V, T=25.0\u00b0C"""
1739436913.3216724,515,b'\x00\x00\x00\x00\x04\x00\x01\x00',"""Speed=0rpm, Target=0rpm, Torque=0.4A"""
1739436913.3318655,513,b'\x05\x00\xb5\x00V\xff\x00\x00',"""Ia=0.5A, Ib=18.1A, Ic=-17.0A"""
1739436913.3318655,514,b'm\x08\x80\x08\xc8\x08\xfa\x00',"""Va=215.7V, Vb=217.6V, Vc=224.8V, T=25.0\u00b0C"""
1739436913.3318655,515,b'\x00\x00\x00\x00\x05\x00\x01\x00',"""Speed=0rpm, Target=0rpm, Torque=0.5A"""
1739436913.341938,513,b'\x07\x00\xa8\x00K\xff\x00\x00',"""Ia=0.7A, Ib=16.8A, Ic=-18.1A"""
1739436913.341983,514,b's\x08\xb3\x08\xb7\x08\xfa\x00',"""Va=216.3V, Vb=222.7V, Vc=223.1V, T=25.0\u00b0C"""
1739436913.341983,515,b'\x00\x00\x00\x00\x07\x00\x01\x00',"""Speed=0rpm, Target=0rpm, Torque=0.7A"""
1739436913.352595,513,b'\x02\x00\xad\x00L\xff\x00\x00',"""Ia=0.2A, Ib=17.3A, Ic=-18.0A"""
1739436913.352595,514,b'\xab\x08\x8a\x08\x9e\x08\xfa\x00',"""Va=221.9V, Vb=218.6V, Vc=220.6V, T=25.0\u00b0C"""
1739436913.352595,515,b'\x00\x00\x00\x00\x02\x00\x01\x00',"""Speed=0rpm, Target=0rpm, Torque=0.2A"""
1739436913.363145,513,b'\x04\x00\xa5\x00S\xff\x00\x00',"""Ia=0.4A, Ib=16.5A, Ic=-17.3A"""
1739436913.363145,514,b'\xbb\x08o\x08\x90\x08\xfa\x00',"""Va=223.5V, Vb=215.9V, Vc=219.2V, T=25.0\u00b0C"""
1739436913.363145,515,b'\x00\x00\x00\x00\x04\x00\x01\x00',"""Speed=0rpm, Target=0rpm, Torque=0.4A"""
1739436913.3735557,513,b'\xff\xff\xa5\x00J\xff\x00\x00',"""Ia=-0.1A, Ib=16.5A, Ic=-18.2A"""
1739436913.3735557,514,b'i\x08\x92\x08\xa1\x08\xfa\x00',"""Va=215.3V, Vb=219.4V, Vc=220.9V, T=25.0\u00b0C"""
1739436913.3735557,515,b'\x00\x00\x00\x00\x01\x00\x01\x00',"""Speed=0rpm, Target=0rpm, Torque=0.1A"""
1739436913.3837745,513,b'\x01\x00\xb3\x00]\xff\x00\x00',"""Ia=0.1A, Ib=17.9A, Ic=-16.3A"""
1739436913.3837745,514,b'\x82\x08\xbd\x08\x9a\x08\xfa\x00',"""Va=217.8V, Vb=223.7V, Vc=220.2V, T=25.0\u00b0C"""
1739436913.3837745,515,b'\x00\x00\x00\x00\x01\x00\x01\x00',"""Speed=0rpm, Target=0rpm, Torque=0.1A"""
1739436913.3939242,513,b'\xfe\xff\xa6\x00T\xff\x00\x00',"""Ia=-0.2A, Ib=16.6A, Ic=-17.2A"""
1739436913.3939242,514,b'\xc9\x08\xc9\x08\xa8\x08\xfa\x00',"""Va=224.9V, Vb=224.9V, Vc=221.6V, T=25.0\u00b0C"""
1739436913.3939242,515,b'\x00\x00\x00\x00\x02\x00\x01\x00',"""Speed=0rpm, Target=0rpm, Torque=0.2A"""
1739436913.4042773,513,b'\xf8\xff\xaf\x00U\xff\x00\x00',"""Ia=-0.8A, Ib=17.5A, Ic=-17.1A"""
1739436913.4042773,514,b'\x93\x08\xb2\x08\xc2\x08\xfa\x00',"""Va=219.5V, Vb=222.6V, Vc=224.2V, T=25.0\u00b0C"""
1739436913.4042773,515,b'\x00\x00\x00\x00\x08\x00\x01\x00',"""Speed=0rpm, Target=0rpm, Torque=0.8A"""
1739436913.414461,513,b'\t\x00\xa4\x00]\xff\x00\x00',"""Ia=0.9A, Ib=16.4A, Ic=-16.3A"""
1739436913.414461,514,b'\x9f\x08\xab\x08r\x08\xfa\x00',"""Va=220.7V, Vb=221.9V, Vc=216.2V, T=25.0\u00b0C"""
1739436913.414461,515,b'\x00\x00\x00\x00\t\x00\x01\x00',"""Speed=0rpm, Target=0rpm, Torque=0.9A"""
1739436913.4246795,513,b'\xfe\xff\xb5\x00]\xff\x00\x00',"""Ia=-0.2A, Ib=18.1A, Ic=-16.3A"""
1739436913.4246795,514,b'\x86\x08\xc2\x08\xa0\x08\xfa\x00',"""Va=218.2V, Vb=224.2V, Vc=220.8V, T=25.0\u00b0C"""
1739436913.4246795,515,b'\x00\x00\x00\x00\x02\x00\x01\x00',"""Speed=0rpm, Target=0rpm, Torque=0.2A"""
1739436913.4348502,513,b'\x06\x00\xb2\x00L\xff\x00\x00',"""Ia=0.6A, Ib=17.8A, Ic=-18.0A"""
1739436913.4348502,514,b'\xa9\x08\x9f\x08\x83\x08\xfa\x00',"""Va=221.7V, Vb=220.7V, Vc=217.9V, T=25.0\u00b0C"""
1739436913.4348502,515,b'\x00\x00\x00\x00\x06\x00\x01\x00',"""Speed=0rpm, Target=0rpm, Torque=0.6A"""
1739436913.445155,513,b'\xf7\xff\xb5\x00U\xff\x00\x00',"""Ia=-0.9A, Ib=18.1A, Ic=-17.1A"""
1739436913.445155,514,b'\xb0\x08\x9b\x08\x81\x08\xfa\x00',"""Va=222.4V, Vb=220.3V, Vc=217.7V, T=25.0\u00b0C"""
1739436913.445155,515,b'\x00\x00\x00\x00\t\x00\x01\x00',"""Speed=0rpm, Target=0rpm, Torque=0.9A"""
1739436913.455483,513,b'\xfb\xff\xa9\x00Z\xff\x00\x00',"""Ia=-0.5A, Ib=16.9A, Ic=-16.6A"""
1739436913.455483,514,b'\x93\x08f\x08\xac\x08\xfa\x00',"""Va=219.5V, Vb=215.0V, Vc=222.0V, T=25.0\u00b0C"""
1739436913.455483,515,b'\x00\x00\x00\x00\x05\x00\x01\x00',"""Speed=0rpm, Target=0rpm, Torque=0.5A"""
1739436913.4656947,513,b'\xfe\xff\xaf\x00L\xff\x00\x00',"""Ia=-0.2A, Ib=17.5A, Ic=-18.0A"""
1739436913.4656947,514,b'\x8c\x08\xa2\x08r\x08\xfa\x00',"""Va=218.8V, Vb=221.0V, Vc=216.2V, T=25.0\u00b0C"""
1739436913.4656947,515,b'\x00\x00\x00\x00\x02\x00\x01\x00',"""Speed=0rpm, Target=0rpm, Torque=0.2A"""
1739436913.4767046,513,b'\t\x00\xa6\x00T\xff\x00\x00',"""Ia=0.9A, Ib=16.6A, Ic=-17.2A"""
1739436913.4767046,514,b'\xb8\x08n\x08\xac\x08\xfa\x00',"""Va=223.2V, Vb=215.8V, Vc=222.0V, T=25.0\u00b0C"""
1739436913.4767046,515,b'\x00\x00\x00\x00\t\x00\x01\x00',"""Speed=0rpm, Target=0rpm, Torque=0.9A"""
1739436913.4870222,513,b'\x06\x00\xb5\x00S\xff\x00\x00',"""Ia=0.6A, Ib=18.1A, Ic=-17.3A"""
1739436913.4870222,514,b'|\x08~\x08\x92\x08\xfa\x00',"""Va=217.2V, Vb=217.4V, Vc=219.4V, T=25.0\u00b0C"""
1739436913.4870222,515,b'\x00\x00\x00\x00\x06\x00\x01\x00',"""Speed=0rpm, Target=0rpm, Torque=0.6A"""
1739436913.4980795,513,b'\xf7\xff\xa5\x00P\xff\x00\x00',"""Ia=-0.9A, Ib=16.5A, Ic=-17.6A"""
1739436913.4980795,514,b'\x8a\x08\xb3\x08\xb7\x08\xfa\x00',"""Va=218.6V, Vb=222.7V, Vc=223.1V, T=25.0\u00b0C"""
1739436913.4980795,515,b'\x00\x00\x00\x00\t\x00\x01\x00',"""Speed=0rpm, Target=0rpm, Torque=0.9A"""
1739436913.5086546,513,b'\xfc\xff\xa3\x00J\xff\x00\x00',"""Ia=-0.4A, Ib=16.3A, Ic=-18.2A"""
1739436913.5086546,514,b'l\x08\x84\x08\x91\x08\xfa\x00',"""Va=215.6V, Vb=218.0V, Vc=219.3V, T=25.0\u00b0C"""
1739436913.5086546,515,b'\x00\x00\x00\x00\x04\x00\x01\x00',"""Speed=0rpm, Target=0rpm, Torque=0.4A"""
1739436913.5188584,513,b'\x08\x00\xa5\x00P\xff\x00\x00',"""Ia=0.8A, Ib=16.5A, Ic=-17.6A"""
1739436913.5188584,514,b'\xad\x08\x9b\x08\x9a\x08\xfa\x00',"""Va=222.1V, Vb=220.3V, Vc=220.2V, T=25.0\u00b0C"""
1739436913.5188584,515,b'\x00\x00\x00\x00\x08\x00\x01\x00',"""Speed=0rpm, Target=0rpm, Torque=0.8A"""
1739436913.5293987,513,b'\x00\x00\xa6\x00Y\xff\x00\x00',"""Ia=0.0A, Ib=16.6A, Ic=-16.7A"""
1739436913.5293987,514,b'\x9c\x08\xa5\x08m\x08\xfa\x00',"""Va=220.4V, Vb=221.3V, Vc=215.7V, T=25.0\u00b0C"""
1739436913.5293987,515,b'\x00\x00\x00\x00\x00\x00\x01\x00',"""Speed=0rpm, Target=0rpm, Torque=0.0A"""
1739436913.5395334,513,b'\xfa\xff\xa5\x00M\xff\x00\x00',"""Ia=-0.6A, Ib=16.5A, Ic=-17.9A"""
1739436913.5395334,514,b'\xc5\x08\x98\x08\x9c\x08\xfa\x00',"""Va=224.5V, Vb=220.0V, Vc=220.4V, T=25.0\u00b0C"""
1739436913.5395334,515,b'\x00\x00\x00\x00\x06\x00\x01\x00',"""Speed=0rpm, Target=0rpm, Torque=0.6A"""
1739436913.549609,513,b'\t\x00\xab\x00W\xff\x00\x00',"""Ia=0.9A, Ib=17.1A, Ic=-16.9A"""
1739436913.549609,514,b'q\x08\xbb\x08\xc2\x08\xfa\x00',"""Va=216.1V, Vb=223.5V, Vc=224.2V, T=25.0\u00b0C"""
1739436913.549609,515,b'\x00\x00\x00\x00\t\x00\x01\x00',"""Speed=0rpm, Target=0rpm, Torque=0.9A"""
1739436913.559723,513,b'\xfc\xff\xaf\x00R\xff\x00\x00',"""Ia=-0.4A, Ib=17.5A, Ic=-17.4A"""
1739436913.559723,514,b'\x85\x08\xc5\x08\xb9\x08\xfa\x00',"""Va=218.1V, Vb=224.5V, Vc=223.3V, T=25.0\u00b0C"""
1739436913.559723,515,b'\x00\x00\x00\x00\x04\x00\x01\x00',"""Speed=0rpm, Target=0rpm, Torque=0.4A"""
1739436913.5705056,513,b'\x04\x00\xa7\x00[\xff\x00\x00',"""Ia=0.4A, Ib=16.7A, Ic=-16.5A"""
1739436913.5705056,514,b'\xa5\x08\x9f\x08\x99\x08\xfa\x00',"""Va=221.3V, Vb=220.7V, Vc=220.1V, T=25.0\u00b0C"""
1739436913.5705056,515,b'\x00\x00\x00\x00\x04\x00\x01\x00',"""Speed=0rpm, Target=0rpm, Torque=0.4A"""
1739436913.5809834,513,b'\x08\x00\xb6\x00L\xff\x00\x00',"""Ia=0.8A, Ib=18.2A, Ic=-18.0A"""
1739436913.5809834,514,b'\xb5\x08\xb0\x08\x8b\x08\xfa\x00',"""Va=222.9V, Vb=222.4V, Vc=218.7V, T=25.0\u00b0C"""
1739436913.5809834,515,b'\x00\x00\x00\x00\x08\x00\x01\x00',"""Speed=0rpm, Target=0rpm, Torque=0.8A"""
1739436913.5912175,513,b'\t\x00\xa7\x00Y\xff\x00\x00',"""Ia=0.9A, Ib=16.7A, Ic=-16.7A"""
1739436913.5912175,514,b'\x85\x08\xa0\x08\xbc\x08\xfa\x00',"""Va=218.1V, Vb=220.8V, Vc=223.6V, T=25.0\u00b0C"""
1739436913.5912175,515,b'\x00\x00\x00\x00\t\x00\x01\x00',"""Speed=0rpm, Target=0rpm, Torque=0.9A"""
1739436913.601894,513,b'\xfd\xff\xb4\x00Z\xff\x00\x00',"""Ia=-0.3A, Ib=18.0A, Ic=-16.6A"""
1739436913.601894,514,b'j\x08\xa4\x08\x97\x08\xfa\x00',"""Va=215.4V, Vb=221.2V, Vc=219.9V, T=25.0\u00b0C"""
1739436913.601894,515,b'\x00\x00\x00\x00\x03\x00\x01\x00',"""Speed=0rpm, Target=0rpm, Torque=0.3A"""
1739436913.6123235,513,b'\x06\x00\xa6\x00\\\xff\x00\x00',"""Ia=0.6A, Ib=16.6A, Ic=-16.4A"""
1739436913.6123235,514,b'\xb0\x08\xba\x08f\x08\xfa\x00',"""Va=222.4V, Vb=223.4V, Vc=215.0V, T=25.0\u00b0C"""
1739436913.6123235,515,b'\x00\x00\x00\x00\x06\x00\x01\x00',"""Speed=0rpm, Target=0rpm, Torque=0.6A"""
1739436913.6223962,513,b'\xfc\xff\xad\x00L\xff\x00\x00',"""Ia=-0.4A, Ib=17.3A, Ic=-18.0A"""
1739436913.6223962,514,b'\xb6\x08\xb2\x08s\x08\xfa\x00',"""Va=223.0V, Vb=222.6V, Vc=216.3V, T=25.0\u00b0C"""
1739436913.6223962,515,b'\x00\x00\x00\x00\x04\x00\x01\x00',"""Speed=0rpm, Target=0rpm, Torque=0.4A"""
1739436913.63344,513,b'\xf9\xff\xa4\x00P\xff\x00\x00',"""Ia=-0.7A, Ib=16.4A, Ic=-17.6A"""
1739436913.63344,514,b'\x8c\x08\xc5\x08}\x08\xfa\x00',"""Va=218.8V, Vb=224.5V, Vc=217.3V, T=25.0\u00b0C"""
1739436913.63344,515,b'\x00\x00\x00\x00\x07\x00\x01\x00',"""Speed=0rpm, Target=0rpm, Torque=0.7A"""
1739436913.6439161,513,b'\xfe\xff\xa6\x00S\xff\x00\x00',"""Ia=-0.2A, Ib=16.6A, Ic=-17.3A"""
1739436913.6439161,514,b'\x93\x08\x82\x08\xac\x08\xfa\x00',"""Va=219.5V, Vb=217.8V, Vc=222.0V, T=25.0\u00b0C"""
1739436913.6439161,515,b'\x00\x00\x00\x00\x02\x00\x01\x00',"""Speed=0rpm, Target=0rpm, Torque=0.2A"""
1739436913.6540895,513,b'\xf8\xff\xb3\x00L\xff\x00\x00',"""Ia=-0.8A, Ib=17.9A, Ic=-18.0A"""
1739436913.6540895,514,b'\xa8\x08\x86\x08\xaf\x08\xfa\x00',"""Va=221.6V, Vb=218.2V, Vc=222.3V, T=25.0\u00b0C"""
1739436913.6540895,515,b'\x00\x00\x00\x00\x08\x00\x01\x00',"""Speed=0rpm, Target=0rpm, Torque=0.8A"""
1739436913.6646578,513,b'\x05\x00\xa4\x00S\xff\x00\x00',"""Ia=0.5A, Ib=16.4A, Ic=-17.3A"""
1739436913.6646578,514,b'\x84\x08n\x08\x8b\x08\xfa\x00',"""Va=218.0V, Vb=215.8V, Vc=218.7V, T=25.0\u00b0C"""
1739436913.6646578,515,b'\x00\x00\x00\x00\x05\x00\x01\x00',"""Speed=0rpm, Target=0rpm, Torque=0.5A"""
1739436913.6749222,513,b'\x00\x00\xad\x00[\xff\x00\x00',"""Ia=0.0A, Ib=17.3A, Ic=-16.5A"""
1739436913.6749222,514,b'l\x08{\x08\xc1\x08\xfa\x00',"""Va=215.6V, Vb=217.1V, Vc=224.1V, T=25.0\u00b0C"""
1739436913.6749222,515,b'\x00\x00\x00\x00\x00\x00\x01\x00',"""Speed=0rpm, Target=0rpm, Torque=0.0A"""
1739436913.6857617,513,b'\xfd\xff\xb4\x00T\xff\x00\x00',"""Ia=-0.3A, Ib=18.0A, Ic=-17.2A"""
1739436913.6857617,514,b'\x93\x08\x8e\x08p\x08\xfa\x00',"""Va=219.5V, Vb=219.0V, Vc=216.0V, T=25.0\u00b0C"""
1739436913.6857617,515,b'\x00\x00\x00\x00\x03\x00\x01\x00',"""Speed=0rpm, Target=0rpm, Torque=0.3A"""
1739436913.6961586,513,b'\xf8\xff\xb4\x00U\xff\x00\x00',"""Ia=-0.8A, Ib=18.0A, Ic=-17.1A"""
1739436913.6961586,514,b'\xc2\x08\x80\x08\xc7\x08\xfa\x00',"""Va=224.2V, Vb=217.6V, Vc=224.7V, T=25.0\u00b0C"""
1739436913.6961586,515,b'\x00\x00\x00\x00\x08\x00\x01\x00',"""Speed=0rpm, Target=0rpm, Torque=0.8A"""
1739436913.706495,513,b'\x01\x00\xac\x00K\xff\x00\x00',"""Ia=0.1A, Ib=17.2A, Ic=-18.1A"""
1739436913.706495,514,b'\xc4\x08\x88\x08\xa3\x08\xfa\x00',"""Va=224.4V, Vb=218.4V, Vc=221.1V, T=25.0\u00b0C"""
1739436913.706495,515,b'\x00\x00\x00\x00\x01\x00\x01\x00',"""Speed=0rpm, Target=0rpm, Torque=0.1A"""
1739436913.7165349,513,b'\x04\x00\xaf\x00J\xff\x00\x00',"""Ia=0.4A, Ib=17.5A, Ic=-18.2A"""
1739436913.7165349,514,b'\xc3\x08\xa7\x08\xac\x08\xfa\x00',"""Va=224.3V, Vb=221.5V, Vc=222.0V, T=25.0\u00b0C"""
1739436913.7165349,515,b'\x00\x00\x00\x00\x04\x00\x01\x00',"""Speed=0rpm, Target=0rpm, Torque=0.4A"""
1739436913.726743,513,b'\xfc\xff\xa3\x00M\xff\x00\x00',"""Ia=-0.4A, Ib=16.3A, Ic=-17.9A"""
1739436913.726743,514,b'\xa4\x08\x9c\x08\x97\x08\xfa\x00',"""Va=221.2V, Vb=220.4V, Vc=219.9V, T=25.0\u00b0C"""
1739436913.726743,515,b'\x00\x00\x00\x00\x04\x00\x01\x00',"""Speed=0rpm, Target=0rpm, Torque=0.4A"""
1739436913.736955,513,b'\xf8\xff\xb3\x00Z\xff\x00\x00',"""Ia=-0.8A, Ib=17.9A, Ic=-16.6A"""
1739436913.736955,514,b'\xc6\x08\xc0\x08\x8e\x08\xfa\x00',"""Va=224.6V, Vb=224.0V, Vc=219.0V, T=25.0\u00b0C"""
1739436913.736955,515,b'\x00\x00\x00\x00\x08\x00\x01\x00',"""Speed=0rpm, Target=0rpm, Torque=0.8A"""
1739436913.7474637,513,b'\xf9\xff\xae\x00K\xff\x00\x00',"""Ia=-0.7A, Ib=17.4A, Ic=-18.1A"""
1739436913.7474637,514,b'\xc4\x08\x98\x08\xa6\x08\xfa\x00',"""Va=224.4V, Vb=220.0V, Vc=221.4V, T=25.0\u00b0C"""
1739436913.7474637,515,b'\x00\x00\x00\x00\x07\x00\x01\x00',"""Speed=0rpm, Target=0rpm, Torque=0.7A"""
1739436913.7580116,513,b'\x03\x00\xa4\x00S\xff\x00\x00',"""Ia=0.3A, Ib=16.4A, Ic=-17.3A"""
1739436913.7580116,514,b'\xa4\x08\xc1\x08\xa0\x08\xfa\x00',"""Va=221.2V, Vb=224.1V, Vc=220.8V, T=25.0\u00b0C"""
1739436913.7580116,515,b'\x00\x00\x00\x00\x03\x00\x01\x00',"""Speed=0rpm, Target=0rpm, Torque=0.3A"""
1739436913.7688925,513,b'\xfe\xff\xa5\x00L\xff\x00\x00',"""Ia=-0.2A, Ib=16.5A, Ic=-18.0A"""
1739436913.7688925,514,b'k\x08o\x08\xad\x08\xfa\x00',"""Va=215.5V, Vb=215.9V, Vc=222.1V, T=25.0\u00b0C"""
1739436913.7688925,515,b'\x00\x00\x00\x00\x02\x00\x01\x00',"""Speed=0rpm, Target=0rpm, Torque=0.2A"""
1739436913.778983,513,b'\x07\x00\xab\x00[\xff\x00\x00',"""Ia=0.7A, Ib=17.1A, Ic=-16.5A"""
1739436913.778983,514,b'\xb5\x08\x8f\x08\x9c\x08\xfa\x00',"""Va=222.9V, Vb=219.1V, Vc=220.4V, T=25.0\u00b0C"""
1739436913.778983,515,b'\x00\x00\x00\x00\x07\x00\x01\x00',"""Speed=0rpm, Target=0rpm, Torque=0.7A"""
1739436913.7893043,513,b'\x00\x00\xaa\x00X\xff\x00\x00',"""Ia=0.0A, Ib=17.0A, Ic=-16.8A"""
1739436913.7893043,514,b'\xb6\x08\x90\x08\x81\x08\xfa\x00',"""Va=223.0V, Vb=219.2V, Vc=217.7V, T=25.0\u00b0C"""
1739436913.7893043,515,b'\x00\x00\x00\x00\x00\x00\x01\x00',"""Speed=0rpm, Target=0rpm, Torque=0.0A"""
1739436913.7995965,513,b'\xf8\xff\xb1\x00U\xff\x00\x00',"""Ia=-0.8A, Ib=17.7A, Ic=-17.1A"""
1739436913.7995965,514,b'\x81\x08\xa6\x08\x83\x08\xfa\x00',"""Va=217.7V, Vb=221.4V, Vc=217.9V, T=25.0\u00b0C"""
1739436913.7995965,515,b'\x00\x00\x00\x00\x08\x00\x01\x00',"""Speed=0rpm, Target=0rpm, Torque=0.8A"""
1739436913.8099527,513,b'\x05\x00\xb1\x00U\xff\x00\x00',"""Ia=0.5A, Ib=17.7A, Ic=-17.1A"""
1739436913.8099527,514,b'\xb0\x08u\x08\x9e\x08\xfa\x00',"""Va=222.4V, Vb=216.5V, Vc=220.6V, T=25.0\u00b0C"""
1739436913.8099527,515,b'\x00\x00\x00\x00\x05\x00\x01\x00',"""Speed=0rpm, Target=0rpm, Torque=0.5A"""
1739436913.8202891,513,b'\xfb\xff\xa4\x00U\xff\x00\x00',"""Ia=-0.5A, Ib=16.4A, Ic=-17.1A"""
1739436913.8202891,514,b'\xae\x08{\x08n\x08\xfa\x00',"""Va=222.2V, Vb=217.1V, Vc=215.8V, T=25.0\u00b0C"""
1739436913.8202891,515,b'\x00\x00\x00\x00\x05\x00\x01\x00',"""Speed=0rpm, Target=0rpm, Torque=0.5A"""
1739436913.8306441,513,b'\xfa\xff\xad\x00Y\xff\x00\x00',"""Ia=-0.6A, Ib=17.3A, Ic=-16.7A"""
1739436913.8306441,514,b'\x80\x08\xa6\x08\xbe\x08\xfa\x00',"""Va=217.6V, Vb=221.4V, Vc=223.8V, T=25.0\u00b0C"""
1739436913.8306441,515,b'\x00\x00\x00\x00\x06\x00\x01\x00',"""Speed=0rpm, Target=0rpm, Torque=0.6A"""
1739436913.840738,513,b'\xfd\xff\xa9\x00W\xff\x00\x00',"""Ia=-0.3A, Ib=16.9A, Ic=-16.9A"""
1739436913.840738,514,b'\xc9\x08\xbb\x08\xb1\x08\xfa\x00',"""Va=224.9V, Vb=223.5V, Vc=222.5V, T=25.0\u00b0C"""
1739436913.840738,515,b'\x00\x00\x00\x00\x03\x00\x01\x00',"""Speed=0rpm, Target=0rpm, Torque=0.3A"""
1739436913.851626,513,b'\t\x00\xb4\x00P\xff\x00\x00',"""Ia=0.9A, Ib=18.0A, Ic=-17.6A"""
1739436913.851626,514,b'{\x08\x8c\x08\x83\x08\xfa\x00',"""Va=217.1V, Vb=218.8V, Vc=217.9V, T=25.0\u00b0C"""
1739436913.851626,515,b'\x00\x00\x00\x00\t\x00\x01\x00',"""Speed=0rpm, Target=0rpm, Torque=0.9A"""
1739436913.8619273,513,b'\xfb\xff\xac\x00Y\xff\x00\x00',"""Ia=-0.5A, Ib=17.2A, Ic=-16.7A"""
1739436913.8619273,514,b'|\x08\x85\x08|\x08\xfa\x00',"""Va=217.2V, Vb=218.1V, Vc=217.2V, T=25.0\u00b0C"""
1739436913.8619273,515,b'\x00\x00\x00\x00\x05\x00\x01\x00',"""Speed=0rpm, Target=0rpm, Torque=0.5A"""
1739436913.872483,513,b'\x04\x00\xa6\x00\\\xff\x00\x00',"""Ia=0.4A, Ib=16.6A, Ic=-16.4A"""
1739436913.872483,514,b'\xab\x08\x7f\x08\x8e\x08\xfa\x00',"""Va=221.9V, Vb=217.5V, Vc=219.0V, T=25.0\u00b0C"""
1739436913.872483,515,b'\x00\x00\x00\x00\x04\x00\x01\x00',"""Speed=0rpm, Target=0rpm, Torque=0.4A"""
1739436913.8826854,513,b'\xfe\xff\xb3\x00M\xff\x00\x00',"""Ia=-0.2A, Ib=17.9A, Ic=-17.9A"""
1739436913.8826854,514,b'v\x08p\x08\x81\x08\xfa\x00',"""Va=216.6V, Vb=216.0V, Vc=217.7V, T=25.0\u00b0C"""
1739436913.8826854,515,b'\x00\x00\x00\x00\x02\x00\x01\x00',"""Speed=0rpm, Target=0rpm, Torque=0.2A"""
1739436913.8928561,513,b'\xfe\xff\xa5\x00T\xff\x00\x00',"""Ia=-0.2A, Ib=16.5A, Ic=-17.2A"""
1739436913.8928561,514,b'\xbb\x08\xc2\x08\xbc\x08\xfa\x00',"""Va=223.5V, Vb=224.2V, Vc=223.6V, T=25.0\u00b0C"""
1739436913.8928561,515,b'\x00\x00\x00\x00\x02\x00\x01\x00',"""Speed=0rpm, Target=0rpm, Torque=0.2A"""
1739436913.9030802,513,b'\xfb\xff\xac\x00W\xff\x00\x00',"""Ia=-0.5A, Ib=17.2A, Ic=-16.9A"""
1739436913.9030802,514,b'\xae\x08\x91\x08\x98\x08\xfa\x00',"""Va=222.2V, Vb=219.3V, Vc=220.0V, T=25.0\u00b0C"""
1739436913.9030802,515,b'\x00\x00\x00\x00\x05\x00\x01\x00',"""Speed=0rpm, Target=0rpm, Torque=0.5A"""
1739436913.9135845,513,b'\x00\x00\xaa\x00S\xff\x00\x00',"""Ia=0.0A, Ib=17.0A, Ic=-17.3A"""
1739436913.9135845,514,b'\x9b\x08\xa3\x08\x8e\x08\xfa\x00',"""Va=220.3V, Vb=221.1V, Vc=219.0V, T=25.0\u00b0C"""
1739436913.9135845,515,b'\x00\x00\x00\x00\x00\x00\x01\x00',"""Speed=0rpm, Target=0rpm, Torque=0.0A"""
1739436913.9236631,513,b'\xfd\xff\xae\x00\\\xff\x00\x00',"""Ia=-0.3A, Ib=17.4A, Ic=-16.4A"""
1739436913.9236946,514,b'\xc8\x08\xa6\x08\x8e\x08\xfa\x00',"""Va=224.8V, Vb=221.4V, Vc=219.0V, T=25.0\u00b0C"""
1739436913.9236946,515,b'\x00\x00\x00\x00\x03\x00\x01\x00',"""Speed=0rpm, Target=0rpm, Torque=0.3A"""
1739436913.9340081,513,b'\x02\x00\xa9\x00]\xff\x00\x00',"""Ia=0.2A, Ib=16.9A, Ic=-16.3A"""
1739436913.9340081,514,b'\x90\x08\xb3\x08\xc5\x08\xfa\x00',"""Va=219.2V, Vb=222.7V, Vc=224.5V, T=25.0\u00b0C"""
1739436913.9340081,515,b'\x00\x00\x00\x00\x02\x00\x01\x00',"""Speed=0rpm, Target=0rpm, Torque=0.2A"""
1739436913.944899,513,b'\xf8\xff\xab\x00]\xff\x00\x00',"""Ia=-0.8A, Ib=17.1A, Ic=-16.3A"""
1739436913.944899,514,b'\x87\x08l\x08\x99\x08\xfa\x00',"""Va=218.3V, Vb=215.6V, Vc=220.1V, T=25.0\u00b0C"""
1739436913.944899,515,b'\x00\x00\x00\x00\x08\x00\x01\x00',"""Speed=0rpm, Target=0rpm, Torque=0.8A"""
1739436913.9551358,513,b'\x00\x00\xb1\x00K\xff\x00\x00',"""Ia=0.0A, Ib=17.7A, Ic=-18.1A"""
1739436913.9551358,514,b'\xc7\x08\xc9\x08\x97\x08\xfa\x00',"""Va=224.7V, Vb=224.9V, Vc=219.9V, T=25.0\u00b0C"""
1739436913.9551358,515,b'\x00\x00\x00\x00\x00\x00\x01\x00',"""Speed=0rpm, Target=0rpm, Torque=0.0A"""
1739436913.9654198,513,b'\xf7\xff\xa7\x00Q\xff\x00\x00',"""Ia=-0.9A, Ib=16.7A, Ic=-17.5A"""
1739436913.9654198,514,b'o\x08\xab\x08\xb1\x08\xfa\x00',"""Va=215.9V, Vb=221.9V, Vc=222.5V, T=25.0\u00b0C"""
1739436913.9654198,515,b'\x00\x00\x00\x00\t\x00\x01\x00',"""Speed=0rpm, Target=0rpm, Torque=0.9A"""
1739436913.9758766,513,b'\x00\x00\xa4\x00[\xff\x00\x00',"""Ia=0.0A, Ib=16.4A, Ic=-16.5A"""
1739436913.9758766,514,b'\x92\x08\x9b\x08\xa8\x08\xfa\x00',"""Va=219.4V, Vb=220.3V, Vc=221.6V, T=25.0\u00b0C"""
1739436913.9758766,515,b'\x00\x00\x00\x00\x00\x00\x01\x00',"""Speed=0rpm, Target=0rpm, Torque=0.0A"""
1739436913.9863505,513,b'\x00\x00\xb1\x00Z\xff\x00\x00',"""Ia=0.0A, Ib=17.7A, Ic=-16.6A"""
1739436913.9863505,514,b'\x96\x08\xa2\x08h\x08\xfa\x00',"""Va=219.8V, Vb=221.0V, Vc=215.2V, T=25.0\u00b0C"""
1739436913.9863505,515,b'\x00\x00\x00\x00\x00\x00\x01\x00',"""Speed=0rpm, Target=0rpm, Torque=0.0A"""
1739436913.996871,513,b'\x06\x00\xa4\x00I\xff\x00\x00',"""Ia=0.6A, Ib=16.4A, Ic=-18.3A"""
1739436913.996871,514,b'k\x08i\x08i\x08\xfa\x00',"""Va=215.5V, Vb=215.3V, Vc=215.3V, T=25.0\u00b0C"""
1739436913.996871,515,b'\x00\x00\x00\x00\x06\x00\x01\x00',"""Speed=0rpm, Target=0rpm, Torque=0.6A"""
1739436914.0071611,513,b'\xfd\xff\xb1\x00R\xff\x00\x00',"""Ia=-0.3A, Ib=17.7A, Ic=-17.4A"""
1739436914.0071611,514,b'\x8e\x08\xbd\x08\xb9\x08\xfa\x00',"""Va=219.0V, Vb=223.7V, Vc=223.3V, T=25.0\u00b0C"""
1739436914.0071611,515,b'\x00\x00\x00\x00\x03\x00\x01\x00',"""Speed=0rpm, Target=0rpm, Torque=0.3A"""
1739436914.0173037,513,b'\xf9\xff\xb3\x00J\xff\x00\x00',"""Ia=-0.7A, Ib=17.9A, Ic=-18.2A"""
1739436914.0173037,514,b'\xaf\x08\xaa\x08\x88\x08\xfa\x00',"""Va=222.3V, Vb=221.8V, Vc=218.4V, T=25.0\u00b0C"""
1739436914.0173037,515,b'\x00\x00\x00\x00\x07\x00\x01\x00',"""Speed=0rpm, Target=0rpm, Torque=0.7A"""
1739436914.0280528,513,b'\xfd\xff\xa7\x00M\xff\x00\x00',"""Ia=-0.3A, Ib=16.7A, Ic=-17.9A"""
1739436914.0280528,514,b'\x9f\x08\x8c\x08\xc2\x08\xfa\x00',"""Va=220.7V, Vb=218.8V, Vc=224.2V, T=25.0\u00b0C"""
1739436914.0280528,515,b'\x00\x00\x00\x00\x03\x00\x01\x00',"""Speed=0rpm, Target=0rpm, Torque=0.3A"""
1739436914.038143,513,b'\x02\x00\xa8\x00\\\xff\x00\x00',"""Ia=0.2A, Ib=16.8A, Ic=-16.4A"""
1739436914.038143,514,b'\xc4\x08\xb4\x08\xae\x08\xfa\x00',"""Va=224.4V, Vb=222.8V, Vc=222.2V, T=25.0\u00b0C"""
1739436914.038143,515,b'\x00\x00\x00\x00\x02\x00\x01\x00',"""Speed=0rpm, Target=0rpm, Torque=0.2A"""
1739436914.048953,513,b'\xfb\xff\xb5\x00Q\xff\x00\x00',"""Ia=-0.5A, Ib=18.1A, Ic=-17.5A"""
1739436914.048953,514,b'\xad\x08r\x08\xb5\x08\xfa\x00',"""Va=222.1V, Vb=216.2V, Vc=222.9V, T=25.0\u00b0C"""
1739436914.048953,515,b'\x00\x00\x00\x00\x05\x00\x01\x00',"""Speed=0rpm, Target=0rpm, Torque=0.5A"""
1739436914.059575,513,b'\xf8\xff\xb5\x00P\xff\x00\x00',"""Ia=-0.8A, Ib=18.1A, Ic=-17.6A"""
1739436914.059575,514,b'n\x08\xb1\x08\xc1\x08\xfa\x00',"""Va=215.8V, Vb=222.5V, Vc=224.1V, T=25.0\u00b0C"""
1739436914.059575,515,b'\x00\x00\x00\x00\x08\x00\x01\x00',"""Speed=0rpm, Target=0rpm, Torque=0.8A"""
1739436914.0697784,513,b'\x08\x00\xb0\x00Z\xff\x00\x00',"""Ia=0.8A, Ib=17.6A, Ic=-16.6A"""
1739436914.0697784,514,b'\xa6\x08\x8a\x08\x92\x08\xfa\x00',"""Va=221.4V, Vb=218.6V, Vc=219.4V, T=25.0\u00b0C"""
1739436914.0697784,515,b'\x00\x00\x00\x00\x08\x00\x01\x00',"""Speed=0rpm, Target=0rpm, Torque=0.8A"""
1739436914.0807788,513,b'\xf9\xff\xb2\x00X\xff\x00\x00',"""Ia=-0.7A, Ib=17.8A, Ic=-16.8A"""
1739436914.0807788,514,b'\x87\x08i\x08\x91\x08\xfa\x00',"""Va=218.3V, Vb=215.3V, Vc=219.3V, T=25.0\u00b0C"""
1739436914.0807788,515,b'\x00\x00\x00\x00\x07\x00\x01\x00',"""Speed=0rpm, Target=0rpm, Torque=0.7A"""
1739436914.0914679,513,b'\x02\x00\xb1\x00J\xff\x00\x00',"""Ia=0.2A, Ib=17.7A, Ic=-18.2A"""
1739436914.0914679,514,b'w\x08\xb8\x08\x99\x08\xfa\x00',"""Va=216.7V, Vb=223.2V, Vc=220.1V, T=25.0\u00b0C"""
1739436914.0914679,515,b'\x00\x00\x00\x00\x02\x00\x01\x00',"""Speed=0rpm, Target=0rpm, Torque=0.2A"""
1739436914.101557,513,b'\x01\x00\xaa\x00U\xff\x00\x00',"""Ia=0.1A, Ib=17.0A, Ic=-17.1A"""
1739436914.101557,514,b'\xa9\x08\x91\x08t\x08\xfa\x00',"""Va=221.7V, Vb=219.3V, Vc=216.4V, T=25.0\u00b0C"""
1739436914.101557,515,b'\x00\x00\x00\x00\x01\x00\x01\x00',"""Speed=0rpm, Target=0rpm, Torque=0.1A"""
1739436914.1117778,513,b'\xfe\xff\xa7\x00X\xff\x00\x00',"""Ia=-0.2A, Ib=16.7A, Ic=-16.8A"""
1739436914.1117778,514,b'u\x08t\x08\x8b\x08\xfa\x00',"""Va=216.5V, Vb=216.4V, Vc=218.7V, T=25.0\u00b0C"""
1739436914.1117778,515,b'\x00\x00\x00\x00\x02\x00\x01\x00',"""Speed=0rpm, Target=0rpm, Torque=0.2A"""
1739436914.1218674,513,b'\x01\x00\xa4\x00X\xff\x00\x00',"""Ia=0.1A, Ib=16.4A, Ic=-16.8A"""
1739436914.1218674,514,b'\xc3\x08m\x08\x85\x08\xfa\x00',"""Va=224.3V, Vb=215.7V, Vc=218.1V, T=25.0\u00b0C"""
1739436914.1218674,515,b'\x00\x00\x00\x00\x01\x00\x01\x00',"""Speed=0rpm, Target=0rpm, Torque=0.1A"""
1739436914.132372,513,b'\xf9\xff\xaf\x00T\xff\x00\x00',"""Ia=-0.7A, Ib=17.5A, Ic=-17.2A"""
1739436914.132372,514,b'v\x08\xb1\x08\xc9\x08\xfa\x00',"""Va=216.6V, Vb=222.5V, Vc=224.9V, T=25.0\u00b0C"""
1739436914.132372,515,b'\x00\x00\x00\x00\x07\x00\x01\x00',"""Speed=0rpm, Target=0rpm, Torque=0.7A"""
1739436914.1428494,513,b'\x00\x00\xb2\x00S\xff\x00\x00',"""Ia=0.0A, Ib=17.8A, Ic=-17.3A"""
1739436914.1428494,514,b'\xb0\x08\xc4\x08q\x08\xfa\x00',"""Va=222.4V, Vb=224.4V, Vc=216.1V, T=25.0\u00b0C"""
1739436914.1428494,515,b'\x00\x00\x00\x00\x00\x00\x01\x00',"""Speed=0rpm, Target=0rpm, Torque=0.0A"""
1739436914.1530418,513,b'\x04\x00\xa7\x00M\xff\x00\x00',"""Ia=0.4A, Ib=16.7A, Ic=-17.9A"""
1739436914.1530418,514,b'\x86\x08\xa3\x08\x84\x08\xfa\x00',"""Va=218.2V, Vb=221.1V, Vc=218.0V, T=25.0\u00b0C"""
1739436914.1530418,515,b'\x00\x00\x00\x00\x04\x00\x01\x00',"""Speed=0rpm, Target=0rpm, Torque=0.4A"""
1739436914.163641,513,b'\x00\x00\xa7\x00N\xff\x00\x00',"""Ia=0.0A, Ib=16.7A, Ic=-17.8A"""
1739436914.163641,514,b'\xb4\x08t\x08\xc6\x08\xfa\x00',"""Va=222.8V, Vb=216.4V, Vc=224.6V, T=25.0\u00b0C"""
1739436914.163641,515,b'\x00\x00\x00\x00\x00\x00\x01\x00',"""Speed=0rpm, Target=0rpm, Torque=0.0A"""
1739436914.173731,513,b'\t\x00\xa4\x00U\xff\x00\x00',"""Ia=0.9A, Ib=16.4A, Ic=-17.1A"""
1739436914.173731,514,b'\x94\x08\x93\x08\xc4\x08\xfa\x00',"""Va=219.6V, Vb=219.5V, Vc=224.4V, T=25.0\u00b0C"""
1739436914.173731,515,b'\x00\x00\x00\x00\t\x00\x01\x00',"""Speed=0rpm, Target=0rpm, Torque=0.9A"""
1739436914.1839964,513,b'\xf7\xff\xb3\x00Z\xff\x00\x00',"""Ia=-0.9A, Ib=17.9A, Ic=-16.6A"""
1739436914.1839964,514,b'\x81\x08}\x08\xbb\x08\xfa\x00',"""Va=217.7V, Vb=217.3V, Vc=223.5V, T=25.0\u00b0C"""
1739436914.1839964,515,b'\x00\x00\x00\x00\t\x00\x01\x00',"""Speed=0rpm, Target=0rpm, Torque=0.9A"""
1739436914.1949677,513,b'\x08\x00\xa8\x00X\xff\x00\x00',"""Ia=0.8A, Ib=16.8A, Ic=-16.8A"""
1739436914.1949677,514,b'h\x08\xbd\x08\x80\x08\xfa\x00',"""Va=215.2V, Vb=223.7V, Vc=217.6V, T=25.0\u00b0C"""
1739436914.1949677,515,b'\x00\x00\x00\x00\x08\x00\x01\x00',"""Speed=0rpm, Target=0rpm, Torque=0.8A"""
1739436914.2051077,513,b'\x00\x00\xab\x00J\xff\x00\x00',"""Ia=0.0A, Ib=17.1A, Ic=-18.2A"""
1739436914.2051077,514,b'\xbe\x08\x99\x08s\x08\xfa\x00',"""Va=223.8V, Vb=220.1V, Vc=216.3V, T=25.0\u00b0C"""
1739436914.2051077,515,b'\x00\x00\x00\x00\x00\x00\x01\x00',"""Speed=0rpm, Target=0rpm, Torque=0.0A"""
1739436914.215445,513,b'\x02\x00\xb2\x00N\xff\x00\x00',"""Ia=0.2A, Ib=17.8A, Ic=-17.8A"""
1739436914.215445,514,b'\xc7\x08\xad\x08\x87\x08\xfa\x00',"""Va=224.7V, Vb=222.1V, Vc=218.3V, T=25.0\u00b0C"""
1739436914.215445,515,b'\x00\x00\x00\x00\x02\x00\x01\x00',"""Speed=0rpm, Target=0rpm, Torque=0.2A"""
1739436914.2262433,513,b'\x00\x00\xa8\x00R\xff\x00\x00',"""Ia=0.0A, Ib=16.8A, Ic=-17.4A"""
1739436914.2262433,514,b'm\x08\x9a\x08\xa0\x08\xfa\x00',"""Va=215.7V, Vb=220.2V, Vc=220.8V, T=25.0\u00b0C"""
1739436914.2262433,515,b'\x00\x00\x00\x00\x00\x00\x01\x00',"""Speed=0rpm, Target=0rpm, Torque=0.0A"""
1739436914.237278,513,b'\x03\x00\xab\x00U\xff\x00\x00',"""Ia=0.3A, Ib=17.1A, Ic=-17.1A"""
1739436914.237278,514,b'\x99\x08\xc9\x08s\x08\xfa\x00',"""Va=220.1V, Vb=224.9V, Vc=216.3V, T=25.0\u00b0C"""
1739436914.237278,515,b'\x00\x00\x00\x00\x03\x00\x01\x00',"""Speed=0rpm, Target=0rpm, Torque=0.3A"""
1739436914.2481623,513,b'\xfd\xff\xaf\x00U\xff\x00\x00',"""Ia=-0.3A, Ib=17.5A, Ic=-17.1A"""
1739436914.2481623,514,b'\xa4\x08\xb6\x08u\x08\xfa\x00',"""Va=221.2V, Vb=223.0V, Vc=216.5V, T=25.0\u00b0C"""
1739436914.2481623,515,b'\x00\x00\x00\x00\x03\x00\x01\x00',"""Speed=0rpm, Target=0rpm, Torque=0.3A"""
1739436914.259201,513,b'\x00\x00\xad\x00Z\xff\x00\x00',"""Ia=0.0A, Ib=17.3A, Ic=-16.6A"""
1739436914.259201,514,b'\xaf\x08\x9b\x08\xc3\x08\xfa\x00',"""Va=222.3V, Vb=220.3V, Vc=224.3V, T=25.0\u00b0C"""
1739436914.259201,515,b'\x00\x00\x00\x00\x00\x00\x01\x00',"""Speed=0rpm, Target=0rpm, Torque=0.0A"""
1739436914.2692997,513,b'\xfd\xff\xad\x00X\xff\x00\x00',"""Ia=-0.3A, Ib=17.3A, Ic=-16.8A"""
1739436914.2693503,514,b'h\x08\x93\x08h\x08\xfa\x00',"""Va=215.2V, Vb=219.5V, Vc=215.2V, T=25.0\u00b0C"""
1739436914.2693503,515,b'\x00\x00\x00\x00\x03\x00\x01\x00',"""Speed=0rpm, Target=0rpm, Torque=0.3A"""
1739436914.279584,513,b'\t\x00\xab\x00S\xff\x00\x00',"""Ia=0.9A, Ib=17.1A, Ic=-17.3A"""
1739436914.279584,514,b'\xaf\x08m\x08\xa1\x08\xfa\x00',"""Va=222.3V, Vb=215.7V, Vc=220.9V, T=25.0\u00b0C"""
1739436914.279584,515,b'\x00\x00\x00\x00\t\x00\x01\x00',"""Speed=0rpm, Target=0rpm, Torque=0.9A"""
1739436914.2902305,513,b'\xfa\xff\xb0\x00W\xff\x00\x00',"""Ia=-0.6A, Ib=17.6A, Ic=-16.9A"""
1739436914.2902305,514,b'f\x08\xa9\x08v\x08\xfa\x00',"""Va=215.0V, Vb=221.7V, Vc=216.6V, T=25.0\u00b0C"""
1739436914.2902305,515,b'\x00\x00\x00\x00\x06\x00\x01\x00',"""Speed=0rpm, Target=0rpm, Torque=0.6A"""
1739436914.3005142,513,b'\xfe\xff\xaf\x00J\xff\x00\x00',"""Ia=-0.2A, Ib=17.5A, Ic=-18.2A"""
1739436914.3005142,514,b'g\x08\x82\x08\xa7\x08\xfa\x00',"""Va=215.1V, Vb=217.8V, Vc=221.5V, T=25.0\u00b0C"""
1739436914.3005142,515,b'\x00\x00\x00\x00\x02\x00\x01\x00',"""Speed=0rpm, Target=0rpm, Torque=0.2A"""
1739436914.3106754,513,b'\t\x00\xad\x00U\xff\x00\x00',"""Ia=0.9A, Ib=17.3A, Ic=-17.1A"""
1739436914.3106754,515,b'\x00\x00\x00\x00\t\x00\x01\x00',"""Speed=0rpm, Target=0rpm, Torque=0.9A"""
1739436914.3106754,514,b'\x83\x08\xae\x08\xaa\x08\xfa\x00',"""Va=217.9V, Vb=222.2V, Vc=221.8V, T=25.0\u00b0C"""
1739436914.3212075,513,b'\xff\xff\xae\x00X\xff\x00\x00',"""Ia=-0.1A, Ib=17.4A, Ic=-16.8A"""
1739436914.3212075,514,b'\xc0\x08g\x08\xbe\x08\xfa\x00',"""Va=224.0V, Vb=215.1V, Vc=223.8V, T=25.0\u00b0C"""
1739436914.3212075,515,b'\x00\x00\x00\x00\x01\x00\x01\x00',"""Speed=0rpm, Target=0rpm, Torque=0.1A"""
1739436914.33133,513,b'\xf9\xff\xab\x00U\xff\x00\x00',"""Ia=-0.7A, Ib=17.1A, Ic=-17.1A"""
1739436914.3313434,514,b'\x9e\x08\x99\x08u\x08\xfa\x00',"""Va=220.6V, Vb=220.1V, Vc=216.5V, T=25.0\u00b0C"""
1739436914.3313591,515,b'\x00\x00\x00\x00\x07\x00\x01\x00',"""Speed=0rpm, Target=0rpm, Torque=0.7A"""
1739436914.3414853,513,b'\x03\x00\xa6\x00J\xff\x00\x00',"""Ia=0.3A, Ib=16.6A, Ic=-18.2A"""
1739436914.3414853,514,b'\x97\x08\x81\x08l\x08\xfa\x00',"""Va=219.9V, Vb=217.7V, Vc=215.6V, T=25.0\u00b0C"""
1739436914.3414853,515,b'\x00\x00\x00\x00\x03\x00\x01\x00',"""Speed=0rpm, Target=0rpm, Torque=0.3A"""
1739436914.3518705,513,b'\xfc\xff\xa3\x00L\xff\x00\x00',"""Ia=-0.4A, Ib=16.3A, Ic=-18.0A"""
1739436914.3518705,514,b'x\x08\x93\x08\xae\x08\xfa\x00',"""Va=216.8V, Vb=219.5V, Vc=222.2V, T=25.0\u00b0C"""
1739436914.3518705,515,b'\x00\x00\x00\x00\x04\x00\x01\x00',"""Speed=0rpm, Target=0rpm, Torque=0.4A"""
1739436914.362002,513,b'\xfa\xff\xb3\x00N\xff\x00\x00',"""Ia=-0.6A, Ib=17.9A, Ic=-17.8A"""
1739436914.362002,514,b'\xc3\x08\x82\x08\xbe\x08\xfa\x00',"""Va=224.3V, Vb=217.8V, Vc=223.8V, T=25.0\u00b0C"""
1739436914.362002,515,b'\x00\x00\x00\x00\x06\x00\x01\x00',"""Speed=0rpm, Target=0rpm, Torque=0.6A"""
1739436914.3723683,513,b'\xff\xff\xaf\x00Z\xff\x00\x00',"""Ia=-0.1A, Ib=17.5A, Ic=-16.6A"""
1739436914.3723683,514,b'\x91\x08\xc5\x08\xaa\x08\xfa\x00',"""Va=219.3V, Vb=224.5V, Vc=221.8V, T=25.0\u00b0C"""
1739436914.3723683,515,b'\x00\x00\x00\x00\x01\x00\x01\x00',"""Speed=0rpm, Target=0rpm, Torque=0.1A"""
1739436914.3829877,513,b'\xfe\xff\xac\x00J\xff\x00\x00',"""Ia=-0.2A, Ib=17.2A, Ic=-18.2A"""
1739436914.3829877,514,b'q\x08\x91\x08l\x08\xfa\x00',"""Va=216.1V, Vb=219.3V, Vc=215.6V, T=25.0\u00b0C"""
1739436914.3829877,515,b'\x00\x00\x00\x00\x02\x00\x01\x00',"""Speed=0rpm, Target=0rpm, Torque=0.2A"""
1739436914.3932972,513,b'\t\x00\xb1\x00N\xff\x00\x00',"""Ia=0.9A, Ib=17.7A, Ic=-17.8A"""
1739436914.3932972,514,b'\xaf\x08\xc8\x08k\x08\xfa\x00',"""Va=222.3V, Vb=224.8V, Vc=215.5V, T=25.0\u00b0C"""
1739436914.3932972,515,b'\x00\x00\x00\x00\t\x00\x01\x00',"""Speed=0rpm, Target=0rpm, Torque=0.9A"""
1739436914.403619,513,b'\xfd\xff\xa3\x00\\\xff\x00\x00',"""Ia=-0.3A, Ib=16.3A, Ic=-16.4A"""
1739436914.403619,514,b'\x80\x08\xab\x08}\x08\xfa\x00',"""Va=217.6V, Vb=221.9V, Vc=217.3V, T=25.0\u00b0C"""
1739436914.403619,515,b'\x00\x00\x00\x00\x03\x00\x01\x00',"""Speed=0rpm, Target=0rpm, Torque=0.3A"""
1739436914.4145637,513,b'\xf7\xff\xa6\x00R\xff\x00\x00',"""Ia=-0.9A, Ib=16.6A, Ic=-17.4A"""
1739436914.4145637,514,b'{\x08\xb8\x08\xb3\x08\xfa\x00',"""Va=217.1V, Vb=223.2V, Vc=222.7V, T=25.0\u00b0C"""
1739436914.4145637,515,b'\x00\x00\x00\x00\t\x00\x01\x00',"""Speed=0rpm, Target=0rpm, Torque=0.9A"""
1739436914.4246883,513,b'\xf8\xff\xaf\x00V\xff\x00\x00',"""Ia=-0.8A, Ib=17.5A, Ic=-17.0A"""
1739436914.4247036,514,b'\xad\x08s\x08\x8d\x08\xfa\x00',"""Va=222.1V, Vb=216.3V, Vc=218.9V, T=25.0\u00b0C"""
1739436914.4247036,515,b'\x00\x00\x00\x00\x08\x00\x01\x00',"""Speed=0rpm, Target=0rpm, Torque=0.8A"""
1739436914.435144,513,b'\x06\x00\xb3\x00U\xff\x00\x00',"""Ia=0.6A, Ib=17.9A, Ic=-17.1A"""
1739436914.435144,514,b'n\x08\xa1\x08y\x08\xfa\x00',"""Va=215.8V, Vb=220.9V, Vc=216.9V, T=25.0\u00b0C"""
1739436914.435144,515,b'\x00\x00\x00\x00\x06\x00\x01\x00',"""Speed=0rpm, Target=0rpm, Torque=0.6A"""
1739436914.4454067,513,b'\xfa\xff\xa6\x00Y\xff\x00\x00',"""Ia=-0.6A, Ib=16.6A, Ic=-16.7A"""
1739436914.4454067,514,b'\x82\x08\x9f\x08|\x08\xfa\x00',"""Va=217.8V, Vb=220.7V, Vc=217.2V, T=25.0\u00b0C"""
1739436914.4454067,515,b'\x00\x00\x00\x00\x06\x00\x01\x00',"""Speed=0rpm, Target=0rpm, Torque=0.6A"""
1739436914.4556074,513,b'\x02\x00\xac\x00T\xff\x00\x00',"""Ia=0.2A, Ib=17.2A, Ic=-17.2A"""
1739436914.45567,514,b'\x98\x08\xad\x08\xc6\x08\xfa\x00',"""Va=220.0V, Vb=222.1V, Vc=224.6V, T=25.0\u00b0C"""
1739436914.45567,515,b'\x00\x00\x00\x00\x02\x00\x01\x00',"""Speed=0rpm, Target=0rpm, Torque=0.2A"""
1739436914.4666338,513,b'\x08\x00\xb4\x00\\\xff\x00\x00',"""Ia=0.8A, Ib=18.0A, Ic=-16.4A"""
1739436914.4666338,514,b'\x93\x08z\x08\x8b\x08\xfa\x00',"""Va=219.5V, Vb=217.0V, Vc=218.7V, T=25.0\u00b0C"""
1739436914.4666338,515,b'\x00\x00\x00\x00\x08\x00\x01\x00',"""Speed=0rpm, Target=0rpm, Torque=0.8A"""
1739436914.4772363,513,b'\x02\x00\xb4\x00K\xff\x00\x00',"""Ia=0.2A, Ib=18.0A, Ic=-18.1A"""
1739436914.4772363,514,b'\x8f\x08\xb4\x08\x9d\x08\xfa\x00',"""Va=219.1V, Vb=222.8V, Vc=220.5V, T=25.0\u00b0C"""
1739436914.4772363,515,b'\x00\x00\x00\x00\x02\x00\x01\x00',"""Speed=0rpm, Target=0rpm, Torque=0.2A"""
1739436914.4873233,513,b'\xfd\xff\xb4\x00O\xff\x00\x00',"""Ia=-0.3A, Ib=18.0A, Ic=-17.7A"""
1739436914.4873233,514,b'r\x08\x81\x08\x8e\x08\xfa\x00',"""Va=216.2V, Vb=217.7V, Vc=219.0V, T=25.0\u00b0C"""
1739436914.4873233,515,b'\x00\x00\x00\x00\x03\x00\x01\x00',"""Speed=0rpm, Target=0rpm, Torque=0.3A"""
1739436914.4981604,513,b'\x06\x00\xab\x00[\xff\x00\x00',"""Ia=0.6A, Ib=17.1A, Ic=-16.5A"""
1739436914.4981604,514,b'\x99\x08\x9e\x08\xc1\x08\xfa\x00',"""Va=220.1V, Vb=220.6V, Vc=224.1V, T=25.0\u00b0C"""
1739436914.4981604,515,b'\x00\x00\x00\x00\x06\x00\x01\x00',"""Speed=0rpm, Target=0rpm, Torque=0.6A"""
1739436914.508372,513,b'\x03\x00\xad\x00J\xff\x00\x00',"""Ia=0.3A, Ib=17.3A, Ic=-18.2A"""
1739436914.508372,514,b'\x9c\x08\xb0\x08\xaf\x08\xfa\x00',"""Va=220.4V, Vb=222.4V, Vc=222.3V, T=25.0\u00b0C"""
1739436914.508372,515,b'\x00\x00\x00\x00\x03\x00\x01\x00',"""Speed=0rpm, Target=0rpm, Torque=0.3A"""
1739436914.5184875,513,b'\x03\x00\xa5\x00Z\xff\x00\x00',"""Ia=0.3A, Ib=16.5A, Ic=-16.6A"""
1739436914.5184875,514,b'\x98\x08\xa0\x08\x9d\x08\xfa\x00',"""Va=220.0V, Vb=220.8V, Vc=220.5V, T=25.0\u00b0C"""
1739436914.5184875,515,b'\x00\x00\x00\x00\x03\x00\x01\x00',"""Speed=0rpm, Target=0rpm, Torque=0.3A"""
1739436914.5292146,513,b'\x00\x00\xb7\x00V\xff\x00\x00',"""Ia=0.0A, Ib=18.3A, Ic=-17.0A"""
1739436914.5292146,514,b'\xb1\x08\xc5\x08\xc5\x08\xfa\x00',"""Va=222.5V, Vb=224.5V, Vc=224.5V, T=25.0\u00b0C"""
1739436914.5292146,515,b'\x00\x00\x00\x00\x00\x00\x01\x00',"""Speed=0rpm, Target=0rpm, Torque=0.0A"""
1739436914.5395784,513,b'\x07\x00\xb2\x00U\xff\x00\x00',"""Ia=0.7A, Ib=17.8A, Ic=-17.1A"""
1739436914.5395784,514,b'\x91\x08\x81\x08\x8e\x08\xfa\x00',"""Va=219.3V, Vb=217.7V, Vc=219.0V, T=25.0\u00b0C"""
1739436914.5395784,515,b'\x00\x00\x00\x00\x07\x00\x01\x00',"""Speed=0rpm, Target=0rpm, Torque=0.7A"""
1739436914.5498462,513,b'\x07\x00\xb2\x00\\\xff\x00\x00',"""Ia=0.7A, Ib=17.8A, Ic=-16.4A"""
1739436914.5498462,514,b'\xbc\x08\x8f\x08\x95\x08\xfa\x00',"""Va=223.6V, Vb=219.1V, Vc=219.7V, T=25.0\u00b0C"""
1739436914.5498462,515,b'\x00\x00\x00\x00\x07\x00\x01\x00',"""Speed=0rpm, Target=0rpm, Torque=0.7A"""
1739436914.5603952,513,b'\x00\x00\xb3\x00R\xff\x00\x00',"""Ia=0.0A, Ib=17.9A, Ic=-17.4A"""
1739436914.5603952,514,b'\xbe\x08v\x08\xb7\x08\xfa\x00',"""Va=223.8V, Vb=216.6V, Vc=223.1V, T=25.0\u00b0C"""
1739436914.5603952,515,b'\x00\x00\x00\x00\x00\x00\x01\x00',"""Speed=0rpm, Target=0rpm, Torque=0.0A"""
1739436914.5707145,513,b'\xfa\xff\xb1\x00]\xff\x00\x00',"""Ia=-0.6A, Ib=17.7A, Ic=-16.3A"""
1739436914.5707145,514,b'\xbf\x08\x9b\x08q\x08\xfa\x00',"""Va=223.9V, Vb=220.3V, Vc=216.1V, T=25.0\u00b0C"""
1739436914.5707145,515,b'\x00\x00\x00\x00\x06\x00\x01\x00',"""Speed=0rpm, Target=0rpm, Torque=0.6A"""
1739436914.5817356,513,b'\t\x00\xa5\x00S\xff\x00\x00',"""Ia=0.9A, Ib=16.5A, Ic=-17.3A"""
1739436914.5817356,514,b'\xb5\x08\x8b\x08\xac\x08\xfa\x00',"""Va=222.9V, Vb=218.7V, Vc=222.0V, T=25.0\u00b0C"""
1739436914.5817356,515,b'\x00\x00\x00\x00\t\x00\x01\x00',"""Speed=0rpm, Target=0rpm, Torque=0.9A"""
1739436914.592202,513,b'\xfd\xff\xad\x00M\xff\x00\x00',"""Ia=-0.3A, Ib=17.3A, Ic=-17.9A"""
1739436914.592202,514,b'\x8b\x08z\x08\xbc\x08\xfa\x00',"""Va=218.7V, Vb=217.0V, Vc=223.6V, T=25.0\u00b0C"""
1739436914.592202,515,b'\x00\x00\x00\x00\x03\x00\x01\x00',"""Speed=0rpm, Target=0rpm, Torque=0.3A"""
1739436914.603325,513,b'\x06\x00\xb5\x00S\xff\x00\x00',"""Ia=0.6A, Ib=18.1A, Ic=-17.3A"""
1739436914.603325,514,b'\x98\x08\x81\x08\x8f\x08\xfa\x00',"""Va=220.0V, Vb=217.7V, Vc=219.1V, T=25.0\u00b0C"""
1739436914.603325,515,b'\x00\x00\x00\x00\x06\x00\x01\x00',"""Speed=0rpm, Target=0rpm, Torque=0.6A"""
1739436914.613884,513,b'\xfe\xff\xb7\x00V\xff\x00\x00',"""Ia=-0.2A, Ib=18.3A, Ic=-17.0A"""
1739436914.613884,514,b'\xc3\x08\x9c\x08\x86\x08\xfa\x00',"""Va=224.3V, Vb=220.4V, Vc=218.2V, T=25.0\u00b0C"""
1739436914.613884,515,b'\x00\x00\x00\x00\x02\x00\x01\x00',"""Speed=0rpm, Target=0rpm, Torque=0.2A"""
1739436914.6247034,513,b'\xff\xff\xa8\x00U\xff\x00\x00',"""Ia=-0.1A, Ib=16.8A, Ic=-17.1A"""
1739436914.624778,514,b'j\x08\x89\x08\x96\x08\xfa\x00',"""Va=215.4V, Vb=218.5V, Vc=219.8V, T=25.0\u00b0C"""
1739436914.624778,515,b'\x00\x00\x00\x00\x01\x00\x01\x00',"""Speed=0rpm, Target=0rpm, Torque=0.1A"""
1739436914.634876,513,b'\x00\x00\xb5\x00J\xff\x00\x00',"""Ia=0.0A, Ib=18.1A, Ic=-18.2A"""
1739436914.634876,514,b'm\x08\x9b\x08\xbe\x08\xfa\x00',"""Va=215.7V, Vb=220.3V, Vc=223.8V, T=25.0\u00b0C"""
1739436914.634876,515,b'\x00\x00\x00\x00\x00\x00\x01\x00',"""Speed=0rpm, Target=0rpm, Torque=0.0A"""
1739436914.6452353,513,b'\x03\x00\xb1\x00U\xff\x00\x00',"""Ia=0.3A, Ib=17.7A, Ic=-17.1A"""
1739436914.6452353,514,b'\x86\x08\xb7\x08\x8c\x08\xfa\x00',"""Va=218.2V, Vb=223.1V, Vc=218.8V, T=25.0\u00b0C"""
1739436914.6452353,515,b'\x00\x00\x00\x00\x03\x00\x01\x00',"""Speed=0rpm, Target=0rpm, Torque=0.3A"""
1739436914.655635,513,b'\x00\x00\xa7\x00U\xff\x00\x00',"""Ia=0.0A, Ib=16.7A, Ic=-17.1A"""
1739436914.655635,514,b'\xa5\x08j\x08\x8c\x08\xfa\x00',"""Va=221.3V, Vb=215.4V, Vc=218.8V, T=25.0\u00b0C"""
1739436914.655635,515,b'\x00\x00\x00\x00\x00\x00\x01\x00',"""Speed=0rpm, Target=0rpm, Torque=0.0A"""
1739436914.6658762,513,b'\x01\x00\xa9\x00L\xff\x00\x00',"""Ia=0.1A, Ib=16.9A, Ic=-18.0A"""
1739436914.6658762,514,b'\xb2\x08\x82\x08{\x08\xfa\x00',"""Va=222.6V, Vb=217.8V, Vc=217.1V, T=25.0\u00b0C"""
1739436914.6658762,515,b'\x00\x00\x00\x00\x01\x00\x01\x00',"""Speed=0rpm, Target=0rpm, Torque=0.1A"""
1739436914.6761045,513,b'\xf9\xff\xaf\x00N\xff\x00\x00',"""Ia=-0.7A, Ib=17.5A, Ic=-17.8A"""
1739436914.6761045,514,b'\xa1\x08\x93\x08\xab\x08\xfa\x00',"""Va=220.9V, Vb=219.5V, Vc=221.9V, T=25.0\u00b0C"""
1739436914.6761045,515,b'\x00\x00\x00\x00\x07\x00\x01\x00',"""Speed=0rpm, Target=0rpm, Torque=0.7A"""
1739436914.6861656,513,b'\xf8\xff\xa9\x00R\xff\x00\x00',"""Ia=-0.8A, Ib=16.9A, Ic=-17.4A"""
1739436914.6861656,514,b'\xbc\x08l\x08\xc1\x08\xfa\x00',"""Va=223.6V, Vb=215.6V, Vc=224.1V, T=25.0\u00b0C"""
1739436914.6861656,515,b'\x00\x00\x00\x00\x08\x00\x01\x00',"""Speed=0rpm, Target=0rpm, Torque=0.8A"""
1739436914.6964254,513,b'\xf9\xff\xa8\x00R\xff\x00\x00',"""Ia=-0.7A, Ib=16.8A, Ic=-17.4A"""
1739436914.6964254,514,b'\xb9\x08\xab\x08u\x08\xfa\x00',"""Va=223.3V, Vb=221.9V, Vc=216.5V, T=25.0\u00b0C"""
1739436914.6964254,515,b'\x00\x00\x00\x00\x07\x00\x01\x00',"""Speed=0rpm, Target=0rpm, Torque=0.7A"""
1739436914.706743,513,b'\xfb\xff\xa8\x00Y\xff\x00\x00',"""Ia=-0.5A, Ib=16.8A, Ic=-16.7A"""
1739436914.706743,514,b't\x08~\x08|\x08\xfa\x00',"""Va=216.4V, Vb=217.4V, Vc=217.2V, T=25.0\u00b0C"""
1739436914.706743,515,b'\x00\x00\x00\x00\x05\x00\x01\x00',"""Speed=0rpm, Target=0rpm, Torque=0.5A"""
1739436914.7168212,513,b'\x07\x00\xa3\x00J\xff\x00\x00',"""Ia=0.7A, Ib=16.3A, Ic=-18.2A"""
1739436914.7168212,514,b's\x08g\x08\xbe\x08\xfa\x00',"""Va=216.3V, Vb=215.1V, Vc=223.8V, T=25.0\u00b0C"""
1739436914.7168212,515,b'\x00\x00\x00\x00\x07\x00\x01\x00',"""Speed=0rpm, Target=0rpm, Torque=0.7A"""
1739436914.72693,513,b'\xfa\xff\xab\x00J\xff\x00\x00',"""Ia=-0.6A, Ib=17.1A, Ic=-18.2A"""
1739436914.72693,514,b'\x8c\x08\xc7\x08h\x08\xfa\x00',"""Va=218.8V, Vb=224.7V, Vc=215.2V, T=25.0\u00b0C"""
1739436914.72693,515,b'\x00\x00\x00\x00\x06\x00\x01\x00',"""Speed=0rpm, Target=0rpm, Torque=0.6A"""
1739436914.737917,513,b'\xfd\xff\xab\x00T\xff\x00\x00',"""Ia=-0.3A, Ib=17.1A, Ic=-17.2A"""
1739436914.737917,514,b'\x89\x08\xb3\x08\xaf\x08\xfa\x00',"""Va=218.5V, Vb=222.7V, Vc=222.3V, T=25.0\u00b0C"""
1739436914.737917,515,b'\x00\x00\x00\x00\x03\x00\x01\x00',"""Speed=0rpm, Target=0rpm, Torque=0.3A"""
1739436914.7483592,513,b'\x02\x00\xb2\x00]\xff\x00\x00',"""Ia=0.2A, Ib=17.8A, Ic=-16.3A"""
1739436914.7483592,514,b'\x8a\x08i\x08\x99\x08\xfa\x00',"""Va=218.6V, Vb=215.3V, Vc=220.1V, T=25.0\u00b0C"""
1739436914.7483592,515,b'\x00\x00\x00\x00\x02\x00\x01\x00',"""Speed=0rpm, Target=0rpm, Torque=0.2A"""
1739436914.7587125,513,b'\x04\x00\xb4\x00R\xff\x00\x00',"""Ia=0.4A, Ib=18.0A, Ic=-17.4A"""
1739436914.7587125,514,b'o\x08{\x08\xa3\x08\xfa\x00',"""Va=215.9V, Vb=217.1V, Vc=221.1V, T=25.0\u00b0C"""
1739436914.7587125,515,b'\x00\x00\x00\x00\x04\x00\x01\x00',"""Speed=0rpm, Target=0rpm, Torque=0.4A"""
1739436914.7687948,513,b'\x02\x00\xb3\x00Y\xff\x00\x00',"""Ia=0.2A, Ib=17.9A, Ic=-16.7A"""
1739436914.7687948,514,b'\xb7\x08o\x08o\x08\xfa\x00',"""Va=223.1V, Vb=215.9V, Vc=215.9V, T=25.0\u00b0C"""
1739436914.7687948,515,b'\x00\x00\x00\x00\x02\x00\x01\x00',"""Speed=0rpm, Target=0rpm, Torque=0.2A"""
1739436914.7795637,513,b'\x08\x00\xb3\x00P\xff\x00\x00',"""Ia=0.8A, Ib=17.9A, Ic=-17.6A"""
1739436914.7795637,514,b'\x7f\x08j\x08n\x08\xfa\x00',"""Va=217.5V, Vb=215.4V, Vc=215.8V, T=25.0\u00b0C"""
1739436914.7795637,515,b'\x00\x00\x00\x00\x08\x00\x01\x00',"""Speed=0rpm, Target=0rpm, Torque=0.8A"""
1739436914.7904322,513,b'\xfe\xff\xae\x00[\xff\x00\x00',"""Ia=-0.2A, Ib=17.4A, Ic=-16.5A"""
1739436914.7904322,514,b'\x9d\x08\x95\x08\xc8\x08\xfa\x00',"""Va=220.5V, Vb=219.7V, Vc=224.8V, T=25.0\u00b0C"""
1739436914.7904322,515,b'\x00\x00\x00\x00\x02\x00\x01\x00',"""Speed=0rpm, Target=0rpm, Torque=0.2A"""
1739436914.800654,513,b'\xfd\xff\xaa\x00R\xff\x00\x00',"""Ia=-0.3A, Ib=17.0A, Ic=-17.4A"""
1739436914.800654,514,b'\x86\x08\x8b\x08\xbe\x08\xfa\x00',"""Va=218.2V, Vb=218.7V, Vc=223.8V, T=25.0\u00b0C"""
1739436914.800654,515,b'\x00\x00\x00\x00\x03\x00\x01\x00',"""Speed=0rpm, Target=0rpm, Torque=0.3A"""
1739436914.811292,513,b'\xf7\xff\xb2\x00J\xff\x00\x00',"""Ia=-0.9A, Ib=17.8A, Ic=-18.2A"""
1739436914.811292,514,b'\x89\x08\x95\x08\x96\x08\xfa\x00',"""Va=218.5V, Vb=219.7V, Vc=219.8V, T=25.0\u00b0C"""
1739436914.811292,515,b'\x00\x00\x00\x00\t\x00\x01\x00',"""Speed=0rpm, Target=0rpm, Torque=0.9A"""
1739436914.8217845,513,b'\x05\x00\xb6\x00V\xff\x00\x00',"""Ia=0.5A, Ib=18.2A, Ic=-17.0A"""
1739436914.8217845,514,b'k\x08o\x08~\x08\xfa\x00',"""Va=215.5V, Vb=215.9V, Vc=217.4V, T=25.0\u00b0C"""
1739436914.8217845,515,b'\x00\x00\x00\x00\x05\x00\x01\x00',"""Speed=0rpm, Target=0rpm, Torque=0.5A"""
1739436914.8318899,513,b'\x01\x00\xb1\x00Q\xff\x00\x00',"""Ia=0.1A, Ib=17.7A, Ic=-17.5A"""
1739436914.8318899,514,b'z\x08\xa3\x08\xa5\x08\xfa\x00',"""Va=217.0V, Vb=221.1V, Vc=221.3V, T=25.0\u00b0C"""
1739436914.8318899,515,b'\x00\x00\x00\x00\x01\x00\x01\x00',"""Speed=0rpm, Target=0rpm, Torque=0.1A"""
1739436914.8421988,513,b'\x04\x00\xa8\x00V\xff\x00\x00',"""Ia=0.4A, Ib=16.8A, Ic=-17.0A"""
1739436914.8421988,514,b'\xa8\x08\x9e\x08\xbe\x08\xfa\x00',"""Va=221.6V, Vb=220.6V, Vc=223.8V, T=25.0\u00b0C"""
1739436914.8421988,515,b'\x00\x00\x00\x00\x04\x00\x01\x00',"""Speed=0rpm, Target=0rpm, Torque=0.4A"""
1739436914.8529174,513,b'\x08\x00\xa9\x00T\xff\x00\x00',"""Ia=0.8A, Ib=16.9A, Ic=-17.2A"""
1739436914.8529174,514,b's\x08\xb1\x08\x98\x08\xfa\x00',"""Va=216.3V, Vb=222.5V, Vc=220.0V, T=25.0\u00b0C"""
1739436914.8529174,515,b'\x00\x00\x00\x00\x08\x00\x01\x00',"""Speed=0rpm, Target=0rpm, Torque=0.8A"""
1739436914.8630993,513,b'\x07\x00\xa8\x00I\xff\x00\x00',"""Ia=0.7A, Ib=16.8A, Ic=-18.3A"""
1739436914.8630993,514,b'\xa7\x08\x90\x08t\x08\xfa\x00',"""Va=221.5V, Vb=219.2V, Vc=216.4V, T=25.0\u00b0C"""
1739436914.8630993,515,b'\x00\x00\x00\x00\x07\x00\x01\x00',"""Speed=0rpm, Target=0rpm, Torque=0.7A"""
1739436914.873558,513,b'\xf7\xff\xb6\x00N\xff\x00\x00',"""Ia=-0.9A, Ib=18.2A, Ic=-17.8A"""
1739436914.873558,514,b'\x96\x08\x8b\x08\xa8\x08\xfa\x00',"""Va=219.8V, Vb=218.7V, Vc=221.6V, T=25.0\u00b0C"""
1739436914.873558,515,b'\x00\x00\x00\x00\t\x00\x01\x00',"""Speed=0rpm, Target=0rpm, Torque=0.9A"""
1739436914.8842287,513,b'\xf7\xff\xa8\x00]\xff\x00\x00',"""Ia=-0.9A, Ib=16.8A, Ic=-16.3A"""
1739436914.8842287,514,b'\x85\x08\xc2\x08\x94\x08\xfa\x00',"""Va=218.1V, Vb=224.2V, Vc=219.6V, T=25.0\u00b0C"""
1739436914.8842287,515,b'\x00\x00\x00\x00\t\x00\x01\x00',"""Speed=0rpm, Target=0rpm, Torque=0.9A"""
1739436914.8943946,513,b'\x03\x00\xa3\x00R\xff\x00\x00',"""Ia=0.3A, Ib=16.3A, Ic=-17.4A"""
1739436914.8943946,514,b'n\x08|\x08\x8b\x08\xfa\x00',"""Va=215.8V, Vb=217.2V, Vc=218.7V, T=25.0\u00b0C"""
1739436914.8943946,515,b'\x00\x00\x00\x00\x03\x00\x01\x00',"""Speed=0rpm, Target=0rpm, Torque=0.3A"""
1739436914.9045498,513,b'\x02\x00\xae\x00O\xff\x00\x00',"""Ia=0.2A, Ib=17.4A, Ic=-17.7A"""
1739436914.9045498,514,b'\x98\x08\x97\x08x\x08\xfa\x00',"""Va=220.0V, Vb=219.9V, Vc=216.8V, T=25.0\u00b0C"""
1739436914.9045498,515,b'\x00\x00\x00\x00\x02\x00\x01\x00',"""Speed=0rpm, Target=0rpm, Torque=0.2A"""
1739436914.915366,513,b'\xfb\xff\xae\x00Y\xff\x00\x00',"""Ia=-0.5A, Ib=17.4A, Ic=-16.7A"""
1739436914.915366,514,b'\xad\x08\xa7\x08\x80\x08\xfa\x00',"""Va=222.1V, Vb=221.5V, Vc=217.6V, T=25.0\u00b0C"""
1739436914.915366,515,b'\x00\x00\x00\x00\x05\x00\x01\x00',"""Speed=0rpm, Target=0rpm, Torque=0.5A"""
1739436914.9264083,513,b'\xf7\xff\xa9\x00V\xff\x00\x00',"""Ia=-0.9A, Ib=16.9A, Ic=-17.0A"""
1739436914.9264083,514,b'\xa9\x08\xba\x08f\x08\xfa\x00',"""Va=221.7V, Vb=223.4V, Vc=215.0V, T=25.0\u00b0C"""
1739436914.9264083,515,b'\x00\x00\x00\x00\t\x00\x01\x00',"""Speed=0rpm, Target=0rpm, Torque=0.9A"""
1739436914.9364939,513,b'\x06\x00\xae\x00O\xff\x00\x00',"""Ia=0.6A, Ib=17.4A, Ic=-17.7A"""
1739436914.9364939,514,b'\xad\x08\xab\x08\x96\x08\xfa\x00',"""Va=222.1V, Vb=221.9V, Vc=219.8V, T=25.0\u00b0C"""
1739436914.9364939,515,b'\x00\x00\x00\x00\x06\x00\x01\x00',"""Speed=0rpm, Target=0rpm, Torque=0.6A"""
1739436914.9475439,513,b'\x00\x00\xaf\x00L\xff\x00\x00',"""Ia=0.0A, Ib=17.5A, Ic=-18.0A"""
1739436914.9475439,514,b'\xc7\x08\x9f\x08~\x08\xfa\x00',"""Va=224.7V, Vb=220.7V, Vc=217.4V, T=25.0\u00b0C"""
1739436914.9475439,515,b'\x00\x00\x00\x00\x00\x00\x01\x00',"""Speed=0rpm, Target=0rpm, Torque=0.0A"""
1739436914.9578738,513,b'\x00\x00\xb5\x00Y\xff\x00\x00',"""Ia=0.0A, Ib=18.1A, Ic=-16.7A"""
1739436914.9578738,514,b'\x99\x08\x7f\x08\xc8\x08\xfa\x00',"""Va=220.1V, Vb=217.5V, Vc=224.8V, T=25.0\u00b0C"""
1739436914.9578738,515,b'\x00\x00\x00\x00\x00\x00\x01\x00',"""Speed=0rpm, Target=0rpm, Torque=0.0A"""
1739436914.9681664,513,b'\xff\xff\xad\x00]\xff\x00\x00',"""Ia=-0.1A, Ib=17.3A, Ic=-16.3A"""
1739436914.9681664,514,b'\x9b\x08k\x08\xc4\x08\xfa\x00',"""Va=220.3V, Vb=215.5V, Vc=224.4V, T=25.0\u00b0C"""
1739436914.9681664,515,b'\x00\x00\x00\x00\x01\x00\x01\x00',"""Speed=0rpm, Target=0rpm, Torque=0.1A"""
1739436914.978957,513,b'\x05\x00\xa8\x00Q\xff\x00\x00',"""Ia=0.5A, Ib=16.8A, Ic=-17.5A"""
1739436914.978957,514,b'\xbb\x08\xc6\x08g\x08\xfa\x00',"""Va=223.5V, Vb=224.6V, Vc=215.1V, T=25.0\u00b0C"""
1739436914.978957,515,b'\x00\x00\x00\x00\x05\x00\x01\x00',"""Speed=0rpm, Target=0rpm, Torque=0.5A"""
1739436914.9894226,513,b'\xf9\xff\xb3\x00X\xff\x00\x00',"""Ia=-0.7A, Ib=17.9A, Ic=-16.8A"""
1739436914.9894226,514,b'\xc1\x08\x8d\x08\xc5\x08\xfa\x00',"""Va=224.1V, Vb=218.9V, Vc=224.5V, T=25.0\u00b0C"""
1739436914.9894226,515,b'\x00\x00\x00\x00\x07\x00\x01\x00',"""Speed=0rpm, Target=0rpm, Torque=0.7A"""
1739436915.0004165,513,b'\xfc\xff\xaf\x00\\\xff\x00\x00',"""Ia=-0.4A, Ib=17.5A, Ic=-16.4A"""
1739436915.0004165,514,b'}\x08\xc7\x08o\x08\xfa\x00',"""Va=217.3V, Vb=224.7V, Vc=215.9V, T=25.0\u00b0C"""
1739436915.0004165,515,b'\x00\x00\x00\x00\x04\x00\x01\x00',"""Speed=0rpm, Target=0rpm, Torque=0.4A"""
1739436915.0105517,513,b'\xfb\xff\xb4\x00T\xff\x00\x00',"""Ia=-0.5A, Ib=18.0A, Ic=-17.2A"""
1739436915.0105517,514,b'\xc3\x08\x85\x08k\x08\xfa\x00',"""Va=224.3V, Vb=218.1V, Vc=215.5V, T=25.0\u00b0C"""
1739436915.0105517,515,b'\x00\x00\x00\x00\x05\x00\x01\x00',"""Speed=0rpm, Target=0rpm, Torque=0.5A"""
1739436915.0205865,513,b'\x04\x00\xae\x00M\xff\x00\x00',"""Ia=0.4A, Ib=17.4A, Ic=-17.9A"""
1739436915.0206306,514,b'\xa4\x08\xc4\x08\xa8\x08\xfa\x00',"""Va=221.2V, Vb=224.4V, Vc=221.6V, T=25.0\u00b0C"""
1739436915.0206306,515,b'\x00\x00\x00\x00\x04\x00\x01\x00',"""Speed=0rpm, Target=0rpm, Torque=0.4A"""
1739436915.0307093,513,b'\xfc\xff\xb1\x00\\\xff\x00\x00',"""Ia=-0.4A, Ib=17.7A, Ic=-16.4A"""
1739436915.0307093,514,b'\xa8\x08\xb8\x08\xb0\x08\xfa\x00',"""Va=221.6V, Vb=223.2V, Vc=222.4V, T=25.0\u00b0C"""
1739436915.0307093,515,b'\x00\x00\x00\x00\x04\x00\x01\x00',"""Speed=0rpm, Target=0rpm, Torque=0.4A"""
1739436915.0412345,513,b'\xfe\xff\xa4\x00U\xff\x00\x00',"""Ia=-0.2A, Ib=16.4A, Ic=-17.1A"""
1739436915.0412345,514,b'\x9f\x08\x9b\x08\xbc\x08\xfa\x00',"""Va=220.7V, Vb=220.3V, Vc=223.6V, T=25.0\u00b0C"""
1739436915.0412345,515,b'\x00\x00\x00\x00\x02\x00\x01\x00',"""Speed=0rpm, Target=0rpm, Torque=0.2A"""
1739436915.051342,513,b'\xf9\xff\xa5\x00J\xff\x00\x00',"""Ia=-0.7A, Ib=16.5A, Ic=-18.2A"""
1739436915.051342,514,b'\x95\x08j\x08\x97\x08\xfa\x00',"""Va=219.7V, Vb=215.4V, Vc=219.9V, T=25.0\u00b0C"""
1739436915.051342,515,b'\x00\x00\x00\x00\x07\x00\x01\x00',"""Speed=0rpm, Target=0rpm, Torque=0.7A"""
1739436915.0621798,513,b'\x00\x00\xab\x00M\xff\x00\x00',"""Ia=0.0A, Ib=17.1A, Ic=-17.9A"""
1739436915.0621798,514,b'n\x08\x8d\x08n\x08\xfa\x00',"""Va=215.8V, Vb=218.9V, Vc=215.8V, T=25.0\u00b0C"""
1739436915.0621798,515,b'\x00\x00\x00\x00\x00\x00\x01\x00',"""Speed=0rpm, Target=0rpm, Torque=0.0A"""
1739436915.0723822,513,b'\x00\x00\xaa\x00\\\xff\x00\x00',"""Ia=0.0A, Ib=17.0A, Ic=-16.4A"""
1739436915.0723822,514,b'\x80\x08\x9d\x08\x8a\x08\xfa\x00',"""Va=217.6V, Vb=220.5V, Vc=218.6V, T=25.0\u00b0C"""
1739436915.0723822,515,b'\x00\x00\x00\x00\x00\x00\x01\x00',"""Speed=0rpm, Target=0rpm, Torque=0.0A"""
1739436915.0832887,513,b'\x06\x00\xab\x00T\xff\x00\x00',"""Ia=0.6A, Ib=17.1A, Ic=-17.2A"""
1739436915.0832887,514,b'w\x08\xa7\x08h\x08\xfa\x00',"""Va=216.7V, Vb=221.5V, Vc=215.2V, T=25.0\u00b0C"""
1739436915.0832887,515,b'\x00\x00\x00\x00\x06\x00\x01\x00',"""Speed=0rpm, Target=0rpm, Torque=0.6A"""
1739436915.0936933,513,b'\x06\x00\xa6\x00Z\xff\x00\x00',"""Ia=0.6A, Ib=16.6A, Ic=-16.6A"""
1739436915.0936933,514,b'\xbf\x08\xae\x08\x8d\x08\xfa\x00',"""Va=223.9V, Vb=222.2V, Vc=218.9V, T=25.0\u00b0C"""
1739436915.0936933,515,b'\x00\x00\x00\x00\x06\x00\x01\x00',"""Speed=0rpm, Target=0rpm, Torque=0.6A"""
1739436915.1043723,513,b'\t\x00\xb5\x00V\xff\x00\x00',"""Ia=0.9A, Ib=18.1A, Ic=-17.0A"""
1739436915.1043723,514,b'\xb2\x08g\x08\x8c\x08\xfa\x00',"""Va=222.6V, Vb=215.1V, Vc=218.8V, T=25.0\u00b0C"""
1739436915.1043723,515,b'\x00\x00\x00\x00\t\x00\x01\x00',"""Speed=0rpm, Target=0rpm, Torque=0.9A"""
1739436915.114459,513,b'\x04\x00\xb7\x00P\xff\x00\x00',"""Ia=0.4A, Ib=18.3A, Ic=-17.6A"""
1739436915.114459,514,b'\xab\x08\xb2\x08s\x08\xfa\x00',"""Va=221.9V, Vb=222.6V, Vc=216.3V, T=25.0\u00b0C"""
1739436915.114459,515,b'\x00\x00\x00\x00\x04\x00\x01\x00',"""Speed=0rpm, Target=0rpm, Torque=0.4A"""
1739436915.1245923,513,b'\x00\x00\xa6\x00P\xff\x00\x00',"""Ia=0.0A, Ib=16.6A, Ic=-17.6A"""
1739436915.1245923,514,b'u\x08\x8b\x08\x81\x08\xfa\x00',"""Va=216.5V, Vb=218.7V, Vc=217.7V, T=25.0\u00b0C"""
1739436915.1245923,515,b'\x00\x00\x00\x00\x00\x00\x01\x00',"""Speed=0rpm, Target=0rpm, Torque=0.0A"""
1739436915.1354818,513,b'\x02\x00\xae\x00L\xff\x00\x00',"""Ia=0.2A, Ib=17.4A, Ic=-18.0A"""
1739436915.1354818,514,b'\xa1\x08\x9c\x08\xb8\x08\xfa\x00',"""Va=220.9V, Vb=220.4V, Vc=223.2V, T=25.0\u00b0C"""
1739436915.1354818,515,b'\x00\x00\x00\x00\x02\x00\x01\x00',"""Speed=0rpm, Target=0rpm, Torque=0.2A"""
1739436915.146018,513,b'\xf8\xff\xb4\x00\\\xff\x00\x00',"""Ia=-0.8A, Ib=18.0A, Ic=-16.4A"""
1739436915.146018,514,b'\xab\x08\xa8\x08q\x08\xfa\x00',"""Va=221.9V, Vb=221.6V, Vc=216.1V, T=25.0\u00b0C"""
1739436915.146018,515,b'\x00\x00\x00\x00\x08\x00\x01\x00',"""Speed=0rpm, Target=0rpm, Torque=0.8A"""
1739436915.1569817,513,b'\x05\x00\xaf\x00V\xff\x00\x00',"""Ia=0.5A, Ib=17.5A, Ic=-17.0A"""
1739436915.1569817,514,b'v\x08\xbd\x08\xa1\x08\xfa\x00',"""Va=216.6V, Vb=223.7V, Vc=220.9V, T=25.0\u00b0C"""
1739436915.1569817,515,b'\x00\x00\x00\x00\x05\x00\x01\x00',"""Speed=0rpm, Target=0rpm, Torque=0.5A"""
1739436915.1679418,513,b'\xfd\xff\xa7\x00N\xff\x00\x00',"""Ia=-0.3A, Ib=16.7A, Ic=-17.8A"""
1739436915.1680255,514,b'\x99\x08\x89\x08\xbb\x08\xfa\x00',"""Va=220.1V, Vb=218.5V, Vc=223.5V, T=25.0\u00b0C"""
1739436915.1680255,515,b'\x00\x00\x00\x00\x03\x00\x01\x00',"""Speed=0rpm, Target=0rpm, Torque=0.3A"""
1739436915.1783063,513,b'\x00\x00\xb1\x00Y\xff\x00\x00',"""Ia=0.0A, Ib=17.7A, Ic=-16.7A"""
1739436915.1783586,514,b'u\x08\x86\x08\xb2\x08\xfa\x00',"""Va=216.5V, Vb=218.2V, Vc=222.6V, T=25.0\u00b0C"""
1739436915.1783586,515,b'\x00\x00\x00\x00\x00\x00\x01\x00',"""Speed=0rpm, Target=0rpm, Torque=0.0A"""
1739436915.1888502,513,b'\xfa\xff\xa7\x00U\xff\x00\x00',"""Ia=-0.6A, Ib=16.7A, Ic=-17.1A"""
1739436915.1888502,514,b'\xad\x08\x99\x08\xc8\x08\xfa\x00',"""Va=222.1V, Vb=220.1V, Vc=224.8V, T=25.0\u00b0C"""
1739436915.1888502,515,b'\x00\x00\x00\x00\x06\x00\x01\x00',"""Speed=0rpm, Target=0rpm, Torque=0.6A"""
1739436915.1996787,513,b'\x02\x00\xa3\x00[\xff\x00\x00',"""Ia=0.2A, Ib=16.3A, Ic=-16.5A"""
1739436915.1996787,514,b'\x84\x08k\x08g\x08\xfa\x00',"""Va=218.0V, Vb=215.5V, Vc=215.1V, T=25.0\u00b0C"""
1739436915.1996787,515,b'\x00\x00\x00\x00\x02\x00\x01\x00',"""Speed=0rpm, Target=0rpm, Torque=0.2A"""
1739436915.2097745,513,b'\xfa\xff\xab\x00T\xff\x00\x00',"""Ia=-0.6A, Ib=17.1A, Ic=-17.2A"""
1739436915.2097745,514,b'\xc8\x08\x88\x08\xb7\x08\xfa\x00',"""Va=224.8V, Vb=218.4V, Vc=223.1V, T=25.0\u00b0C"""
1739436915.2097745,515,b'\x00\x00\x00\x00\x06\x00\x01\x00',"""Speed=0rpm, Target=0rpm, Torque=0.6A"""
1739436915.2206872,513,b'\xfd\xff\xb6\x00O\xff\x00\x00',"""Ia=-0.3A, Ib=18.2A, Ic=-17.7A"""
1739436915.2206872,514,b'\x83\x08\xa9\x08\x91\x08\xfa\x00',"""Va=217.9V, Vb=221.7V, Vc=219.3V, T=25.0\u00b0C"""
1739436915.2206872,515,b'\x00\x00\x00\x00\x03\x00\x01\x00',"""Speed=0rpm, Target=0rpm, Torque=0.3A"""
1739436915.2311573,513,b'\xf7\xff\xa7\x00\\\xff\x00\x00',"""Ia=-0.9A, Ib=16.7A, Ic=-16.4A"""
1739436915.2311573,514,b'p\x08\xa1\x08k\x08\xfa\x00',"""Va=216.0V, Vb=220.9V, Vc=215.5V, T=25.0\u00b0C"""
1739436915.2311573,515,b'\x00\x00\x00\x00\t\x00\x01\x00',"""Speed=0rpm, Target=0rpm, Torque=0.9A"""
1739436915.2421596,513,b'\x04\x00\xa7\x00]\xff\x00\x00',"""Ia=0.4A, Ib=16.7A, Ic=-16.3A"""
1739436915.2421596,514,b'\x95\x08\x8e\x08\xa4\x08\xfa\x00',"""Va=219.7V, Vb=219.0V, Vc=221.2V, T=25.0\u00b0C"""
1739436915.2421596,515,b'\x00\x00\x00\x00\x04\x00\x01\x00',"""Speed=0rpm, Target=0rpm, Torque=0.4A"""
1739436915.2527778,513,b'\xfc\xff\xb5\x00S\xff\x00\x00',"""Ia=-0.4A, Ib=18.1A, Ic=-17.3A"""
1739436915.2527778,514,b'\x9b\x08\xbc\x08\xa9\x08\xfa\x00',"""Va=220.3V, Vb=223.6V, Vc=221.7V, T=25.0\u00b0C"""
1739436915.2527778,515,b'\x00\x00\x00\x00\x04\x00\x01\x00',"""Speed=0rpm, Target=0rpm, Torque=0.4A"""
1739436915.2629476,513,b'\xf7\xff\xaf\x00V\xff\x00\x00',"""Ia=-0.9A, Ib=17.5A, Ic=-17.0A"""
1739436915.2629476,514,b'|\x08\x96\x08\x90\x08\xfa\x00',"""Va=217.2V, Vb=219.8V, Vc=219.2V, T=25.0\u00b0C"""
1739436915.2629476,515,b'\x00\x00\x00\x00\t\x00\x01\x00',"""Speed=0rpm, Target=0rpm, Torque=0.9A"""
1739436915.2733266,513,b'\x03\x00\xa5\x00O\xff\x00\x00',"""Ia=0.3A, Ib=16.5A, Ic=-17.7A"""
1739436915.2733266,514,b'~\x08\x8a\x08\xc7\x08\xfa\x00',"""Va=217.4V, Vb=218.6V, Vc=224.7V, T=25.0\u00b0C"""
1739436915.2733266,515,b'\x00\x00\x00\x00\x03\x00\x01\x00',"""Speed=0rpm, Target=0rpm, Torque=0.3A"""
1739436915.2837837,513,b'\xfc\xff\xb3\x00W\xff\x00\x00',"""Ia=-0.4A, Ib=17.9A, Ic=-16.9A"""
1739436915.2837837,514,b'\xaa\x08~\x08{\x08\xfa\x00',"""Va=221.8V, Vb=217.4V, Vc=217.1V, T=25.0\u00b0C"""
1739436915.2837837,515,b'\x00\x00\x00\x00\x04\x00\x01\x00',"""Speed=0rpm, Target=0rpm, Torque=0.4A"""
1739436915.2941506,513,b'\x05\x00\xa8\x00Y\xff\x00\x00',"""Ia=0.5A, Ib=16.8A, Ic=-16.7A"""
1739436915.2941506,514,b'k\x08\xb1\x08m\x08\xfa\x00',"""Va=215.5V, Vb=222.5V, Vc=215.7V, T=25.0\u00b0C"""
1739436915.2941506,515,b'\x00\x00\x00\x00\x05\x00\x01\x00',"""Speed=0rpm, Target=0rpm, Torque=0.5A"""
1739436915.3046584,513,b'\xff\xff\xa3\x00S\xff\x00\x00',"""Ia=-0.1A, Ib=16.3A, Ic=-17.3A"""
1739436915.3046584,514,b'\xb3\x08\x8d\x08\x86\x08\xfa\x00',"""Va=222.7V, Vb=218.9V, Vc=218.2V, T=25.0\u00b0C"""
1739436915.3046584,515,b'\x00\x00\x00\x00\x01\x00\x01\x00',"""Speed=0rpm, Target=0rpm, Torque=0.1A"""
1739436915.3148448,513,b'\xf8\xff\xad\x00[\xff\x00\x00',"""Ia=-0.8A, Ib=17.3A, Ic=-16.5A"""
1739436915.3148448,514,b'\xb2\x08u\x08\xc1\x08\xfa\x00',"""Va=222.6V, Vb=216.5V, Vc=224.1V, T=25.0\u00b0C"""
1739436915.3148448,515,b'\x00\x00\x00\x00\x08\x00\x01\x00',"""Speed=0rpm, Target=0rpm, Torque=0.8A"""
1739436915.3249428,513,b'\x07\x00\xaa\x00S\xff\x00\x00',"""Ia=0.7A, Ib=17.0A, Ic=-17.3A"""
1739436915.3249428,514,b'm\x08n\x08}\x08\xfa\x00',"""Va=215.7V, Vb=215.8V, Vc=217.3V, T=25.0\u00b0C"""
1739436915.3249428,515,b'\x00\x00\x00\x00\x07\x00\x01\x00',"""Speed=0rpm, Target=0rpm, Torque=0.7A"""
1739436915.3356607,513,b'\x01\x00\xa4\x00U\xff\x00\x00',"""Ia=0.1A, Ib=16.4A, Ic=-17.1A"""
1739436915.3356607,514,b'\x90\x08\x93\x08m\x08\xfa\x00',"""Va=219.2V, Vb=219.5V, Vc=215.7V, T=25.0\u00b0C"""
1739436915.3356607,515,b'\x00\x00\x00\x00\x01\x00\x01\x00',"""Speed=0rpm, Target=0rpm, Torque=0.1A"""
1739436915.3465955,513,b'\x08\x00\xa4\x00R\xff\x00\x00',"""Ia=0.8A, Ib=16.4A, Ic=-17.4A"""
1739436915.3465955,514,b'\x82\x08\x87\x08\xc7\x08\xfa\x00',"""Va=217.8V, Vb=218.3V, Vc=224.7V, T=25.0\u00b0C"""
1739436915.3465955,515,b'\x00\x00\x00\x00\x08\x00\x01\x00',"""Speed=0rpm, Target=0rpm, Torque=0.8A"""
1739436915.357567,513,b'\xfa\xff\xb6\x00O\xff\x00\x00',"""Ia=-0.6A, Ib=18.2A, Ic=-17.7A"""
1739436915.357567,514,b'\x82\x08\xb8\x08\xa1\x08\xfa\x00',"""Va=217.8V, Vb=223.2V, Vc=220.9V, T=25.0\u00b0C"""
1739436915.357567,515,b'\x00\x00\x00\x00\x06\x00\x01\x00',"""Speed=0rpm, Target=0rpm, Torque=0.6A"""
1739436915.3677504,513,b'\x01\x00\xb3\x00T\xff\x00\x00',"""Ia=0.1A, Ib=17.9A, Ic=-17.2A"""
1739436915.3677504,514,b'\xb7\x08\xc1\x08z\x08\xfa\x00',"""Va=223.1V, Vb=224.1V, Vc=217.0V, T=25.0\u00b0C"""
1739436915.3677504,515,b'\x00\x00\x00\x00\x01\x00\x01\x00',"""Speed=0rpm, Target=0rpm, Torque=0.1A"""
1739436915.3782766,513,b'\x08\x00\xae\x00]\xff\x00\x00',"""Ia=0.8A, Ib=17.4A, Ic=-16.3A"""
1739436915.3782766,514,b'\xa9\x08\x8d\x08\x8a\x08\xfa\x00',"""Va=221.7V, Vb=218.9V, Vc=218.6V, T=25.0\u00b0C"""
1739436915.3782766,515,b'\x00\x00\x00\x00\x08\x00\x01\x00',"""Speed=0rpm, Target=0rpm, Torque=0.8A"""
1739436915.3884258,513,b'\xfa\xff\xb2\x00Y\xff\x00\x00',"""Ia=-0.6A, Ib=17.8A, Ic=-16.7A"""
1739436915.3884258,514,b'\xaf\x08k\x08\xc8\x08\xfa\x00',"""Va=222.3V, Vb=215.5V, Vc=224.8V, T=25.0\u00b0C"""
1739436915.3884258,515,b'\x00\x00\x00\x00\x06\x00\x01\x00',"""Speed=0rpm, Target=0rpm, Torque=0.6A"""
1739436915.3989222,513,b'\xfa\xff\xb1\x00L\xff\x00\x00',"""Ia=-0.6A, Ib=17.7A, Ic=-18.0A"""
1739436915.3989222,514,b'\xb7\x08\xaf\x08\xa7\x08\xfa\x00',"""Va=223.1V, Vb=222.3V, Vc=221.5V, T=25.0\u00b0C"""
1739436915.3989222,515,b'\x00\x00\x00\x00\x06\x00\x01\x00',"""Speed=0rpm, Target=0rpm, Torque=0.6A"""
1739436915.409443,513,b'\xf7\xff\xb6\x00U\xff\x00\x00',"""Ia=-0.9A, Ib=18.2A, Ic=-17.1A"""
1739436915.409443,514,b'\xc7\x08\x92\x08\xb4\x08\xfa\x00',"""Va=224.7V, Vb=219.4V, Vc=222.8V, T=25.0\u00b0C"""
1739436915.409443,515,b'\x00\x00\x00\x00\t\x00\x01\x00',"""Speed=0rpm, Target=0rpm, Torque=0.9A"""
1739436915.420283,513,b'\xfb\xff\xa8\x00Z\xff\x00\x00',"""Ia=-0.5A, Ib=16.8A, Ic=-16.6A"""
1739436915.420283,514,b'v\x08\x7f\x08j\x08\xfa\x00',"""Va=216.6V, Vb=217.5V, Vc=215.4V, T=25.0\u00b0C"""
1739436915.420283,515,b'\x00\x00\x00\x00\x05\x00\x01\x00',"""Speed=0rpm, Target=0rpm, Torque=0.5A"""
1739436915.4306386,513,b'\xfb\xff\xa6\x00Z\xff\x00\x00',"""Ia=-0.5A, Ib=16.6A, Ic=-16.6A"""
1739436915.4306386,514,b'\x84\x08\x90\x08\x85\x08\xfa\x00',"""Va=218.0V, Vb=219.2V, Vc=218.1V, T=25.0\u00b0C"""
1739436915.4306386,515,b'\x00\x00\x00\x00\x05\x00\x01\x00',"""Speed=0rpm, Target=0rpm, Torque=0.5A"""
1739436915.4408007,513,b'\x02\x00\xb5\x00Z\xff\x00\x00',"""Ia=0.2A, Ib=18.1A, Ic=-16.6A"""
1739436915.4408007,514,b'\xb1\x08\xb2\x08\xbe\x08\xfa\x00',"""Va=222.5V, Vb=222.6V, Vc=223.8V, T=25.0\u00b0C"""
1739436915.4408007,515,b'\x00\x00\x00\x00\x02\x00\x01\x00',"""Speed=0rpm, Target=0rpm, Torque=0.2A"""
1739436915.4511943,513,b'\x01\x00\xb4\x00O\xff\x00\x00',"""Ia=0.1A, Ib=18.0A, Ic=-17.7A"""
1739436915.4511943,514,b'\xc9\x08\xb7\x08n\x08\xfa\x00',"""Va=224.9V, Vb=223.1V, Vc=215.8V, T=25.0\u00b0C"""
1739436915.4511943,515,b'\x00\x00\x00\x00\x01\x00\x01\x00',"""Speed=0rpm, Target=0rpm, Torque=0.1A"""
1739436915.461328,513,b'\x00\x00\xb5\x00U\xff\x00\x00',"""Ia=0.0A, Ib=18.1A, Ic=-17.1A"""
1739436915.461328,514,b'\xc9\x08\x92\x08\xc2\x08\xfa\x00',"""Va=224.9V, Vb=219.4V, Vc=224.2V, T=25.0\u00b0C"""
1739436915.461328,515,b'\x00\x00\x00\x00\x00\x00\x01\x00',"""Speed=0rpm, Target=0rpm, Torque=0.0A"""
1739436915.4722817,513,b'\xfb\xff\xb7\x00R\xff\x00\x00',"""Ia=-0.5A, Ib=18.3A, Ic=-17.4A"""
1739436915.4722817,514,b'\x8a\x08\xbb\x08\xa3\x08\xfa\x00',"""Va=218.6V, Vb=223.5V, Vc=221.1V, T=25.0\u00b0C"""
1739436915.4722817,515,b'\x00\x00\x00\x00\x05\x00\x01\x00',"""Speed=0rpm, Target=0rpm, Torque=0.5A"""
1739436915.482474,513,b'\x00\x00\xa5\x00S\xff\x00\x00',"""Ia=0.0A, Ib=16.5A, Ic=-17.3A"""
1739436915.482474,514,b'\x9e\x08j\x08\x9b\x08\xfa\x00',"""Va=220.6V, Vb=215.4V, Vc=220.3V, T=25.0\u00b0C"""
1739436915.482474,515,b'\x00\x00\x00\x00\x00\x00\x01\x00',"""Speed=0rpm, Target=0rpm, Torque=0.0A"""
1739436915.4929702,513,b'\xfd\xff\xaf\x00J\xff\x00\x00',"""Ia=-0.3A, Ib=17.5A, Ic=-18.2A"""
1739436915.4929702,514,b'\x8f\x08\xc9\x08\x96\x08\xfa\x00',"""Va=219.1V, Vb=224.9V, Vc=219.8V, T=25.0\u00b0C"""
1739436915.4929702,515,b'\x00\x00\x00\x00\x03\x00\x01\x00',"""Speed=0rpm, Target=0rpm, Torque=0.3A"""
1739436915.5031464,513,b'\x07\x00\xaa\x00Q\xff\x00\x00',"""Ia=0.7A, Ib=17.0A, Ic=-17.5A"""
1739436915.50319,514,b'\xba\x08\xae\x08p\x08\xfa\x00',"""Va=223.4V, Vb=222.2V, Vc=216.0V, T=25.0\u00b0C"""
1739436915.50319,515,b'\x00\x00\x00\x00\x07\x00\x01\x00',"""Speed=0rpm, Target=0rpm, Torque=0.7A"""
1739436915.5132768,513,b'\t\x00\xab\x00T\xff\x00\x00',"""Ia=0.9A, Ib=17.1A, Ic=-17.2A"""
1739436915.5132768,514,b'\x9e\x08j\x08o\x08\xfa\x00',"""Va=220.6V, Vb=215.4V, Vc=215.9V, T=25.0\u00b0C"""
1739436915.5132768,515,b'\x00\x00\x00\x00\t\x00\x01\x00',"""Speed=0rpm, Target=0rpm, Torque=0.9A"""
1739436915.5235584,513,b'\xf8\xff\xb4\x00X\xff\x00\x00',"""Ia=-0.8A, Ib=18.0A, Ic=-16.8A"""
1739436915.5235584,514,b'\x8f\x08\xbd\x08\xc1\x08\xfa\x00',"""Va=219.1V, Vb=223.7V, Vc=224.1V, T=25.0\u00b0C"""
1739436915.5235584,515,b'\x00\x00\x00\x00\x08\x00\x01\x00',"""Speed=0rpm, Target=0rpm, Torque=0.8A"""
1739436915.5336814,513,b'\xf7\xff\xae\x00Z\xff\x00\x00',"""Ia=-0.9A, Ib=17.4A, Ic=-16.6A"""
1739436915.5336936,514,b'\xb8\x08\x7f\x08\xc0\x08\xfa\x00',"""Va=223.2V, Vb=217.5V, Vc=224.0V, T=25.0\u00b0C"""
1739436915.5336936,515,b'\x00\x00\x00\x00\t\x00\x01\x00',"""Speed=0rpm, Target=0rpm, Torque=0.9A"""
1739436915.544159,513,b'\xfb\xff\xb2\x00O\xff\x00\x00',"""Ia=-0.5A, Ib=17.8A, Ic=-17.7A"""
1739436915.544159,514,b'\xaa\x08\x8b\x08\x8a\x08\xfa\x00',"""Va=221.8V, Vb=218.7V, Vc=218.6V, T=25.0\u00b0C"""
1739436915.544159,515,b'\x00\x00\x00\x00\x05\x00\x01\x00',"""Speed=0rpm, Target=0rpm, Torque=0.5A"""
1739436915.5545557,513,b'\xfd\xff\xb6\x00Y\xff\x00\x00',"""Ia=-0.3A, Ib=18.2A, Ic=-16.7A"""
1739436915.5546007,514,b'\xc1\x08\xb8\x08n\x08\xfa\x00',"""Va=224.1V, Vb=223.2V, Vc=215.8V, T=25.0\u00b0C"""
1739436915.5546007,515,b'\x00\x00\x00\x00\x03\x00\x01\x00',"""Speed=0rpm, Target=0rpm, Torque=0.3A"""
1739436915.5652418,513,b'\xfc\xff\xac\x00T\xff\x00\x00',"""Ia=-0.4A, Ib=17.2A, Ic=-17.2A"""
1739436915.5652418,514,b'\xbd\x08\x98\x08n\x08\xfa\x00',"""Va=223.7V, Vb=220.0V, Vc=215.8V, T=25.0\u00b0C"""
1739436915.5652418,515,b'\x00\x00\x00\x00\x04\x00\x01\x00',"""Speed=0rpm, Target=0rpm, Torque=0.4A"""
1739436915.575838,513,b'\x04\x00\xa6\x00R\xff\x00\x00',"""Ia=0.4A, Ib=16.6A, Ic=-17.4A"""
1739436915.575838,514,b'u\x08\xb1\x08v\x08\xfa\x00',"""Va=216.5V, Vb=222.5V, Vc=216.6V, T=25.0\u00b0C"""
1739436915.575838,515,b'\x00\x00\x00\x00\x04\x00\x01\x00',"""Speed=0rpm, Target=0rpm, Torque=0.4A"""
1739436915.5863712,513,b'\x05\x00\xb1\x00K\xff\x00\x00',"""Ia=0.5A, Ib=17.7A, Ic=-18.1A"""
1739436915.5863712,514,b'z\x08\xbb\x08\xc2\x08\xfa\x00',"""Va=217.0V, Vb=223.5V, Vc=224.2V, T=25.0\u00b0C"""
1739436915.5863712,515,b'\x00\x00\x00\x00\x05\x00\x01\x00',"""Speed=0rpm, Target=0rpm, Torque=0.5A"""
1739436915.596868,513,b'\xfe\xff\xa4\x00Q\xff\x00\x00',"""Ia=-0.2A, Ib=16.4A, Ic=-17.5A"""
1739436915.596868,514,b'\x8c\x08\x87\x08\xb6\x08\xfa\x00',"""Va=218.8V, Vb=218.3V, Vc=223.0V, T=25.0\u00b0C"""
1739436915.596868,515,b'\x00\x00\x00\x00\x02\x00\x01\x00',"""Speed=0rpm, Target=0rpm, Torque=0.2A"""
1739436915.6074095,513,b'\x06\x00\xac\x00]\xff\x00\x00',"""Ia=0.6A, Ib=17.2A, Ic=-16.3A"""
1739436915.6074095,514,b'\x84\x08\xab\x08\xbc\x08\xfa\x00',"""Va=218.0V, Vb=221.9V, Vc=223.6V, T=25.0\u00b0C"""
1739436915.6074095,515,b'\x00\x00\x00\x00\x06\x00\x01\x00',"""Speed=0rpm, Target=0rpm, Torque=0.6A"""
1739436915.6180863,513,b'\xfa\xff\xab\x00N\xff\x00\x00',"""Ia=-0.6A, Ib=17.1A, Ic=-17.8A"""
1739436915.6180863,514,b'\xc0\x08\xa7\x08\xba\x08\xfa\x00',"""Va=224.0V, Vb=221.5V, Vc=223.4V, T=25.0\u00b0C"""
1739436915.6180863,515,b'\x00\x00\x00\x00\x06\x00\x01\x00',"""Speed=0rpm, Target=0rpm, Torque=0.6A"""
1739436915.6285777,513,b'\x00\x00\xa7\x00Z\xff\x00\x00',"""Ia=0.0A, Ib=16.7A, Ic=-16.6A"""
1739436915.6285777,514,b'\xbc\x08n\x08\x8a\x08\xfa\x00',"""Va=223.6V, Vb=215.8V, Vc=218.6V, T=25.0\u00b0C"""
1739436915.6285777,515,b'\x00\x00\x00\x00\x00\x00\x01\x00',"""Speed=0rpm, Target=0rpm, Torque=0.0A"""
1739436915.6387527,513,b'\x03\x00\xa7\x00\\\xff\x00\x00',"""Ia=0.3A, Ib=16.7A, Ic=-16.4A"""
1739436915.6387527,514,b'\xc1\x08s\x08n\x08\xfa\x00',"""Va=224.1V, Vb=216.3V, Vc=215.8V, T=25.0\u00b0C"""
1739436915.6387527,515,b'\x00\x00\x00\x00\x03\x00\x01\x00',"""Speed=0rpm, Target=0rpm, Torque=0.3A"""
1739436915.649719,513,b'\x03\x00\xb1\x00J\xff\x00\x00',"""Ia=0.3A, Ib=17.7A, Ic=-18.2A"""
1739436915.649719,514,b'v\x08\x8b\x08\xc6\x08\xfa\x00',"""Va=216.6V, Vb=218.7V, Vc=224.6V, T=25.0\u00b0C"""
1739436915.649719,515,b'\x00\x00\x00\x00\x03\x00\x01\x00',"""Speed=0rpm, Target=0rpm, Torque=0.3A"""
1739436915.6600256,513,b'\x00\x00\xb3\x00X\xff\x00\x00',"""Ia=0.0A, Ib=17.9A, Ic=-16.8A"""
1739436915.6600256,514,b'\xbd\x08\x9e\x08\x9f\x08\xfa\x00',"""Va=223.7V, Vb=220.6V, Vc=220.7V, T=25.0\u00b0C"""
1739436915.6600256,515,b'\x00\x00\x00\x00\x00\x00\x01\x00',"""Speed=0rpm, Target=0rpm, Torque=0.0A"""
1739436915.6701722,513,b'\t\x00\xa7\x00S\xff\x00\x00',"""Ia=0.9A, Ib=16.7A, Ic=-17.3A"""
1739436915.6701722,514,b'\x8e\x08\xb2\x08\xb5\x08\xfa\x00',"""Va=219.0V, Vb=222.6V, Vc=222.9V, T=25.0\u00b0C"""
1739436915.6701722,515,b'\x00\x00\x00\x00\t\x00\x01\x00',"""Speed=0rpm, Target=0rpm, Torque=0.9A"""
1739436915.6804614,513,b'\t\x00\xa7\x00K\xff\x00\x00',"""Ia=0.9A, Ib=16.7A, Ic=-18.1A"""
1739436915.6804614,514,b'\x97\x08\xa5\x08j\x08\xfa\x00',"""Va=219.9V, Vb=221.3V, Vc=215.4V, T=25.0\u00b0C"""
1739436915.6804614,515,b'\x00\x00\x00\x00\t\x00\x01\x00',"""Speed=0rpm, Target=0rpm, Torque=0.9A"""
1739436915.6905787,513,b'\x00\x00\xb5\x00L\xff\x00\x00',"""Ia=0.0A, Ib=18.1A, Ic=-18.0A"""
1739436915.6905787,514,b'\xc3\x08\xa6\x08\xc4\x08\xfa\x00',"""Va=224.3V, Vb=221.4V, Vc=224.4V, T=25.0\u00b0C"""
1739436915.6905787,515,b'\x00\x00\x00\x00\x00\x00\x01\x00',"""Speed=0rpm, Target=0rpm, Torque=0.0A"""
1739436915.7014217,513,b'\x01\x00\xb6\x00K\xff\x00\x00',"""Ia=0.1A, Ib=18.2A, Ic=-18.1A"""
1739436915.7014217,514,b'\xc7\x08\xb0\x08\x82\x08\xfa\x00',"""Va=224.7V, Vb=222.4V, Vc=217.8V, T=25.0\u00b0C"""
1739436915.7014217,515,b'\x00\x00\x00\x00\x01\x00\x01\x00',"""Speed=0rpm, Target=0rpm, Torque=0.1A"""
1739436915.7123544,513,b'\xfe\xff\xb3\x00T\xff\x00\x00',"""Ia=-0.2A, Ib=17.9A, Ic=-17.2A"""
1739436915.7123544,514,b'~\x08\xbb\x08\x86\x08\xfa\x00',"""Va=217.4V, Vb=223.5V, Vc=218.2V, T=25.0\u00b0C"""
1739436915.7123544,515,b'\x00\x00\x00\x00\x02\x00\x01\x00',"""Speed=0rpm, Target=0rpm, Torque=0.2A"""
1739436915.7229517,513,b'\x03\x00\xb2\x00T\xff\x00\x00',"""Ia=0.3A, Ib=17.8A, Ic=-17.2A"""
1739436915.7229517,514,b'\x91\x08t\x08\xc2\x08\xfa\x00',"""Va=219.3V, Vb=216.4V, Vc=224.2V, T=25.0\u00b0C"""
1739436915.7229517,515,b'\x00\x00\x00\x00\x03\x00\x01\x00',"""Speed=0rpm, Target=0rpm, Torque=0.3A"""
1739436915.733501,513,b'\x08\x00\xb3\x00M\xff\x00\x00',"""Ia=0.8A, Ib=17.9A, Ic=-17.9A"""
1739436915.733501,514,b'\xa0\x08\x84\x08h\x08\xfa\x00',"""Va=220.8V, Vb=218.0V, Vc=215.2V, T=25.0\u00b0C"""
1739436915.733501,515,b'\x00\x00\x00\x00\x08\x00\x01\x00',"""Speed=0rpm, Target=0rpm, Torque=0.8A"""
1739436915.7442112,513,b'\xf8\xff\xa6\x00Q\xff\x00\x00',"""Ia=-0.8A, Ib=16.6A, Ic=-17.5A"""
1739436915.7442112,514,b'k\x08\x81\x08\x9f\x08\xfa\x00',"""Va=215.5V, Vb=217.7V, Vc=220.7V, T=25.0\u00b0C"""
1739436915.7442112,515,b'\x00\x00\x00\x00\x08\x00\x01\x00',"""Speed=0rpm, Target=0rpm, Torque=0.8A"""
1739436915.7544188,513,b'\x00\x00\xaa\x00Z\xff\x00\x00',"""Ia=0.0A, Ib=17.0A, Ic=-16.6A"""
1739436915.7544255,514,b'\xc8\x08\xaf\x08j\x08\xfa\x00',"""Va=224.8V, Vb=222.3V, Vc=215.4V, T=25.0\u00b0C"""
1739436915.7544255,515,b'\x00\x00\x00\x00\x00\x00\x01\x00',"""Speed=0rpm, Target=0rpm, Torque=0.0A"""
1739436915.7653353,513,b'\t\x00\xb1\x00P\xff\x00\x00',"""Ia=0.9A, Ib=17.7A, Ic=-17.6A"""
1739436915.7653353,514,b'\x89\x08\xa3\x08\xad\x08\xfa\x00',"""Va=218.5V, Vb=221.1V, Vc=222.1V, T=25.0\u00b0C"""
1739436915.7653353,515,b'\x00\x00\x00\x00\t\x00\x01\x00',"""Speed=0rpm, Target=0rpm, Torque=0.9A"""
1739436915.7755566,513,b'\x03\x00\xb2\x00O\xff\x00\x00',"""Ia=0.3A, Ib=17.8A, Ic=-17.7A"""
1739436915.7755566,514,b'\x99\x08t\x08\xb8\x08\xfa\x00',"""Va=220.1V, Vb=216.4V, Vc=223.2V, T=25.0\u00b0C"""
1739436915.7755566,515,b'\x00\x00\x00\x00\x03\x00\x01\x00',"""Speed=0rpm, Target=0rpm, Torque=0.3A"""
1739436915.7858546,513,b'\xfa\xff\xa3\x00R\xff\x00\x00',"""Ia=-0.6A, Ib=16.3A, Ic=-17.4A"""
1739436915.7858546,514,b'o\x08\xb0\x08t\x08\xfa\x00',"""Va=215.9V, Vb=222.4V, Vc=216.4V, T=25.0\u00b0C"""
1739436915.7858546,515,b'\x00\x00\x00\x00\x06\x00\x01\x00',"""Speed=0rpm, Target=0rpm, Torque=0.6A"""
1739436915.7959628,513,b'\x02\x00\xa4\x00Q\xff\x00\x00',"""Ia=0.2A, Ib=16.4A, Ic=-17.5A"""
1739436915.7959714,514,b'\x90\x08\xc7\x08\xbb\x08\xfa\x00',"""Va=219.2V, Vb=224.7V, Vc=223.5V, T=25.0\u00b0C"""
1739436915.7959802,515,b'\x00\x00\x00\x00\x02\x00\x01\x00',"""Speed=0rpm, Target=0rpm, Torque=0.2A"""
1739436915.8064425,513,b'\x07\x00\xae\x00S\xff\x00\x00',"""Ia=0.7A, Ib=17.4A, Ic=-17.3A"""
1739436915.8064425,514,b'\xc2\x08f\x08\xc8\x08\xfa\x00',"""Va=224.2V, Vb=215.0V, Vc=224.8V, T=25.0\u00b0C"""
1739436915.8064425,515,b'\x00\x00\x00\x00\x07\x00\x01\x00',"""Speed=0rpm, Target=0rpm, Torque=0.7A"""
1739436915.8174305,513,b'\xfc\xff\xb1\x00S\xff\x00\x00',"""Ia=-0.4A, Ib=17.7A, Ic=-17.3A"""
1739436915.8174305,514,b'\xae\x08\xa1\x08\xc9\x08\xfa\x00',"""Va=222.2V, Vb=220.9V, Vc=224.9V, T=25.0\u00b0C"""
1739436915.8174305,515,b'\x00\x00\x00\x00\x04\x00\x01\x00',"""Speed=0rpm, Target=0rpm, Torque=0.4A"""
1739436915.828478,513,b'\xff\xff\xa7\x00U\xff\x00\x00',"""Ia=-0.1A, Ib=16.7A, Ic=-17.1A"""
1739436915.828478,514,b'\x90\x08q\x08\x91\x08\xfa\x00',"""Va=219.2V, Vb=216.1V, Vc=219.3V, T=25.0\u00b0C"""
1739436915.828478,515,b'\x00\x00\x00\x00\x01\x00\x01\x00',"""Speed=0rpm, Target=0rpm, Torque=0.1A"""
1739436915.8389187,513,b'\x06\x00\xb5\x00[\xff\x00\x00',"""Ia=0.6A, Ib=18.1A, Ic=-16.5A"""
1739436915.8389735,514,b'\xc2\x08\x8f\x08f\x08\xfa\x00',"""Va=224.2V, Vb=219.1V, Vc=215.0V, T=25.0\u00b0C"""
1739436915.8389735,515,b'\x00\x00\x00\x00\x06\x00\x01\x00',"""Speed=0rpm, Target=0rpm, Torque=0.6A"""
1739436915.8499491,513,b'\xfb\xff\xb3\x00Y\xff\x00\x00',"""Ia=-0.5A, Ib=17.9A, Ic=-16.7A"""
1739436915.8499491,514,b'\xb0\x08i\x08v\x08\xfa\x00',"""Va=222.4V, Vb=215.3V, Vc=216.6V, T=25.0\u00b0C"""
1739436915.8499491,515,b'\x00\x00\x00\x00\x05\x00\x01\x00',"""Speed=0rpm, Target=0rpm, Torque=0.5A"""
1739436915.8604374,513,b'\xf8\xff\xac\x00S\xff\x00\x00',"""Ia=-0.8A, Ib=17.2A, Ic=-17.3A"""
1739436915.8604374,514,b'p\x08\x86\x08\x9a\x08\xfa\x00',"""Va=216.0V, Vb=218.2V, Vc=220.2V, T=25.0\u00b0C"""
1739436915.8604374,515,b'\x00\x00\x00\x00\x08\x00\x01\x00',"""Speed=0rpm, Target=0rpm, Torque=0.8A"""
1739436915.8708925,513,b'\x00\x00\xab\x00S\xff\x00\x00',"""Ia=0.0A, Ib=17.1A, Ic=-17.3A"""
1739436915.8708925,514,b'\x9f\x08x\x08\x94\x08\xfa\x00',"""Va=220.7V, Vb=216.8V, Vc=219.6V, T=25.0\u00b0C"""
1739436915.8708925,515,b'\x00\x00\x00\x00\x00\x00\x01\x00',"""Speed=0rpm, Target=0rpm, Torque=0.0A"""
1739436915.8818643,513,b'\xff\xff\xab\x00Y\xff\x00\x00',"""Ia=-0.1A, Ib=17.1A, Ic=-16.7A"""
1739436915.8818643,514,b'w\x08p\x08x\x08\xfa\x00',"""Va=216.7V, Vb=216.0V, Vc=216.8V, T=25.0\u00b0C"""
1739436915.8818643,515,b'\x00\x00\x00\x00\x01\x00\x01\x00',"""Speed=0rpm, Target=0rpm, Torque=0.1A"""
1739436915.892223,513,b'\xf9\xff\xae\x00]\xff\x00\x00',"""Ia=-0.7A, Ib=17.4A, Ic=-16.3A"""
1739436915.892223,514,b'\xa3\x08\x88\x08\x97\x08\xfa\x00',"""Va=221.1V, Vb=218.4V, Vc=219.9V, T=25.0\u00b0C"""
1739436915.892223,515,b'\x00\x00\x00\x00\x07\x00\x01\x00',"""Speed=0rpm, Target=0rpm, Torque=0.7A"""
1739436915.903032,513,b'\x08\x00\xb1\x00Y\xff\x00\x00',"""Ia=0.8A, Ib=17.7A, Ic=-16.7A"""
1739436915.903032,514,b'\xc2\x08\x81\x08\xb1\x08\xfa\x00',"""Va=224.2V, Vb=217.7V, Vc=222.5V, T=25.0\u00b0C"""
1739436915.903032,515,b'\x00\x00\x00\x00\x08\x00\x01\x00',"""Speed=0rpm, Target=0rpm, Torque=0.8A"""
1739436915.9135976,513,b'\xfb\xff\xb0\x00]\xff\x00\x00',"""Ia=-0.5A, Ib=17.6A, Ic=-16.3A"""
1739436915.9135976,514,b'\x88\x08x\x08u\x08\xfa\x00',"""Va=218.4V, Vb=216.8V, Vc=216.5V, T=25.0\u00b0C"""
1739436915.9135976,515,b'\x00\x00\x00\x00\x05\x00\x01\x00',"""Speed=0rpm, Target=0rpm, Torque=0.5A"""
1739436915.9244835,513,b'\x04\x00\xb3\x00J\xff\x00\x00',"""Ia=0.4A, Ib=17.9A, Ic=-18.2A"""
1739436915.9244835,514,b'\xa4\x08\xc0\x08\x93\x08\xfa\x00',"""Va=221.2V, Vb=224.0V, Vc=219.5V, T=25.0\u00b0C"""
1739436915.9244835,515,b'\x00\x00\x00\x00\x04\x00\x01\x00',"""Speed=0rpm, Target=0rpm, Torque=0.4A"""
1739436915.935495,513,b'\x01\x00\xaa\x00R\xff\x00\x00',"""Ia=0.1A, Ib=17.0A, Ic=-17.4A"""
1739436915.935495,514,b'z\x08\xa0\x08\x9a\x08\xfa\x00',"""Va=217.0V, Vb=220.8V, Vc=220.2V, T=25.0\u00b0C"""
1739436915.935495,515,b'\x00\x00\x00\x00\x01\x00\x01\x00',"""Speed=0rpm, Target=0rpm, Torque=0.1A"""
1739436915.9458551,513,b'\xfa\xff\xab\x00T\xff\x00\x00',"""Ia=-0.6A, Ib=17.1A, Ic=-17.2A"""
1739436915.9458551,514,b'\xc1\x08\x83\x08\x88\x08\xfa\x00',"""Va=224.1V, Vb=217.9V, Vc=218.4V, T=25.0\u00b0C"""
1739436915.9458551,515,b'\x00\x00\x00\x00\x06\x00\x01\x00',"""Speed=0rpm, Target=0rpm, Torque=0.6A"""
1739436915.9568412,513,b'\x06\x00\xa5\x00V\xff\x00\x00',"""Ia=0.6A, Ib=16.5A, Ic=-17.0A"""
1739436915.9568412,514,b'\x85\x08\xc0\x08\xb2\x08\xfa\x00',"""Va=218.1V, Vb=224.0V, Vc=222.6V, T=25.0\u00b0C"""
1739436915.9568412,515,b'\x00\x00\x00\x00\x06\x00\x01\x00',"""Speed=0rpm, Target=0rpm, Torque=0.6A"""
1739436915.967227,513,b'\x04\x00\xa3\x00S\xff\x00\x00',"""Ia=0.4A, Ib=16.3A, Ic=-17.3A"""
1739436915.967227,514,b'j\x08o\x08\x9c\x08\xfa\x00',"""Va=215.4V, Vb=215.9V, Vc=220.4V, T=25.0\u00b0C"""
1739436915.967227,515,b'\x00\x00\x00\x00\x04\x00\x01\x00',"""Speed=0rpm, Target=0rpm, Torque=0.4A"""
1739436915.9775872,513,b'\x00\x00\xb0\x00O\xff\x00\x00',"""Ia=0.0A, Ib=17.6A, Ic=-17.7A"""
1739436915.9775872,514,b'\x95\x08\x80\x08\x85\x08\xfa\x00',"""Va=219.7V, Vb=217.6V, Vc=218.1V, T=25.0\u00b0C"""
1739436915.9775872,515,b'\x00\x00\x00\x00\x00\x00\x01\x00',"""Speed=0rpm, Target=0rpm, Torque=0.0A"""
1739436915.9879603,513,b'\x03\x00\xab\x00X\xff\x00\x00',"""Ia=0.3A, Ib=17.1A, Ic=-16.8A"""
1739436915.9879603,514,b'\x92\x08\xac\x08\xbc\x08\xfa\x00',"""Va=219.4V, Vb=222.0V, Vc=223.6V, T=25.0\u00b0C"""
1739436915.9879603,515,b'\x00\x00\x00\x00\x03\x00\x01\x00',"""Speed=0rpm, Target=0rpm, Torque=0.3A"""
1739436915.998425,513,b'\xfa\xff\xa8\x00R\xff\x00\x00',"""Ia=-0.6A, Ib=16.8A, Ic=-17.4A"""
1739436915.998425,514,b'\x8a\x08\x8c\x08\x9a\x08\xfa\x00',"""Va=218.6V, Vb=218.8V, Vc=220.2V, T=25.0\u00b0C"""
1739436915.998425,515,b'\x00\x00\x00\x00\x06\x00\x01\x00',"""Speed=0rpm, Target=0rpm, Torque=0.6A"""
1739436916.008869,513,b'\x00\x00\xa4\x00V\xff\x00\x00',"""Ia=0.0A, Ib=16.4A, Ic=-17.0A"""
1739436916.008869,514,b'\xc9\x08\xa7\x08\xb5\x08\xfa\x00',"""Va=224.9V, Vb=221.5V, Vc=222.9V, T=25.0\u00b0C"""
1739436916.008869,515,b'\x00\x00\x00\x00\x00\x00\x01\x00',"""Speed=0rpm, Target=0rpm, Torque=0.0A"""
1739436916.019836,513,b'\xfe\xff\xaa\x00[\xff\x00\x00',"""Ia=-0.2A, Ib=17.0A, Ic=-16.5A"""
1739436916.019836,514,b'\xae\x08m\x08\x82\x08\xfa\x00',"""Va=222.2V, Vb=215.7V, Vc=217.8V, T=25.0\u00b0C"""
1739436916.019836,515,b'\x00\x00\x00\x00\x02\x00\x01\x00',"""Speed=0rpm, Target=0rpm, Torque=0.2A"""
1739436916.0304816,513,b'\xff\xff\xaa\x00Z\xff\x00\x00',"""Ia=-0.1A, Ib=17.0A, Ic=-16.6A"""
1739436916.0304816,514,b'\xba\x08\xc2\x08\xb1\x08\xfa\x00',"""Va=223.4V, Vb=224.2V, Vc=222.5V, T=25.0\u00b0C"""
1739436916.0304816,515,b'\x00\x00\x00\x00\x01\x00\x01\x00',"""Speed=0rpm, Target=0rpm, Torque=0.1A"""
1739436916.04091,513,b'\x06\x00\xb3\x00U\xff\x00\x00',"""Ia=0.6A, Ib=17.9A, Ic=-17.1A"""
1739436916.04091,514,b'{\x08\xb4\x08\xa4\x08\xfa\x00',"""Va=217.1V, Vb=222.8V, Vc=221.2V, T=25.0\u00b0C"""
1739436916.04091,515,b'\x00\x00\x00\x00\x06\x00\x01\x00',"""Speed=0rpm, Target=0rpm, Torque=0.6A"""
1739436916.0511436,513,b'\xfb\xff\xab\x00T\xff\x00\x00',"""Ia=-0.5A, Ib=17.1A, Ic=-17.2A"""
1739436916.0511436,514,b'i\x08\x81\x08\x8a\x08\xfa\x00',"""Va=215.3V, Vb=217.7V, Vc=218.6V, T=25.0\u00b0C"""
1739436916.0511436,515,b'\x00\x00\x00\x00\x05\x00\x01\x00',"""Speed=0rpm, Target=0rpm, Torque=0.5A"""
1739436916.061773,513,b'\xfc\xff\xae\x00J\xff\x00\x00',"""Ia=-0.4A, Ib=17.4A, Ic=-18.2A"""
1739436916.061773,514,b'\x8c\x08\xc3\x08\xa2\x08\xfa\x00',"""Va=218.8V, Vb=224.3V, Vc=221.0V, T=25.0\u00b0C"""
1739436916.061773,515,b'\x00\x00\x00\x00\x04\x00\x01\x00',"""Speed=0rpm, Target=0rpm, Torque=0.4A"""
1739436916.071914,513,b'\xf8\xff\xad\x00L\xff\x00\x00',"""Ia=-0.8A, Ib=17.3A, Ic=-18.0A"""
1739436916.071914,514,b't\x08\x93\x08\xb0\x08\xfa\x00',"""Va=216.4V, Vb=219.5V, Vc=222.4V, T=25.0\u00b0C"""
1739436916.071914,515,b'\x00\x00\x00\x00\x08\x00\x01\x00',"""Speed=0rpm, Target=0rpm, Torque=0.8A"""
1739436916.0821228,513,b'\xf8\xff\xaa\x00O\xff\x00\x00',"""Ia=-0.8A, Ib=17.0A, Ic=-17.7A"""
1739436916.0821228,514,b'\x84\x08k\x08g\x08\xfa\x00',"""Va=218.0V, Vb=215.5V, Vc=215.1V, T=25.0\u00b0C"""
1739436916.0821228,515,b'\x00\x00\x00\x00\x08\x00\x01\x00',"""Speed=0rpm, Target=0rpm, Torque=0.8A"""
1739436916.0925946,513,b'\xf9\xff\xa5\x00W\xff\x00\x00',"""Ia=-0.7A, Ib=16.5A, Ic=-16.9A"""
1739436916.0925946,514,b'\x8b\x08\x7f\x08\x83\x08\xfa\x00',"""Va=218.7V, Vb=217.5V, Vc=217.9V, T=25.0\u00b0C"""
1739436916.0925946,515,b'\x00\x00\x00\x00\x07\x00\x01\x00',"""Speed=0rpm, Target=0rpm, Torque=0.7A"""
1739436916.1028101,513,b'\x06\x00\xa3\x00[\xff\x00\x00',"""Ia=0.6A, Ib=16.3A, Ic=-16.5A"""
1739436916.1028101,514,b'\x83\x08\x86\x08\xc4\x08\xfa\x00',"""Va=217.9V, Vb=218.2V, Vc=224.4V, T=25.0\u00b0C"""
1739436916.1028101,515,b'\x00\x00\x00\x00\x06\x00\x01\x00',"""Speed=0rpm, Target=0rpm, Torque=0.6A"""
1739436916.1133592,513,b'\x01\x00\xa9\x00W\xff\x00\x00',"""Ia=0.1A, Ib=16.9A, Ic=-16.9A"""
1739436916.1133592,514,b'\xab\x08\xc6\x08\x94\x08\xfa\x00',"""Va=221.9V, Vb=224.6V, Vc=219.6V, T=25.0\u00b0C"""
1739436916.1133592,515,b'\x00\x00\x00\x00\x01\x00\x01\x00',"""Speed=0rpm, Target=0rpm, Torque=0.1A"""
1739436916.123557,513,b'\x05\x00\xa6\x00Z\xff\x00\x00',"""Ia=0.5A, Ib=16.6A, Ic=-16.6A"""
1739436916.123557,514,b'\x97\x08\x8d\x08\x84\x08\xfa\x00',"""Va=219.9V, Vb=218.9V, Vc=218.0V, T=25.0\u00b0C"""
1739436916.123557,515,b'\x00\x00\x00\x00\x05\x00\x01\x00',"""Speed=0rpm, Target=0rpm, Torque=0.5A"""
1739436916.1336632,513,b'\xf7\xff\xac\x00R\xff\x00\x00',"""Ia=-0.9A, Ib=17.2A, Ic=-17.4A"""
1739436916.1336632,514,b'\xb4\x08\x9a\x08\x84\x08\xfa\x00',"""Va=222.8V, Vb=220.2V, Vc=218.0V, T=25.0\u00b0C"""
1739436916.1336632,515,b'\x00\x00\x00\x00\t\x00\x01\x00',"""Speed=0rpm, Target=0rpm, Torque=0.9A"""
1739436916.1439357,513,b'\xfa\xff\xb4\x00]\xff\x00\x00',"""Ia=-0.6A, Ib=18.0A, Ic=-16.3A"""
1739436916.1439357,514,b'\xc7\x08\x9b\x08\xc5\x08\xfa\x00',"""Va=224.7V, Vb=220.3V, Vc=224.5V, T=25.0\u00b0C"""
1739436916.1439357,515,b'\x00\x00\x00\x00\x06\x00\x01\x00',"""Speed=0rpm, Target=0rpm, Torque=0.6A"""
1739436916.154279,513,b'\x03\x00\xad\x00K\xff\x00\x00',"""Ia=0.3A, Ib=17.3A, Ic=-18.1A"""
1739436916.154279,514,b'\x91\x08\xc9\x08\x86\x08\xfa\x00',"""Va=219.3V, Vb=224.9V, Vc=218.2V, T=25.0\u00b0C"""
1739436916.154279,515,b'\x00\x00\x00\x00\x03\x00\x01\x00',"""Speed=0rpm, Target=0rpm, Torque=0.3A"""
1739436916.1647215,513,b'\xf7\xff\xac\x00N\xff\x00\x00',"""Ia=-0.9A, Ib=17.2A, Ic=-17.8A"""
1739436916.1647215,514,b'\xa4\x08\xaf\x08\x89\x08\xfa\x00',"""Va=221.2V, Vb=222.3V, Vc=218.5V, T=25.0\u00b0C"""
1739436916.1647215,515,b'\x00\x00\x00\x00\t\x00\x01\x00',"""Speed=0rpm, Target=0rpm, Torque=0.9A"""
1739436916.1757493,513,b'\x00\x00\xa9\x00J\xff\x00\x00',"""Ia=0.0A, Ib=16.9A, Ic=-18.2A"""
1739436916.1757493,514,b's\x08\xa5\x08\x87\x08\xfa\x00',"""Va=216.3V, Vb=221.3V, Vc=218.3V, T=25.0\u00b0C"""
1739436916.1757493,515,b'\x00\x00\x00\x00\x00\x00\x01\x00',"""Speed=0rpm, Target=0rpm, Torque=0.0A"""
1739436916.1860938,513,b'\x06\x00\xa6\x00W\xff\x00\x00',"""Ia=0.6A, Ib=16.6A, Ic=-16.9A"""
1739436916.1860938,514,b'\x84\x08\xaf\x08\x9e\x08\xfa\x00',"""Va=218.0V, Vb=222.3V, Vc=220.6V, T=25.0\u00b0C"""
1739436916.1860938,515,b'\x00\x00\x00\x00\x06\x00\x01\x00',"""Speed=0rpm, Target=0rpm, Torque=0.6A"""
1739436916.1961684,513,b'\xf8\xff\xa8\x00J\xff\x00\x00',"""Ia=-0.8A, Ib=16.8A, Ic=-18.2A"""
1739436916.1961684,514,b'\xab\x08\xb3\x08\x94\x08\xfa\x00',"""Va=221.9V, Vb=222.7V, Vc=219.6V, T=25.0\u00b0C"""
1739436916.1961684,515,b'\x00\x00\x00\x00\x08\x00\x01\x00',"""Speed=0rpm, Target=0rpm, Torque=0.8A"""
1739436916.2065725,513,b'\xfa\xff\xb1\x00]\xff\x00\x00',"""Ia=-0.6A, Ib=17.7A, Ic=-16.3A"""
1739436916.2065725,514,b'o\x08\x9b\x08\x90\x08\xfa\x00',"""Va=215.9V, Vb=220.3V, Vc=219.2V, T=25.0\u00b0C"""
1739436916.2065725,515,b'\x00\x00\x00\x00\x06\x00\x01\x00',"""Speed=0rpm, Target=0rpm, Torque=0.6A"""
1739436916.2167072,513,b'\x00\x00\xa8\x00]\xff\x00\x00',"""Ia=0.0A, Ib=16.8A, Ic=-16.3A"""
1739436916.2167072,514,b'f\x08\x8e\x08\x98\x08\xfa\x00',"""Va=215.0V, Vb=219.0V, Vc=220.0V, T=25.0\u00b0C"""
1739436916.2167072,515,b'\x00\x00\x00\x00\x00\x00\x01\x00',"""Speed=0rpm, Target=0rpm, Torque=0.0A"""
1739436916.2277124,513,b'\x00\x00\xab\x00O\xff\x00\x00',"""Ia=0.0A, Ib=17.1A, Ic=-17.7A"""
1739436916.2277124,514,b'\x94\x08\xc8\x08\x99\x08\xfa\x00',"""Va=219.6V, Vb=224.8V, Vc=220.1V, T=25.0\u00b0C"""
1739436916.2277124,515,b'\x00\x00\x00\x00\x00\x00\x01\x00',"""Speed=0rpm, Target=0rpm, Torque=0.0A"""
1739436916.2381105,513,b'\xf8\xff\xa7\x00Q\xff\x00\x00',"""Ia=-0.8A, Ib=16.7A, Ic=-17.5A"""
1739436916.2381105,514,b'\xb3\x08\x8e\x08\xab\x08\xfa\x00',"""Va=222.7V, Vb=219.0V, Vc=221.9V, T=25.0\u00b0C"""
1739436916.2381105,515,b'\x00\x00\x00\x00\x08\x00\x01\x00',"""Speed=0rpm, Target=0rpm, Torque=0.8A"""
1739436916.248372,513,b'\x03\x00\xa6\x00L\xff\x00\x00',"""Ia=0.3A, Ib=16.6A, Ic=-18.0A"""
1739436916.248372,514,b'}\x08\x9c\x08\x82\x08\xfa\x00',"""Va=217.3V, Vb=220.4V, Vc=217.8V, T=25.0\u00b0C"""
1739436916.248372,515,b'\x00\x00\x00\x00\x03\x00\x01\x00',"""Speed=0rpm, Target=0rpm, Torque=0.3A"""
1739436916.2586443,513,b'\xfe\xff\xa8\x00Q\xff\x00\x00',"""Ia=-0.2A, Ib=16.8A, Ic=-17.5A"""
1739436916.2586443,514,b'\xbc\x08s\x08x\x08\xfa\x00',"""Va=223.6V, Vb=216.3V, Vc=216.8V, T=25.0\u00b0C"""
1739436916.2586443,515,b'\x00\x00\x00\x00\x02\x00\x01\x00',"""Speed=0rpm, Target=0rpm, Torque=0.2A"""
1739436916.2688475,513,b'\t\x00\xb1\x00Y\xff\x00\x00',"""Ia=0.9A, Ib=17.7A, Ic=-16.7A"""
1739436916.2688475,514,b'g\x08l\x08y\x08\xfa\x00',"""Va=215.1V, Vb=215.6V, Vc=216.9V, T=25.0\u00b0C"""
1739436916.2688475,515,b'\x00\x00\x00\x00\t\x00\x01\x00',"""Speed=0rpm, Target=0rpm, Torque=0.9A"""
1739436916.2797763,513,b'\xf8\xff\xab\x00Y\xff\x00\x00',"""Ia=-0.8A, Ib=17.1A, Ic=-16.7A"""
1739436916.2797763,514,b'f\x08\x91\x08\xc5\x08\xfa\x00',"""Va=215.0V, Vb=219.3V, Vc=224.5V, T=25.0\u00b0C"""
1739436916.2797763,515,b'\x00\x00\x00\x00\x08\x00\x01\x00',"""Speed=0rpm, Target=0rpm, Torque=0.8A"""
1739436916.290151,513,b'\xff\xff\xb2\x00T\xff\x00\x00',"""Ia=-0.1A, Ib=17.8A, Ic=-17.2A"""
1739436916.290151,514,b'\x97\x08r\x08|\x08\xfa\x00',"""Va=219.9V, Vb=216.2V, Vc=217.2V, T=25.0\u00b0C"""
1739436916.290151,515,b'\x00\x00\x00\x00\x01\x00\x01\x00',"""Speed=0rpm, Target=0rpm, Torque=0.1A"""
1739436916.300247,513,b'\x01\x00\xac\x00Q\xff\x00\x00',"""Ia=0.1A, Ib=17.2A, Ic=-17.5A"""
1739436916.3002846,514,b'\xc1\x08\xa3\x08\xb5\x08\xfa\x00',"""Va=224.1V, Vb=221.1V, Vc=222.9V, T=25.0\u00b0C"""
1739436916.3002846,515,b'\x00\x00\x00\x00\x01\x00\x01\x00',"""Speed=0rpm, Target=0rpm, Torque=0.1A"""
1739436916.310851,513,b'\x02\x00\xad\x00K\xff\x00\x00',"""Ia=0.2A, Ib=17.3A, Ic=-18.1A"""
1739436916.310851,514,b'v\x08\x8b\x08\xbe\x08\xfa\x00',"""Va=216.6V, Vb=218.7V, Vc=223.8V, T=25.0\u00b0C"""
1739436916.310851,515,b'\x00\x00\x00\x00\x02\x00\x01\x00',"""Speed=0rpm, Target=0rpm, Torque=0.2A"""
1739436916.3212497,513,b'\xfe\xff\xa3\x00O\xff\x00\x00',"""Ia=-0.2A, Ib=16.3A, Ic=-17.7A"""
1739436916.3212497,514,b'\xc3\x08\xb1\x08\x96\x08\xfa\x00',"""Va=224.3V, Vb=222.5V, Vc=219.8V, T=25.0\u00b0C"""
1739436916.3212497,515,b'\x00\x00\x00\x00\x02\x00\x01\x00',"""Speed=0rpm, Target=0rpm, Torque=0.2A"""
1739436916.3315444,513,b'\xf7\xff\xaf\x00L\xff\x00\x00',"""Ia=-0.9A, Ib=17.5A, Ic=-18.0A"""
1739436916.3315444,514,b'\x8f\x08\x7f\x08\xa9\x08\xfa\x00',"""Va=219.1V, Vb=217.5V, Vc=221.7V, T=25.0\u00b0C"""
1739436916.3315444,515,b'\x00\x00\x00\x00\t\x00\x01\x00',"""Speed=0rpm, Target=0rpm, Torque=0.9A"""
1739436916.3423536,513,b'\x04\x00\xae\x00R\xff\x00\x00',"""Ia=0.4A, Ib=17.4A, Ic=-17.4A"""
1739436916.3423536,514,b'q\x08\x89\x08k\x08\xfa\x00',"""Va=216.1V, Vb=218.5V, Vc=215.5V, T=25.0\u00b0C"""
1739436916.3423536,515,b'\x00\x00\x00\x00\x04\x00\x01\x00',"""Speed=0rpm, Target=0rpm, Torque=0.4A"""
1739436916.3526247,513,b'\xf8\xff\xae\x00P\xff\x00\x00',"""Ia=-0.8A, Ib=17.4A, Ic=-17.6A"""
1739436916.3526247,514,b'\xa6\x08m\x08f\x08\xfa\x00',"""Va=221.4V, Vb=215.7V, Vc=215.0V, T=25.0\u00b0C"""
1739436916.3526247,515,b'\x00\x00\x00\x00\x08\x00\x01\x00',"""Speed=0rpm, Target=0rpm, Torque=0.8A"""
1739436916.3628342,513,b'\xf9\xff\xb7\x00V\xff\x00\x00',"""Ia=-0.7A, Ib=18.3A, Ic=-17.0A"""
1739436916.3628342,514,b'h\x08u\x08\xc0\x08\xfa\x00',"""Va=215.2V, Vb=216.5V, Vc=224.0V, T=25.0\u00b0C"""
1739436916.3628342,515,b'\x00\x00\x00\x00\x07\x00\x01\x00',"""Speed=0rpm, Target=0rpm, Torque=0.7A"""
1739436916.3730986,513,b'\x00\x00\xa6\x00T\xff\x00\x00',"""Ia=0.0A, Ib=16.6A, Ic=-17.2A"""
1739436916.3730986,514,b'j\x08\x9a\x08u\x08\xfa\x00',"""Va=215.4V, Vb=220.2V, Vc=216.5V, T=25.0\u00b0C"""
1739436916.3730986,515,b'\x00\x00\x00\x00\x00\x00\x01\x00',"""Speed=0rpm, Target=0rpm, Torque=0.0A"""
1739436916.383498,513,b'\t\x00\xae\x00N\xff\x00\x00',"""Ia=0.9A, Ib=17.4A, Ic=-17.8A"""
1739436916.383498,514,b'\x7f\x08\x8a\x08\xa4\x08\xfa\x00',"""Va=217.5V, Vb=218.6V, Vc=221.2V, T=25.0\u00b0C"""
1739436916.383498,515,b'\x00\x00\x00\x00\t\x00\x01\x00',"""Speed=0rpm, Target=0rpm, Torque=0.9A"""
1739436916.3937366,513,b'\x05\x00\xad\x00]\xff\x00\x00',"""Ia=0.5A, Ib=17.3A, Ic=-16.3A"""
1739436916.3937366,514,b'\xa6\x08\x92\x08\xb4\x08\xfa\x00',"""Va=221.4V, Vb=219.4V, Vc=222.8V, T=25.0\u00b0C"""
1739436916.3937366,515,b'\x00\x00\x00\x00\x05\x00\x01\x00',"""Speed=0rpm, Target=0rpm, Torque=0.5A"""
1739436916.404862,513,b'\x04\x00\xae\x00K\xff\x00\x00',"""Ia=0.4A, Ib=17.4A, Ic=-18.1A"""
1739436916.404862,514,b'\xc6\x08n\x08\xa9\x08\xfa\x00',"""Va=224.6V, Vb=215.8V, Vc=221.7V, T=25.0\u00b0C"""
1739436916.404862,515,b'\x00\x00\x00\x00\x04\x00\x01\x00',"""Speed=0rpm, Target=0rpm, Torque=0.4A"""
1739436916.4158387,513,b'\x03\x00\xaa\x00O\xff\x00\x00',"""Ia=0.3A, Ib=17.0A, Ic=-17.7A"""
1739436916.4158387,514,b'\xc3\x08{\x08\x8f\x08\xfa\x00',"""Va=224.3V, Vb=217.1V, Vc=219.1V, T=25.0\u00b0C"""
1739436916.4158387,515,b'\x00\x00\x00\x00\x03\x00\x01\x00',"""Speed=0rpm, Target=0rpm, Torque=0.3A"""
1739436916.425923,513,b'\xff\xff\xa4\x00J\xff\x00\x00',"""Ia=-0.1A, Ib=16.4A, Ic=-18.2A"""
1739436916.425923,514,b'\xbb\x08j\x08\x92\x08\xfa\x00',"""Va=223.5V, Vb=215.4V, Vc=219.4V, T=25.0\u00b0C"""
1739436916.425923,515,b'\x00\x00\x00\x00\x01\x00\x01\x00',"""Speed=0rpm, Target=0rpm, Torque=0.1A"""
1739436916.4361348,513,b'\x02\x00\xb2\x00V\xff\x00\x00',"""Ia=0.2A, Ib=17.8A, Ic=-17.0A"""
1739436916.4361348,514,b'\xa7\x08\x8d\x08\xa4\x08\xfa\x00',"""Va=221.5V, Vb=218.9V, Vc=221.2V, T=25.0\u00b0C"""
1739436916.4361348,515,b'\x00\x00\x00\x00\x02\x00\x01\x00',"""Speed=0rpm, Target=0rpm, Torque=0.2A"""
1739436916.4464304,513,b'\x01\x00\xb6\x00Z\xff\x00\x00',"""Ia=0.1A, Ib=18.2A, Ic=-16.6A"""
1739436916.4464304,514,b'\xaf\x08\x80\x08v\x08\xfa\x00',"""Va=222.3V, Vb=217.6V, Vc=216.6V, T=25.0\u00b0C"""
1739436916.4464304,515,b'\x00\x00\x00\x00\x01\x00\x01\x00',"""Speed=0rpm, Target=0rpm, Torque=0.1A"""
1739436916.4565375,513,b'\xfb\xff\xa9\x00N\xff\x00\x00',"""Ia=-0.5A, Ib=16.9A, Ic=-17.8A"""
1739436916.4565375,514,b's\x08\x95\x08o\x08\xfa\x00',"""Va=216.3V, Vb=219.7V, Vc=215.9V, T=25.0\u00b0C"""
1739436916.4565375,515,b'\x00\x00\x00\x00\x05\x00\x01\x00',"""Speed=0rpm, Target=0rpm, Torque=0.5A"""
1739436916.466626,513,b'\xfc\xff\xaa\x00J\xff\x00\x00',"""Ia=-0.4A, Ib=17.0A, Ic=-18.2A"""
1739436916.466626,514,b'\x8e\x08\xc3\x08\x8d\x08\xfa\x00',"""Va=219.0V, Vb=224.3V, Vc=218.9V, T=25.0\u00b0C"""
1739436916.466626,515,b'\x00\x00\x00\x00\x04\x00\x01\x00',"""Speed=0rpm, Target=0rpm, Torque=0.4A"""
1739436916.4775012,513,b'\xfb\xff\xae\x00]\xff\x00\x00',"""Ia=-0.5A, Ib=17.4A, Ic=-16.3A"""
1739436916.4775012,514,b'\x82\x08{\x08\x84\x08\xfa\x00',"""Va=217.8V, Vb=217.1V, Vc=218.0V, T=25.0\u00b0C"""
1739436916.4775012,515,b'\x00\x00\x00\x00\x05\x00\x01\x00',"""Speed=0rpm, Target=0rpm, Torque=0.5A"""
1739436916.4879384,513,b'\x06\x00\xb2\x00W\xff\x00\x00',"""Ia=0.6A, Ib=17.8A, Ic=-16.9A"""
1739436916.4879384,514,b'w\x08\xba\x08\xae\x08\xfa\x00',"""Va=216.7V, Vb=223.4V, Vc=222.2V, T=25.0\u00b0C"""
1739436916.4879384,515,b'\x00\x00\x00\x00\x06\x00\x01\x00',"""Speed=0rpm, Target=0rpm, Torque=0.6A"""
1739436916.498656,513,b'\xfb\xff\xb3\x00\\\xff\x00\x00',"""Ia=-0.5A, Ib=17.9A, Ic=-16.4A"""
1739436916.498656,514,b'\x8a\x08\xad\x08i\x08\xfa\x00',"""Va=218.6V, Vb=222.1V, Vc=215.3V, T=25.0\u00b0C"""
1739436916.498656,515,b'\x00\x00\x00\x00\x05\x00\x01\x00',"""Speed=0rpm, Target=0rpm, Torque=0.5A"""
1739436916.509279,513,b'\x03\x00\xb7\x00]\xff\x00\x00',"""Ia=0.3A, Ib=18.3A, Ic=-16.3A"""
1739436916.509279,514,b'\xc6\x08\x91\x08l\x08\xfa\x00',"""Va=224.6V, Vb=219.3V, Vc=215.6V, T=25.0\u00b0C"""
1739436916.509279,515,b'\x00\x00\x00\x00\x03\x00\x01\x00',"""Speed=0rpm, Target=0rpm, Torque=0.3A"""
1739436916.5194197,513,b'\x02\x00\xad\x00V\xff\x00\x00',"""Ia=0.2A, Ib=17.3A, Ic=-17.0A"""
1739436916.5194197,514,b'\xc0\x08t\x08\xc2\x08\xfa\x00',"""Va=224.0V, Vb=216.4V, Vc=224.2V, T=25.0\u00b0C"""
1739436916.5194528,515,b'\x00\x00\x00\x00\x02\x00\x01\x00',"""Speed=0rpm, Target=0rpm, Torque=0.2A"""
1739436916.529664,513,b'\xfc\xff\xb6\x00T\xff\x00\x00',"""Ia=-0.4A, Ib=18.2A, Ic=-17.2A"""
1739436916.529664,514,b'\x84\x08p\x08\x9c\x08\xfa\x00',"""Va=218.0V, Vb=216.0V, Vc=220.4V, T=25.0\u00b0C"""
1739436916.529664,515,b'\x00\x00\x00\x00\x04\x00\x01\x00',"""Speed=0rpm, Target=0rpm, Torque=0.4A"""
1739436916.539783,513,b'\x00\x00\xa8\x00R\xff\x00\x00',"""Ia=0.0A, Ib=16.8A, Ic=-17.4A"""
1739436916.539783,514,b'\x92\x08\x8e\x08z\x08\xfa\x00',"""Va=219.4V, Vb=219.0V, Vc=217.0V, T=25.0\u00b0C"""
1739436916.539783,515,b'\x00\x00\x00\x00\x00\x00\x01\x00',"""Speed=0rpm, Target=0rpm, Torque=0.0A"""
1739436916.5498438,513,b'\xfb\xff\xac\x00J\xff\x00\x00',"""Ia=-0.5A, Ib=17.2A, Ic=-18.2A"""
1739436916.5498438,514,b'\xab\x08\x9d\x08\xc4\x08\xfa\x00',"""Va=221.9V, Vb=220.5V, Vc=224.4V, T=25.0\u00b0C"""
1739436916.5498438,515,b'\x00\x00\x00\x00\x05\x00\x01\x00',"""Speed=0rpm, Target=0rpm, Torque=0.5A"""
1739436916.5599985,513,b'\x06\x00\xb0\x00S\xff\x00\x00',"""Ia=0.6A, Ib=17.6A, Ic=-17.3A"""
1739436916.5599985,514,b'\xbc\x08\xc0\x08\xb3\x08\xfa\x00',"""Va=223.6V, Vb=224.0V, Vc=222.7V, T=25.0\u00b0C"""
1739436916.5599985,515,b'\x00\x00\x00\x00\x06\x00\x01\x00',"""Speed=0rpm, Target=0rpm, Torque=0.6A"""
1739436916.570682,513,b'\x08\x00\xa6\x00W\xff\x00\x00',"""Ia=0.8A, Ib=16.6A, Ic=-16.9A"""
1739436916.570682,514,b'm\x08\xb0\x08n\x08\xfa\x00',"""Va=215.7V, Vb=222.4V, Vc=215.8V, T=25.0\u00b0C"""
1739436916.570682,515,b'\x00\x00\x00\x00\x08\x00\x01\x00',"""Speed=0rpm, Target=0rpm, Torque=0.8A"""
1739436916.581317,513,b'\x00\x00\xa8\x00U\xff\x00\x00',"""Ia=0.0A, Ib=16.8A, Ic=-17.1A"""
1739436916.581317,514,b'h\x08\x88\x08x\x08\xfa\x00',"""Va=215.2V, Vb=218.4V, Vc=216.8V, T=25.0\u00b0C"""
1739436916.581317,515,b'\x00\x00\x00\x00\x00\x00\x01\x00',"""Speed=0rpm, Target=0rpm, Torque=0.0A"""
1739436916.591441,513,b'\xfa\xff\xa9\x00X\xff\x00\x00',"""Ia=-0.6A, Ib=16.9A, Ic=-16.8A"""
1739436916.591441,514,b'\xad\x08i\x08\x9e\x08\xfa\x00',"""Va=222.1V, Vb=215.3V, Vc=220.6V, T=25.0\u00b0C"""
1739436916.591441,515,b'\x00\x00\x00\x00\x06\x00\x01\x00',"""Speed=0rpm, Target=0rpm, Torque=0.6A"""
1739436916.6024039,513,b'\xfb\xff\xad\x00V\xff\x00\x00',"""Ia=-0.5A, Ib=17.3A, Ic=-17.0A"""
1739436916.6024039,514,b'm\x08\xb0\x08\xc7\x08\xfa\x00',"""Va=215.7V, Vb=222.4V, Vc=224.7V, T=25.0\u00b0C"""
1739436916.6024039,515,b'\x00\x00\x00\x00\x05\x00\x01\x00',"""Speed=0rpm, Target=0rpm, Torque=0.5A"""
1739436916.6125615,513,b'\xfb\xff\xaf\x00N\xff\x00\x00',"""Ia=-0.5A, Ib=17.5A, Ic=-17.8A"""
1739436916.6125615,514,b'y\x08q\x08\x7f\x08\xfa\x00',"""Va=216.9V, Vb=216.1V, Vc=217.5V, T=25.0\u00b0C"""
1739436916.6125615,515,b'\x00\x00\x00\x00\x05\x00\x01\x00',"""Speed=0rpm, Target=0rpm, Torque=0.5A"""
1739436916.6226714,513,b'\x01\x00\xb5\x00M\xff\x00\x00',"""Ia=0.1A, Ib=18.1A, Ic=-17.9A"""
1739436916.6226714,514,b'\xbc\x08}\x08r\x08\xfa\x00',"""Va=223.6V, Vb=217.3V, Vc=216.2V, T=25.0\u00b0C"""
1739436916.6226714,515,b'\x00\x00\x00\x00\x01\x00\x01\x00',"""Speed=0rpm, Target=0rpm, Torque=0.1A"""
1739436916.633255,513,b'\xf7\xff\xab\x00X\xff\x00\x00',"""Ia=-0.9A, Ib=17.1A, Ic=-16.8A"""
1739436916.633255,514,b'\xb0\x08\xa6\x08\x90\x08\xfa\x00',"""Va=222.4V, Vb=221.4V, Vc=219.2V, T=25.0\u00b0C"""
1739436916.633255,515,b'\x00\x00\x00\x00\t\x00\x01\x00',"""Speed=0rpm, Target=0rpm, Torque=0.9A"""
1739436916.6434522,513,b'\x02\x00\xb5\x00]\xff\x00\x00',"""Ia=0.2A, Ib=18.1A, Ic=-16.3A"""
1739436916.6434522,514,b'm\x08\xc2\x08\xa8\x08\xfa\x00',"""Va=215.7V, Vb=224.2V, Vc=221.6V, T=25.0\u00b0C"""
1739436916.6434522,515,b'\x00\x00\x00\x00\x02\x00\x01\x00',"""Speed=0rpm, Target=0rpm, Torque=0.2A"""
1739436916.6544604,513,b'\x05\x00\xb6\x00]\xff\x00\x00',"""Ia=0.5A, Ib=18.2A, Ic=-16.3A"""
1739436916.6544604,514,b'\x91\x08\xbc\x08\xa2\x08\xfa\x00',"""Va=219.3V, Vb=223.6V, Vc=221.0V, T=25.0\u00b0C"""
1739436916.6544604,515,b'\x00\x00\x00\x00\x05\x00\x01\x00',"""Speed=0rpm, Target=0rpm, Torque=0.5A"""
1739436916.6647239,513,b'\xfb\xff\xb4\x00X\xff\x00\x00',"""Ia=-0.5A, Ib=18.0A, Ic=-16.8A"""
1739436916.6647239,514,b'\x91\x08\x81\x08\xb9\x08\xfa\x00',"""Va=219.3V, Vb=217.7V, Vc=223.3V, T=25.0\u00b0C"""
1739436916.6647239,515,b'\x00\x00\x00\x00\x05\x00\x01\x00',"""Speed=0rpm, Target=0rpm, Torque=0.5A"""
1739436916.6748357,513,b'\x05\x00\xb3\x00Q\xff\x00\x00',"""Ia=0.5A, Ib=17.9A, Ic=-17.5A"""
1739436916.6748357,514,b'\x83\x08g\x08t\x08\xfa\x00',"""Va=217.9V, Vb=215.1V, Vc=216.4V, T=25.0\u00b0C"""
1739436916.6748357,515,b'\x00\x00\x00\x00\x05\x00\x01\x00',"""Speed=0rpm, Target=0rpm, Torque=0.5A"""
1739436916.6851492,513,b'\x05\x00\xac\x00N\xff\x00\x00',"""Ia=0.5A, Ib=17.2A, Ic=-17.8A"""
1739436916.6851492,514,b'\x8e\x08\xc3\x08m\x08\xfa\x00',"""Va=219.0V, Vb=224.3V, Vc=215.7V, T=25.0\u00b0C"""
1739436916.6851492,515,b'\x00\x00\x00\x00\x05\x00\x01\x00',"""Speed=0rpm, Target=0rpm, Torque=0.5A"""
1739436916.6961854,513,b'\xf7\xff\xae\x00[\xff\x00\x00',"""Ia=-0.9A, Ib=17.4A, Ic=-16.5A"""
1739436916.6961854,514,b'\x87\x08\x96\x08\xae\x08\xfa\x00',"""Va=218.3V, Vb=219.8V, Vc=222.2V, T=25.0\u00b0C"""
1739436916.6961854,515,b'\x00\x00\x00\x00\t\x00\x01\x00',"""Speed=0rpm, Target=0rpm, Torque=0.9A"""
1739436916.7063289,513,b'\x00\x00\xb6\x00L\xff\x00\x00',"""Ia=0.0A, Ib=18.2A, Ic=-18.0A"""
1739436916.7063386,514,b'\xa4\x08\xaf\x08\xbb\x08\xfa\x00',"""Va=221.2V, Vb=222.3V, Vc=223.5V, T=25.0\u00b0C"""
1739436916.7063386,515,b'\x00\x00\x00\x00\x00\x00\x01\x00',"""Speed=0rpm, Target=0rpm, Torque=0.0A"""
1739436916.7163966,513,b'\xf9\xff\xb5\x00S\xff\x00\x00',"""Ia=-0.7A, Ib=18.1A, Ic=-17.3A"""
1739436916.7163966,514,b'\x85\x08\xc6\x08\xaa\x08\xfa\x00',"""Va=218.1V, Vb=224.6V, Vc=221.8V, T=25.0\u00b0C"""
1739436916.7163966,515,b'\x00\x00\x00\x00\x07\x00\x01\x00',"""Speed=0rpm, Target=0rpm, Torque=0.7A"""
1739436916.7274396,513,b'\xf7\xff\xa8\x00Q\xff\x00\x00',"""Ia=-0.9A, Ib=16.8A, Ic=-17.5A"""
1739436916.7274396,514,b'\x9c\x08\xc6\x08l\x08\xfa\x00',"""Va=220.4V, Vb=224.6V, Vc=215.6V, T=25.0\u00b0C"""
1739436916.7274396,515,b'\x00\x00\x00\x00\t\x00\x01\x00',"""Speed=0rpm, Target=0rpm, Torque=0.9A"""
1739436916.7377458,513,b'\xfe\xff\xa4\x00P\xff\x00\x00',"""Ia=-0.2A, Ib=16.4A, Ic=-17.6A"""
1739436916.7377458,514,b'\x9f\x08\xc5\x08~\x08\xfa\x00',"""Va=220.7V, Vb=224.5V, Vc=217.4V, T=25.0\u00b0C"""
1739436916.7377458,515,b'\x00\x00\x00\x00\x02\x00\x01\x00',"""Speed=0rpm, Target=0rpm, Torque=0.2A"""
1739436916.7479112,513,b'\x00\x00\xa8\x00S\xff\x00\x00',"""Ia=0.0A, Ib=16.8A, Ic=-17.3A"""
1739436916.7479112,514,b's\x08h\x08s\x08\xfa\x00',"""Va=216.3V, Vb=215.2V, Vc=216.3V, T=25.0\u00b0C"""
1739436916.7479112,515,b'\x00\x00\x00\x00\x00\x00\x01\x00',"""Speed=0rpm, Target=0rpm, Torque=0.0A"""
1739436916.7585475,513,b'\xfd\xff\xb6\x00Z\xff\x00\x00',"""Ia=-0.3A, Ib=18.2A, Ic=-16.6A"""
1739436916.7585475,514,b'\xb9\x08f\x08f\x08\xfa\x00',"""Va=223.3V, Vb=215.0V, Vc=215.0V, T=25.0\u00b0C"""
1739436916.7585475,515,b'\x00\x00\x00\x00\x03\x00\x01\x00',"""Speed=0rpm, Target=0rpm, Torque=0.3A"""
1739436916.7693796,513,b'\x06\x00\xb0\x00M\xff\x00\x00',"""Ia=0.6A, Ib=17.6A, Ic=-17.9A"""
1739436916.7693796,514,b'l\x08r\x08h\x08\xfa\x00',"""Va=215.6V, Vb=216.2V, Vc=215.2V, T=25.0\u00b0C"""
1739436916.7693796,515,b'\x00\x00\x00\x00\x06\x00\x01\x00',"""Speed=0rpm, Target=0rpm, Torque=0.6A"""
1739436916.7799144,513,b'\xf7\xff\xad\x00X\xff\x00\x00',"""Ia=-0.9A, Ib=17.3A, Ic=-16.8A"""
1739436916.7799144,514,b'\x9e\x08\xad\x08\x83\x08\xfa\x00',"""Va=220.6V, Vb=222.1V, Vc=217.9V, T=25.0\u00b0C"""
1739436916.7799144,515,b'\x00\x00\x00\x00\t\x00\x01\x00',"""Speed=0rpm, Target=0rpm, Torque=0.9A"""
1739436916.790102,513,b'\x02\x00\xb7\x00N\xff\x00\x00',"""Ia=0.2A, Ib=18.3A, Ic=-17.8A"""
1739436916.790102,514,b'\x94\x08\xac\x08\x9d\x08\xfa\x00',"""Va=219.6V, Vb=222.0V, Vc=220.5V, T=25.0\u00b0C"""
1739436916.790102,515,b'\x00\x00\x00\x00\x02\x00\x01\x00',"""Speed=0rpm, Target=0rpm, Torque=0.2A"""
1739436916.8002806,513,b'\x06\x00\xa9\x00V\xff\x00\x00',"""Ia=0.6A, Ib=16.9A, Ic=-17.0A"""
1739436916.8002806,514,b'\xac\x08\xb7\x08\x94\x08\xfa\x00',"""Va=222.0V, Vb=223.1V, Vc=219.6V, T=25.0\u00b0C"""
1739436916.8002806,515,b'\x00\x00\x00\x00\x06\x00\x01\x00',"""Speed=0rpm, Target=0rpm, Torque=0.6A"""
1739436916.8105836,513,b'\xff\xff\xb3\x00]\xff\x00\x00',"""Ia=-0.1A, Ib=17.9A, Ic=-16.3A"""
1739436916.8105836,514,b'\x89\x08\x90\x08\xab\x08\xfa\x00',"""Va=218.5V, Vb=219.2V, Vc=221.9V, T=25.0\u00b0C"""
1739436916.8105836,515,b'\x00\x00\x00\x00\x01\x00\x01\x00',"""Speed=0rpm, Target=0rpm, Torque=0.1A"""
1739436916.8212855,513,b'\x06\x00\xa6\x00N\xff\x00\x00',"""Ia=0.6A, Ib=16.6A, Ic=-17.8A"""
1739436916.8212855,514,b'\xc0\x08\xac\x08\x8a\x08\xfa\x00',"""Va=224.0V, Vb=222.0V, Vc=218.6V, T=25.0\u00b0C"""
1739436916.8212855,515,b'\x00\x00\x00\x00\x06\x00\x01\x00',"""Speed=0rpm, Target=0rpm, Torque=0.6A"""
1739436916.8320715,513,b'\t\x00\xa7\x00O\xff\x00\x00',"""Ia=0.9A, Ib=16.7A, Ic=-17.7A"""
1739436916.8320715,514,b'\xb6\x08\x8c\x08\xa5\x08\xfa\x00',"""Va=223.0V, Vb=218.8V, Vc=221.3V, T=25.0\u00b0C"""
1739436916.8320715,515,b'\x00\x00\x00\x00\t\x00\x01\x00',"""Speed=0rpm, Target=0rpm, Torque=0.9A"""
1739436916.8423502,513,b'\xff\xff\xb6\x00P\xff\x00\x00',"""Ia=-0.1A, Ib=18.2A, Ic=-17.6A"""
1739436916.8423502,514,b'\x89\x08p\x08\x83\x08\xfa\x00',"""Va=218.5V, Vb=216.0V, Vc=217.9V, T=25.0\u00b0C"""
1739436916.8423502,515,b'\x00\x00\x00\x00\x01\x00\x01\x00',"""Speed=0rpm, Target=0rpm, Torque=0.1A"""
1739436916.8526866,513,b'\x00\x00\xae\x00L\xff\x00\x00',"""Ia=0.0A, Ib=17.4A, Ic=-18.0A"""
1739436916.8526866,514,b'\x95\x08\x88\x08q\x08\xfa\x00',"""Va=219.7V, Vb=218.4V, Vc=216.1V, T=25.0\u00b0C"""
1739436916.8526866,515,b'\x00\x00\x00\x00\x00\x00\x01\x00',"""Speed=0rpm, Target=0rpm, Torque=0.0A"""
1739436916.8630452,513,b'\xfa\xff\xab\x00K\xff\x00\x00',"""Ia=-0.6A, Ib=17.1A, Ic=-18.1A"""
1739436916.8630452,514,b'\x84\x08\xae\x08x\x08\xfa\x00',"""Va=218.0V, Vb=222.2V, Vc=216.8V, T=25.0\u00b0C"""
1739436916.8630452,515,b'\x00\x00\x00\x00\x06\x00\x01\x00',"""Speed=0rpm, Target=0rpm, Torque=0.6A"""
1739436916.873304,513,b'\x07\x00\xae\x00V\xff\x00\x00',"""Ia=0.7A, Ib=17.4A, Ic=-17.0A"""
1739436916.873304,514,b'\x93\x08\x9e\x08\xb8\x08\xfa\x00',"""Va=219.5V, Vb=220.6V, Vc=223.2V, T=25.0\u00b0C"""
1739436916.873304,515,b'\x00\x00\x00\x00\x07\x00\x01\x00',"""Speed=0rpm, Target=0rpm, Torque=0.7A"""
1739436916.884144,513,b'\x03\x00\xa5\x00Z\xff\x00\x00',"""Ia=0.3A, Ib=16.5A, Ic=-16.6A"""
1739436916.884144,514,b'\xb7\x08\x8d\x08\x8d\x08\xfa\x00',"""Va=223.1V, Vb=218.9V, Vc=218.9V, T=25.0\u00b0C"""
1739436916.884144,515,b'\x00\x00\x00\x00\x03\x00\x01\x00',"""Speed=0rpm, Target=0rpm, Torque=0.3A"""
1739436916.8950112,513,b'\xf7\xff\xb6\x00P\xff\x00\x00',"""Ia=-0.9A, Ib=18.2A, Ic=-17.6A"""
1739436916.8950112,514,b'\xb7\x08\xa9\x08\xb6\x08\xfa\x00',"""Va=223.1V, Vb=221.7V, Vc=223.0V, T=25.0\u00b0C"""
1739436916.8950112,515,b'\x00\x00\x00\x00\t\x00\x01\x00',"""Speed=0rpm, Target=0rpm, Torque=0.9A"""
1739436916.9055638,513,b'\xf7\xff\xb2\x00K\xff\x00\x00',"""Ia=-0.9A, Ib=17.8A, Ic=-18.1A"""
1739436916.9055638,514,b'\xb4\x08\xb2\x08\x85\x08\xfa\x00',"""Va=222.8V, Vb=222.6V, Vc=218.1V, T=25.0\u00b0C"""
1739436916.9055638,515,b'\x00\x00\x00\x00\t\x00\x01\x00',"""Speed=0rpm, Target=0rpm, Torque=0.9A"""
1739436916.9165916,513,b'\x05\x00\xad\x00J\xff\x00\x00',"""Ia=0.5A, Ib=17.3A, Ic=-18.2A"""
1739436916.9165916,514,b'v\x08\x90\x08\x8b\x08\xfa\x00',"""Va=216.6V, Vb=219.2V, Vc=218.7V, T=25.0\u00b0C"""
1739436916.9165916,515,b'\x00\x00\x00\x00\x05\x00\x01\x00',"""Speed=0rpm, Target=0rpm, Torque=0.5A"""
1739436916.9272268,513,b'\xfd\xff\xaa\x00]\xff\x00\x00',"""Ia=-0.3A, Ib=17.0A, Ic=-16.3A"""
1739436916.9272268,514,b'\x97\x08\x98\x08u\x08\xfa\x00',"""Va=219.9V, Vb=220.0V, Vc=216.5V, T=25.0\u00b0C"""
1739436916.9272268,515,b'\x00\x00\x00\x00\x03\x00\x01\x00',"""Speed=0rpm, Target=0rpm, Torque=0.3A"""
1739436916.9373252,513,b'\x08\x00\xb1\x00Q\xff\x00\x00',"""Ia=0.8A, Ib=17.7A, Ic=-17.5A"""
1739436916.9373252,514,b'\x9e\x08\x83\x08}\x08\xfa\x00',"""Va=220.6V, Vb=217.9V, Vc=217.3V, T=25.0\u00b0C"""
1739436916.9373252,515,b'\x00\x00\x00\x00\x08\x00\x01\x00',"""Speed=0rpm, Target=0rpm, Torque=0.8A"""
1739436916.9480908,513,b'\xfd\xff\xb5\x00L\xff\x00\x00',"""Ia=-0.3A, Ib=18.1A, Ic=-18.0A"""
1739436916.9480908,514,b'x\x08\xc9\x08\xb9\x08\xfa\x00',"""Va=216.8V, Vb=224.9V, Vc=223.3V, T=25.0\u00b0C"""
1739436916.9480908,515,b'\x00\x00\x00\x00\x03\x00\x01\x00',"""Speed=0rpm, Target=0rpm, Torque=0.3A"""
1739436916.9588265,513,b'\x06\x00\xb6\x00K\xff\x00\x00',"""Ia=0.6A, Ib=18.2A, Ic=-18.1A"""
1739436916.9588265,514,b'h\x08k\x08{\x08\xfa\x00',"""Va=215.2V, Vb=215.5V, Vc=217.1V, T=25.0\u00b0C"""
1739436916.9588265,515,b'\x00\x00\x00\x00\x06\x00\x01\x00',"""Speed=0rpm, Target=0rpm, Torque=0.6A"""
1739436916.9697325,513,b'\xf9\xff\xa8\x00S\xff\x00\x00',"""Ia=-0.7A, Ib=16.8A, Ic=-17.3A"""
1739436916.9697325,514,b'\x90\x08\xa2\x08\xc8\x08\xfa\x00',"""Va=219.2V, Vb=221.0V, Vc=224.8V, T=25.0\u00b0C"""
1739436916.9697325,515,b'\x00\x00\x00\x00\x07\x00\x01\x00',"""Speed=0rpm, Target=0rpm, Torque=0.7A"""
1739436916.9804842,513,b'\x00\x00\xac\x00Z\xff\x00\x00',"""Ia=0.0A, Ib=17.2A, Ic=-16.6A"""
1739436916.9804842,514,b'\xc2\x08\x80\x08\xad\x08\xfa\x00',"""Va=224.2V, Vb=217.6V, Vc=222.1V, T=25.0\u00b0C"""
1739436916.9804842,515,b'\x00\x00\x00\x00\x00\x00\x01\x00',"""Speed=0rpm, Target=0rpm, Torque=0.0A"""
1739436916.991162,513,b'\xfe\xff\xa5\x00U\xff\x00\x00',"""Ia=-0.2A, Ib=16.5A, Ic=-17.1A"""
1739436916.991162,514,b'\x93\x08\xba\x08\xb0\x08\xfa\x00',"""Va=219.5V, Vb=223.4V, Vc=222.4V, T=25.0\u00b0C"""
1739436916.991162,515,b'\x00\x00\x00\x00\x02\x00\x01\x00',"""Speed=0rpm, Target=0rpm, Torque=0.2A"""
1739436917.0014136,513,b'\xf8\xff\xa5\x00Q\xff\x00\x00',"""Ia=-0.8A, Ib=16.5A, Ic=-17.5A"""
1739436917.0014136,514,b'\xa1\x08\x87\x08v\x08\xfa\x00',"""Va=220.9V, Vb=218.3V, Vc=216.6V, T=25.0\u00b0C"""
1739436917.0014136,515,b'\x00\x00\x00\x00\x08\x00\x01\x00',"""Speed=0rpm, Target=0rpm, Torque=0.8A"""
1739436917.0118234,513,b'\xf8\xff\xb5\x00Q\xff\x00\x00',"""Ia=-0.8A, Ib=18.1A, Ic=-17.5A"""
1739436917.0118234,514,b'{\x08\xbd\x08\xab\x08\xfa\x00',"""Va=217.1V, Vb=223.7V, Vc=221.9V, T=25.0\u00b0C"""
1739436917.0118234,515,b'\x00\x00\x00\x00\x08\x00\x01\x00',"""Speed=0rpm, Target=0rpm, Torque=0.8A"""
1739436917.0221972,513,b'\xff\xff\xae\x00L\xff\x00\x00',"""Ia=-0.1A, Ib=17.4A, Ic=-18.0A"""
1739436917.0221972,514,b'\xb0\x08\xa8\x08\x9a\x08\xfa\x00',"""Va=222.4V, Vb=221.6V, Vc=220.2V, T=25.0\u00b0C"""
1739436917.0221972,515,b'\x00\x00\x00\x00\x01\x00\x01\x00',"""Speed=0rpm, Target=0rpm, Torque=0.1A"""
1739436917.0323744,513,b'\xfa\xff\xb5\x00]\xff\x00\x00',"""Ia=-0.6A, Ib=18.1A, Ic=-16.3A"""
1739436917.0323744,514,b'u\x08\xc5\x08i\x08\xfa\x00',"""Va=216.5V, Vb=224.5V, Vc=215.3V, T=25.0\u00b0C"""
1739436917.0323744,515,b'\x00\x00\x00\x00\x06\x00\x01\x00',"""Speed=0rpm, Target=0rpm, Torque=0.6A"""
1739436917.0428636,513,b'\t\x00\xa4\x00W\xff\x00\x00',"""Ia=0.9A, Ib=16.4A, Ic=-16.9A"""
1739436917.0428636,514,b'\x8d\x08k\x08\x90\x08\xfa\x00',"""Va=218.9V, Vb=215.5V, Vc=219.2V, T=25.0\u00b0C"""
1739436917.0428636,515,b'\x00\x00\x00\x00\t\x00\x01\x00',"""Speed=0rpm, Target=0rpm, Torque=0.9A"""
1739436917.0536199,513,b'\x05\x00\xb3\x00L\xff\x00\x00',"""Ia=0.5A, Ib=17.9A, Ic=-18.0A"""
1739436917.0536199,514,b'x\x08l\x08\x82\x08\xfa\x00',"""Va=216.8V, Vb=215.6V, Vc=217.8V, T=25.0\u00b0C"""
1739436917.0536199,515,b'\x00\x00\x00\x00\x05\x00\x01\x00',"""Speed=0rpm, Target=0rpm, Torque=0.5A"""
1739436917.0637512,513,b'\xfb\xff\xb6\x00X\xff\x00\x00',"""Ia=-0.5A, Ib=18.2A, Ic=-16.8A"""
1739436917.0637512,514,b'\x83\x08\x96\x08\x87\x08\xfa\x00',"""Va=217.9V, Vb=219.8V, Vc=218.3V, T=25.0\u00b0C"""
1739436917.0637512,515,b'\x00\x00\x00\x00\x05\x00\x01\x00',"""Speed=0rpm, Target=0rpm, Torque=0.5A"""
1739436917.0738606,513,b'\x06\x00\xa3\x00P\xff\x00\x00',"""Ia=0.6A, Ib=16.3A, Ic=-17.6A"""
1739436917.0738606,514,b'\xc0\x08\x93\x08\x84\x08\xfa\x00',"""Va=224.0V, Vb=219.5V, Vc=218.0V, T=25.0\u00b0C"""
1739436917.0738606,515,b'\x00\x00\x00\x00\x06\x00\x01\x00',"""Speed=0rpm, Target=0rpm, Torque=0.6A"""
1739436917.0839045,513,b'\xfc\xff\xa5\x00]\xff\x00\x00',"""Ia=-0.4A, Ib=16.5A, Ic=-16.3A"""
1739436917.0839045,514,b'\x94\x08\x86\x08u\x08\xfa\x00',"""Va=219.6V, Vb=218.2V, Vc=216.5V, T=25.0\u00b0C"""
1739436917.0839045,515,b'\x00\x00\x00\x00\x04\x00\x01\x00',"""Speed=0rpm, Target=0rpm, Torque=0.4A"""
1739436917.0942166,513,b'\xf8\xff\xb3\x00X\xff\x00\x00',"""Ia=-0.8A, Ib=17.9A, Ic=-16.8A"""
1739436917.0942454,514,b'\x9e\x08\x87\x08\xb8\x08\xfa\x00',"""Va=220.6V, Vb=218.3V, Vc=223.2V, T=25.0\u00b0C"""
1739436917.0942454,515,b'\x00\x00\x00\x00\x08\x00\x01\x00',"""Speed=0rpm, Target=0rpm, Torque=0.8A"""
1739436917.104501,513,b'\xfc\xff\xaf\x00T\xff\x00\x00',"""Ia=-0.4A, Ib=17.5A, Ic=-17.2A"""
1739436917.104501,514,b'\xa1\x08\xc8\x08x\x08\xfa\x00',"""Va=220.9V, Vb=224.8V, Vc=216.8V, T=25.0\u00b0C"""
1739436917.104501,515,b'\x00\x00\x00\x00\x04\x00\x01\x00',"""Speed=0rpm, Target=0rpm, Torque=0.4A"""
1739436917.1154637,513,b'\x00\x00\xa3\x00I\xff\x00\x00',"""Ia=0.0A, Ib=16.3A, Ic=-18.3A"""
1739436917.1154637,514,b'\xb8\x08\x8a\x08\xc6\x08\xfa\x00',"""Va=223.2V, Vb=218.6V, Vc=224.6V, T=25.0\u00b0C"""
1739436917.1154637,515,b'\x00\x00\x00\x00\x00\x00\x01\x00',"""Speed=0rpm, Target=0rpm, Torque=0.0A"""
1739436917.1255336,513,b'\xf7\xff\xb5\x00V\xff\x00\x00',"""Ia=-0.9A, Ib=18.1A, Ic=-17.0A"""
1739436917.1255336,514,b'\xa9\x08\xc0\x08x\x08\xfa\x00',"""Va=221.7V, Vb=224.0V, Vc=216.8V, T=25.0\u00b0C"""
1739436917.1255336,515,b'\x00\x00\x00\x00\t\x00\x01\x00',"""Speed=0rpm, Target=0rpm, Torque=0.9A"""
1739436917.1355958,513,b'\xff\xff\xae\x00L\xff\x00\x00',"""Ia=-0.1A, Ib=17.4A, Ic=-18.0A"""
1739436917.1355958,514,b'\x86\x08\xbd\x08\xa7\x08\xfa\x00',"""Va=218.2V, Vb=223.7V, Vc=221.5V, T=25.0\u00b0C"""
1739436917.1355958,515,b'\x00\x00\x00\x00\x01\x00\x01\x00',"""Speed=0rpm, Target=0rpm, Torque=0.1A"""
1739436917.1464891,513,b'\xfb\xff\xae\x00V\xff\x00\x00',"""Ia=-0.5A, Ib=17.4A, Ic=-17.0A"""
1739436917.1464891,514,b'\xc6\x08{\x08\x97\x08\xfa\x00',"""Va=224.6V, Vb=217.1V, Vc=219.9V, T=25.0\u00b0C"""
1739436917.1464891,515,b'\x00\x00\x00\x00\x05\x00\x01\x00',"""Speed=0rpm, Target=0rpm, Torque=0.5A"""
1739436917.1565623,513,b'\x06\x00\xb5\x00S\xff\x00\x00',"""Ia=0.6A, Ib=18.1A, Ic=-17.3A"""
1739436917.1566658,514,b'z\x08z\x08p\x08\xfa\x00',"""Va=217.0V, Vb=217.0V, Vc=216.0V, T=25.0\u00b0C"""
1739436917.1566658,515,b'\x00\x00\x00\x00\x06\x00\x01\x00',"""Speed=0rpm, Target=0rpm, Torque=0.6A"""
1739436917.1667333,513,b'\xfe\xff\xb4\x00T\xff\x00\x00',"""Ia=-0.2A, Ib=18.0A, Ic=-17.2A"""
1739436917.1667333,514,b'o\x08\x80\x08j\x08\xfa\x00',"""Va=215.9V, Vb=217.6V, Vc=215.4V, T=25.0\u00b0C"""
1739436917.1667333,515,b'\x00\x00\x00\x00\x02\x00\x01\x00',"""Speed=0rpm, Target=0rpm, Torque=0.2A"""
1739436917.1773756,513,b'\xfe\xff\xb4\x00S\xff\x00\x00',"""Ia=-0.2A, Ib=18.0A, Ic=-17.3A"""
1739436917.1773756,514,b'\x81\x08\x90\x08\x93\x08\xfa\x00',"""Va=217.7V, Vb=219.2V, Vc=219.5V, T=25.0\u00b0C"""
1739436917.1773756,515,b'\x00\x00\x00\x00\x02\x00\x01\x00',"""Speed=0rpm, Target=0rpm, Torque=0.2A"""
1739436917.1875968,513,b'\xfa\xff\xaf\x00]\xff\x00\x00',"""Ia=-0.6A, Ib=17.5A, Ic=-16.3A"""
1739436917.1875968,514,b'\x9a\x08\xbe\x08\x99\x08\xfa\x00',"""Va=220.2V, Vb=223.8V, Vc=220.1V, T=25.0\u00b0C"""
1739436917.1875968,515,b'\x00\x00\x00\x00\x06\x00\x01\x00',"""Speed=0rpm, Target=0rpm, Torque=0.6A"""
1739436917.197933,513,b'\x03\x00\xa8\x00Q\xff\x00\x00',"""Ia=0.3A, Ib=16.8A, Ic=-17.5A"""
1739436917.197933,514,b'\x8a\x08\x92\x08\xad\x08\xfa\x00',"""Va=218.6V, Vb=219.4V, Vc=222.1V, T=25.0\u00b0C"""
1739436917.197933,515,b'\x00\x00\x00\x00\x03\x00\x01\x00',"""Speed=0rpm, Target=0rpm, Torque=0.3A"""
1739436917.208479,513,b'\xfe\xff\xac\x00M\xff\x00\x00',"""Ia=-0.2A, Ib=17.2A, Ic=-17.9A"""
1739436917.208479,514,b'\x9a\x08y\x08\xb0\x08\xfa\x00',"""Va=220.2V, Vb=216.9V, Vc=222.4V, T=25.0\u00b0C"""
1739436917.208479,515,b'\x00\x00\x00\x00\x02\x00\x01\x00',"""Speed=0rpm, Target=0rpm, Torque=0.2A"""
1739436917.218566,513,b'\xf8\xff\xa4\x00W\xff\x00\x00',"""Ia=-0.8A, Ib=16.4A, Ic=-16.9A"""
1739436917.218566,514,b'k\x08u\x08\xbe\x08\xfa\x00',"""Va=215.5V, Vb=216.5V, Vc=223.8V, T=25.0\u00b0C"""
1739436917.218566,515,b'\x00\x00\x00\x00\x08\x00\x01\x00',"""Speed=0rpm, Target=0rpm, Torque=0.8A"""
1739436917.228745,513,b'\xf7\xff\xb4\x00O\xff\x00\x00',"""Ia=-0.9A, Ib=18.0A, Ic=-17.7A"""
1739436917.228745,514,b'\xb4\x08k\x08\xb2\x08\xfa\x00',"""Va=222.8V, Vb=215.5V, Vc=222.6V, T=25.0\u00b0C"""
1739436917.228745,515,b'\x00\x00\x00\x00\t\x00\x01\x00',"""Speed=0rpm, Target=0rpm, Torque=0.9A"""
1739436917.2391715,513,b'\xfe\xff\xaf\x00K\xff\x00\x00',"""Ia=-0.2A, Ib=17.5A, Ic=-18.1A"""
1739436917.2391715,514,b'\xbb\x08\x9c\x08\xb6\x08\xfa\x00',"""Va=223.5V, Vb=220.4V, Vc=223.0V, T=25.0\u00b0C"""
1739436917.2391715,515,b'\x00\x00\x00\x00\x02\x00\x01\x00',"""Speed=0rpm, Target=0rpm, Torque=0.2A"""
1739436917.249291,513,b'\x08\x00\xa7\x00N\xff\x00\x00',"""Ia=0.8A, Ib=16.7A, Ic=-17.8A"""
1739436917.249291,514,b'\xab\x08\x8e\x08\xbb\x08\xfa\x00',"""Va=221.9V, Vb=219.0V, Vc=223.5V, T=25.0\u00b0C"""
1739436917.249291,515,b'\x00\x00\x00\x00\x08\x00\x01\x00',"""Speed=0rpm, Target=0rpm, Torque=0.8A"""
1739436917.2601075,513,b'\xfb\xff\xb0\x00L\xff\x00\x00',"""Ia=-0.5A, Ib=17.6A, Ic=-18.0A"""
1739436917.2601075,514,b'\xac\x08\x81\x08\x82\x08\xfa\x00',"""Va=222.0V, Vb=217.7V, Vc=217.8V, T=25.0\u00b0C"""
1739436917.2601075,515,b'\x00\x00\x00\x00\x05\x00\x01\x00',"""Speed=0rpm, Target=0rpm, Torque=0.5A"""
1739436917.2704923,513,b'\t\x00\xb5\x00Z\xff\x00\x00',"""Ia=0.9A, Ib=18.1A, Ic=-16.6A"""
1739436917.2704923,514,b'\x8c\x08\x85\x08\xc6\x08\xfa\x00',"""Va=218.8V, Vb=218.1V, Vc=224.6V, T=25.0\u00b0C"""
1739436917.2704923,515,b'\x00\x00\x00\x00\t\x00\x01\x00',"""Speed=0rpm, Target=0rpm, Torque=0.9A"""
1739436917.2806528,513,b'\x07\x00\xb6\x00S\xff\x00\x00',"""Ia=0.7A, Ib=18.2A, Ic=-17.3A"""
1739436917.2806528,514,b'\x97\x08\x85\x08\xa3\x08\xfa\x00',"""Va=219.9V, Vb=218.1V, Vc=221.1V, T=25.0\u00b0C"""
1739436917.2806528,515,b'\x00\x00\x00\x00\x07\x00\x01\x00',"""Speed=0rpm, Target=0rpm, Torque=0.7A"""
1739436917.290776,513,b'\x05\x00\xa9\x00V\xff\x00\x00',"""Ia=0.5A, Ib=16.9A, Ic=-17.0A"""
1739436917.290776,514,b'\xc2\x08\x8f\x08\x86\x08\xfa\x00',"""Va=224.2V, Vb=219.1V, Vc=218.2V, T=25.0\u00b0C"""
1739436917.290776,515,b'\x00\x00\x00\x00\x05\x00\x01\x00',"""Speed=0rpm, Target=0rpm, Torque=0.5A"""
1739436917.3017316,513,b'\xfc\xff\xb5\x00Z\xff\x00\x00',"""Ia=-0.4A, Ib=18.1A, Ic=-16.6A"""
1739436917.3017316,514,b'x\x08\xb9\x08\xc9\x08\xfa\x00',"""Va=216.8V, Vb=223.3V, Vc=224.9V, T=25.0\u00b0C"""
1739436917.3017316,515,b'\x00\x00\x00\x00\x04\x00\x01\x00',"""Speed=0rpm, Target=0rpm, Torque=0.4A"""
1739436917.3121505,513,b'\x04\x00\xad\x00S\xff\x00\x00',"""Ia=0.4A, Ib=17.3A, Ic=-17.3A"""
1739436917.3121505,514,b'f\x08\xb8\x08o\x08\xfa\x00',"""Va=215.0V, Vb=223.2V, Vc=215.9V, T=25.0\u00b0C"""
1739436917.3121505,515,b'\x00\x00\x00\x00\x04\x00\x01\x00',"""Speed=0rpm, Target=0rpm, Torque=0.4A"""
1739436917.3223577,513,b'\xf7\xff\xab\x00U\xff\x00\x00',"""Ia=-0.9A, Ib=17.1A, Ic=-17.1A"""
1739436917.3223577,514,b'\xc3\x08\xac\x08\x92\x08\xfa\x00',"""Va=224.3V, Vb=222.0V, Vc=219.4V, T=25.0\u00b0C"""
1739436917.3223577,515,b'\x00\x00\x00\x00\t\x00\x01\x00',"""Speed=0rpm, Target=0rpm, Torque=0.9A"""
1739436917.3330896,513,b'\x07\x00\xaf\x00W\xff\x00\x00',"""Ia=0.7A, Ib=17.5A, Ic=-16.9A"""
1739436917.3330896,514,b'\xc3\x08\xac\x08\xba\x08\xfa\x00',"""Va=224.3V, Vb=222.0V, Vc=223.4V, T=25.0\u00b0C"""
1739436917.3330896,515,b'\x00\x00\x00\x00\x07\x00\x01\x00',"""Speed=0rpm, Target=0rpm, Torque=0.7A"""
1739436917.34345,513,b'\x02\x00\xa8\x00W\xff\x00\x00',"""Ia=0.2A, Ib=16.8A, Ic=-16.9A"""
1739436917.34345,514,b'r\x08\xc4\x08\xc2\x08\xfa\x00',"""Va=216.2V, Vb=224.4V, Vc=224.2V, T=25.0\u00b0C"""
1739436917.34345,515,b'\x00\x00\x00\x00\x02\x00\x01\x00',"""Speed=0rpm, Target=0rpm, Torque=0.2A"""
1739436917.3540876,513,b'\x04\x00\xb2\x00P\xff\x00\x00',"""Ia=0.4A, Ib=17.8A, Ic=-17.6A"""
1739436917.3540876,514,b'\x90\x08\x93\x08\xb2\x08\xfa\x00',"""Va=219.2V, Vb=219.5V, Vc=222.6V, T=25.0\u00b0C"""
1739436917.3540876,515,b'\x00\x00\x00\x00\x04\x00\x01\x00',"""Speed=0rpm, Target=0rpm, Torque=0.4A"""
1739436917.3642635,513,b'\x08\x00\xb2\x00V\xff\x00\x00',"""Ia=0.8A, Ib=17.8A, Ic=-17.0A"""
1739436917.3642635,514,b'\x93\x08{\x08\x84\x08\xfa\x00',"""Va=219.5V, Vb=217.1V, Vc=218.0V, T=25.0\u00b0C"""
1739436917.3642776,515,b'\x00\x00\x00\x00\x08\x00\x01\x00',"""Speed=0rpm, Target=0rpm, Torque=0.8A"""
1739436917.3746111,513,b'\x00\x00\xae\x00O\xff\x00\x00',"""Ia=0.0A, Ib=17.4A, Ic=-17.7A"""
1739436917.3746111,514,b'\xc9\x08y\x08\x96\x08\xfa\x00',"""Va=224.9V, Vb=216.9V, Vc=219.8V, T=25.0\u00b0C"""
1739436917.3746111,515,b'\x00\x00\x00\x00\x00\x00\x01\x00',"""Speed=0rpm, Target=0rpm, Torque=0.0A"""
1739436917.3849273,513,b'\x04\x00\xb4\x00U\xff\x00\x00',"""Ia=0.4A, Ib=18.0A, Ic=-17.1A"""
1739436917.3849273,514,b'\x80\x08\xc7\x08p\x08\xfa\x00',"""Va=217.6V, Vb=224.7V, Vc=216.0V, T=25.0\u00b0C"""
1739436917.3849273,515,b'\x00\x00\x00\x00\x04\x00\x01\x00',"""Speed=0rpm, Target=0rpm, Torque=0.4A"""
1739436917.3950605,513,b'\x03\x00\xb3\x00]\xff\x00\x00',"""Ia=0.3A, Ib=17.9A, Ic=-16.3A"""
1739436917.3950605,514,b'\xc2\x08\xb4\x08\x80\x08\xfa\x00',"""Va=224.2V, Vb=222.8V, Vc=217.6V, T=25.0\u00b0C"""
1739436917.3950605,515,b'\x00\x00\x00\x00\x03\x00\x01\x00',"""Speed=0rpm, Target=0rpm, Torque=0.3A"""
1739436917.4053202,513,b'\xfe\xff\xa3\x00J\xff\x00\x00',"""Ia=-0.2A, Ib=16.3A, Ic=-18.2A"""
1739436917.4053202,514,b'\xa5\x08u\x08\x93\x08\xfa\x00',"""Va=221.3V, Vb=216.5V, Vc=219.5V, T=25.0\u00b0C"""
1739436917.4053202,515,b'\x00\x00\x00\x00\x02\x00\x01\x00',"""Speed=0rpm, Target=0rpm, Torque=0.2A"""
1739436917.4157188,513,b'\xfe\xff\xb2\x00S\xff\x00\x00',"""Ia=-0.2A, Ib=17.8A, Ic=-17.3A"""
1739436917.4157188,514,b'\x95\x08m\x08\x95\x08\xfa\x00',"""Va=219.7V, Vb=215.7V, Vc=219.7V, T=25.0\u00b0C"""
1739436917.4157188,515,b'\x00\x00\x00\x00\x02\x00\x01\x00',"""Speed=0rpm, Target=0rpm, Torque=0.2A"""
1739436917.426259,513,b'\xfa\xff\xa8\x00O\xff\x00\x00',"""Ia=-0.6A, Ib=16.8A, Ic=-17.7A"""
1739436917.426259,514,b'\xad\x08\xb1\x08~\x08\xfa\x00',"""Va=222.1V, Vb=222.5V, Vc=217.4V, T=25.0\u00b0C"""
1739436917.426259,515,b'\x00\x00\x00\x00\x06\x00\x01\x00',"""Speed=0rpm, Target=0rpm, Torque=0.6A"""
1739436917.4368112,513,b'\xfc\xff\xa4\x00W\xff\x00\x00',"""Ia=-0.4A, Ib=16.4A, Ic=-16.9A"""
1739436917.4368112,514,b'\x9d\x08\xa6\x08\xb8\x08\xfa\x00',"""Va=220.5V, Vb=221.4V, Vc=223.2V, T=25.0\u00b0C"""
1739436917.4368112,515,b'\x00\x00\x00\x00\x04\x00\x01\x00',"""Speed=0rpm, Target=0rpm, Torque=0.4A"""
1739436917.4476385,513,b'\x08\x00\xa4\x00\\\xff\x00\x00',"""Ia=0.8A, Ib=16.4A, Ic=-16.4A"""
1739436917.4476385,514,b'\xc0\x08m\x08\xc2\x08\xfa\x00',"""Va=224.0V, Vb=215.7V, Vc=224.2V, T=25.0\u00b0C"""
1739436917.4476385,515,b'\x00\x00\x00\x00\x08\x00\x01\x00',"""Speed=0rpm, Target=0rpm, Torque=0.8A"""
1739436917.4581244,513,b'\xf9\xff\xa7\x00W\xff\x00\x00',"""Ia=-0.7A, Ib=16.7A, Ic=-16.9A"""
1739436917.4581244,514,b'x\x08\x84\x08\x8e\x08\xfa\x00',"""Va=216.8V, Vb=218.0V, Vc=219.0V, T=25.0\u00b0C"""
1739436917.4581244,515,b'\x00\x00\x00\x00\x07\x00\x01\x00',"""Speed=0rpm, Target=0rpm, Torque=0.7A"""
1739436917.4684463,513,b'\x00\x00\xa4\x00J\xff\x00\x00',"""Ia=0.0A, Ib=16.4A, Ic=-18.2A"""
1739436917.4684463,514,b'p\x08\x93\x08\x92\x08\xfa\x00',"""Va=216.0V, Vb=219.5V, Vc=219.4V, T=25.0\u00b0C"""
1739436917.4684463,515,b'\x00\x00\x00\x00\x00\x00\x01\x00',"""Speed=0rpm, Target=0rpm, Torque=0.0A"""
1739436917.4794328,513,b'\x00\x00\xb3\x00U\xff\x00\x00',"""Ia=0.0A, Ib=17.9A, Ic=-17.1A"""
1739436917.4794328,514,b's\x08\xb5\x08\x87\x08\xfa\x00',"""Va=216.3V, Vb=222.9V, Vc=218.3V, T=25.0\u00b0C"""
1739436917.4794328,515,b'\x00\x00\x00\x00\x00\x00\x01\x00',"""Speed=0rpm, Target=0rpm, Torque=0.0A"""
1739436917.4899268,513,b'\xfe\xff\xad\x00[\xff\x00\x00',"""Ia=-0.2A, Ib=17.3A, Ic=-16.5A"""
1739436917.4899268,514,b'\xb4\x08\xb5\x08\xb5\x08\xfa\x00',"""Va=222.8V, Vb=222.9V, Vc=222.9V, T=25.0\u00b0C"""
1739436917.4899268,515,b'\x00\x00\x00\x00\x02\x00\x01\x00',"""Speed=0rpm, Target=0rpm, Torque=0.2A"""
1739436917.5006504,513,b'\xf7\xff\xb2\x00J\xff\x00\x00',"""Ia=-0.9A, Ib=17.8A, Ic=-18.2A"""
1739436917.5006504,514,b'\x8b\x08\xb9\x08g\x08\xfa\x00',"""Va=218.7V, Vb=223.3V, Vc=215.1V, T=25.0\u00b0C"""
1739436917.5006504,515,b'\x00\x00\x00\x00\t\x00\x01\x00',"""Speed=0rpm, Target=0rpm, Torque=0.9A"""
1739436917.5109036,513,b'\x00\x00\xaa\x00Y\xff\x00\x00',"""Ia=0.0A, Ib=17.0A, Ic=-16.7A"""
1739436917.5109036,514,b'\x91\x08\x9f\x08\x93\x08\xfa\x00',"""Va=219.3V, Vb=220.7V, Vc=219.5V, T=25.0\u00b0C"""
1739436917.5109036,515,b'\x00\x00\x00\x00\x00\x00\x01\x00',"""Speed=0rpm, Target=0rpm, Torque=0.0A"""
1739436917.5211833,513,b'\xf9\xff\xb1\x00]\xff\x00\x00',"""Ia=-0.7A, Ib=17.7A, Ic=-16.3A"""
1739436917.5212593,514,b'\xae\x08\x7f\x08\x8d\x08\xfa\x00',"""Va=222.2V, Vb=217.5V, Vc=218.9V, T=25.0\u00b0C"""
1739436917.5212593,515,b'\x00\x00\x00\x00\x07\x00\x01\x00',"""Speed=0rpm, Target=0rpm, Torque=0.7A"""
1739436917.5313504,513,b'\x00\x00\xac\x00L\xff\x00\x00',"""Ia=0.0A, Ib=17.2A, Ic=-18.0A"""
1739436917.5313504,514,b'\xab\x08w\x08p\x08\xfa\x00',"""Va=221.9V, Vb=216.7V, Vc=216.0V, T=25.0\u00b0C"""
1739436917.5313504,515,b'\x00\x00\x00\x00\x00\x00\x01\x00',"""Speed=0rpm, Target=0rpm, Torque=0.0A"""
1739436917.542235,513,b'\t\x00\xa5\x00T\xff\x00\x00',"""Ia=0.9A, Ib=16.5A, Ic=-17.2A"""
1739436917.542235,514,b'\xac\x08\x80\x08~\x08\xfa\x00',"""Va=222.0V, Vb=217.6V, Vc=217.4V, T=25.0\u00b0C"""
1739436917.542235,515,b'\x00\x00\x00\x00\t\x00\x01\x00',"""Speed=0rpm, Target=0rpm, Torque=0.9A"""
1739436917.552444,513,b'\x08\x00\xb1\x00O\xff\x00\x00',"""Ia=0.8A, Ib=17.7A, Ic=-17.7A"""
1739436917.552444,514,b'z\x08y\x08\xb0\x08\xfa\x00',"""Va=217.0V, Vb=216.9V, Vc=222.4V, T=25.0\u00b0C"""
1739436917.552444,515,b'\x00\x00\x00\x00\x08\x00\x01\x00',"""Speed=0rpm, Target=0rpm, Torque=0.8A"""
1739436917.5633473,513,b'\xfd\xff\xa8\x00N\xff\x00\x00',"""Ia=-0.3A, Ib=16.8A, Ic=-17.8A"""
1739436917.5633473,514,b'\x83\x08x\x08\x99\x08\xfa\x00',"""Va=217.9V, Vb=216.8V, Vc=220.1V, T=25.0\u00b0C"""
1739436917.5633473,515,b'\x00\x00\x00\x00\x03\x00\x01\x00',"""Speed=0rpm, Target=0rpm, Torque=0.3A"""
1739436917.5734828,513,b'\t\x00\xb2\x00Q\xff\x00\x00',"""Ia=0.9A, Ib=17.8A, Ic=-17.5A"""
1739436917.5734828,514,b'\xc7\x08\xc1\x08f\x08\xfa\x00',"""Va=224.7V, Vb=224.1V, Vc=215.0V, T=25.0\u00b0C"""
1739436917.5734828,515,b'\x00\x00\x00\x00\t\x00\x01\x00',"""Speed=0rpm, Target=0rpm, Torque=0.9A"""
1739436917.5839052,513,b'\x02\x00\xac\x00N\xff\x00\x00',"""Ia=0.2A, Ib=17.2A, Ic=-17.8A"""
1739436917.5839052,514,b'p\x08{\x08\x87\x08\xfa\x00',"""Va=216.0V, Vb=217.1V, Vc=218.3V, T=25.0\u00b0C"""
1739436917.5839052,515,b'\x00\x00\x00\x00\x02\x00\x01\x00',"""Speed=0rpm, Target=0rpm, Torque=0.2A"""
1739436917.5946677,513,b'\x04\x00\xae\x00K\xff\x00\x00',"""Ia=0.4A, Ib=17.4A, Ic=-18.1A"""
1739436917.5946677,514,b'\x94\x08i\x08\xc7\x08\xfa\x00',"""Va=219.6V, Vb=215.3V, Vc=224.7V, T=25.0\u00b0C"""
1739436917.5946677,515,b'\x00\x00\x00\x00\x04\x00\x01\x00',"""Speed=0rpm, Target=0rpm, Torque=0.4A"""
1739436917.604947,513,b'\xfa\xff\xaf\x00L\xff\x00\x00',"""Ia=-0.6A, Ib=17.5A, Ic=-18.0A"""
1739436917.604947,514,b'\x9f\x08\x97\x08\xc0\x08\xfa\x00',"""Va=220.7V, Vb=219.9V, Vc=224.0V, T=25.0\u00b0C"""
1739436917.604947,515,b'\x00\x00\x00\x00\x06\x00\x01\x00',"""Speed=0rpm, Target=0rpm, Torque=0.6A"""
1739436917.6151967,513,b'\xf7\xff\xaf\x00X\xff\x00\x00',"""Ia=-0.9A, Ib=17.5A, Ic=-16.8A"""
1739436917.6151967,514,b'\xb1\x08\xa4\x08\xa1\x08\xfa\x00',"""Va=222.5V, Vb=221.2V, Vc=220.9V, T=25.0\u00b0C"""
1739436917.6151967,515,b'\x00\x00\x00\x00\t\x00\x01\x00',"""Speed=0rpm, Target=0rpm, Torque=0.9A"""
1739436917.6254022,513,b'\xfb\xff\xa8\x00W\xff\x00\x00',"""Ia=-0.5A, Ib=16.8A, Ic=-16.9A"""
1739436917.6254022,514,b'\xc2\x08\x7f\x08\xba\x08\xfa\x00',"""Va=224.2V, Vb=217.5V, Vc=223.4V, T=25.0\u00b0C"""
1739436917.6254022,515,b'\x00\x00\x00\x00\x05\x00\x01\x00',"""Speed=0rpm, Target=0rpm, Torque=0.5A"""
1739436917.6358016,513,b'\x01\x00\xb0\x00[\xff\x00\x00',"""Ia=0.1A, Ib=17.6A, Ic=-16.5A"""
1739436917.6358016,514,b'\xa5\x08\xaa\x08\x9e\x08\xfa\x00',"""Va=221.3V, Vb=221.8V, Vc=220.6V, T=25.0\u00b0C"""
1739436917.6358016,515,b'\x00\x00\x00\x00\x01\x00\x01\x00',"""Speed=0rpm, Target=0rpm, Torque=0.1A"""
1739436917.6460776,513,b'\xf9\xff\xa9\x00O\xff\x00\x00',"""Ia=-0.7A, Ib=16.9A, Ic=-17.7A"""
1739436917.6460776,514,b'\x92\x08\xa4\x08\x9f\x08\xfa\x00',"""Va=219.4V, Vb=221.2V, Vc=220.7V, T=25.0\u00b0C"""
1739436917.6460776,515,b'\x00\x00\x00\x00\x07\x00\x01\x00',"""Speed=0rpm, Target=0rpm, Torque=0.7A"""
1739436917.6570525,513,b'\x04\x00\xa3\x00S\xff\x00\x00',"""Ia=0.4A, Ib=16.3A, Ic=-17.3A"""
1739436917.6570525,514,b'\x9f\x08~\x08\xbd\x08\xfa\x00',"""Va=220.7V, Vb=217.4V, Vc=223.7V, T=25.0\u00b0C"""
1739436917.6570525,515,b'\x00\x00\x00\x00\x04\x00\x01\x00',"""Speed=0rpm, Target=0rpm, Torque=0.4A"""
1739436917.6674635,513,b'\x00\x00\xab\x00R\xff\x00\x00',"""Ia=0.0A, Ib=17.1A, Ic=-17.4A"""
1739436917.6674635,514,b'\xbc\x08\xb5\x08\x8b\x08\xfa\x00',"""Va=223.6V, Vb=222.9V, Vc=218.7V, T=25.0\u00b0C"""
1739436917.6674635,515,b'\x00\x00\x00\x00\x00\x00\x01\x00',"""Speed=0rpm, Target=0rpm, Torque=0.0A"""
1739436917.6777747,513,b'\x07\x00\xb4\x00K\xff\x00\x00',"""Ia=0.7A, Ib=18.0A, Ic=-18.1A"""
1739436917.6777747,514,b'\x8d\x08\xad\x08\x9d\x08\xfa\x00',"""Va=218.9V, Vb=222.1V, Vc=220.5V, T=25.0\u00b0C"""
1739436917.6777747,515,b'\x00\x00\x00\x00\x07\x00\x01\x00',"""Speed=0rpm, Target=0rpm, Torque=0.7A"""
1739436917.6878905,513,b'\t\x00\xa5\x00Z\xff\x00\x00',"""Ia=0.9A, Ib=16.5A, Ic=-16.6A"""
1739436917.6878905,514,b'p\x08\xbb\x08x\x08\xfa\x00',"""Va=216.0V, Vb=223.5V, Vc=216.8V, T=25.0\u00b0C"""
1739436917.6878905,515,b'\x00\x00\x00\x00\t\x00\x01\x00',"""Speed=0rpm, Target=0rpm, Torque=0.9A"""
1739436917.6982212,513,b'\x01\x00\xa4\x00\\\xff\x00\x00',"""Ia=0.1A, Ib=16.4A, Ic=-16.4A"""
1739436917.6982212,514,b'\xaf\x08\x95\x08\x95\x08\xfa\x00',"""Va=222.3V, Vb=219.7V, Vc=219.7V, T=25.0\u00b0C"""
1739436917.6982212,515,b'\x00\x00\x00\x00\x01\x00\x01\x00',"""Speed=0rpm, Target=0rpm, Torque=0.1A"""
1739436917.708314,513,b'\xff\xff\xa3\x00S\xff\x00\x00',"""Ia=-0.1A, Ib=16.3A, Ic=-17.3A"""
1739436917.708314,514,b's\x08\x8a\x08y\x08\xfa\x00',"""Va=216.3V, Vb=218.6V, Vc=216.9V, T=25.0\u00b0C"""
1739436917.708314,515,b'\x00\x00\x00\x00\x01\x00\x01\x00',"""Speed=0rpm, Target=0rpm, Torque=0.1A"""
1739436917.7190104,513,b'\x00\x00\xa3\x00\\\xff\x00\x00',"""Ia=0.0A, Ib=16.3A, Ic=-16.4A"""
1739436917.7190104,514,b'n\x08\xc0\x08\x9a\x08\xfa\x00',"""Va=215.8V, Vb=224.0V, Vc=220.2V, T=25.0\u00b0C"""
1739436917.7190104,515,b'\x00\x00\x00\x00\x00\x00\x01\x00',"""Speed=0rpm, Target=0rpm, Torque=0.0A"""
1739436917.730076,513,b'\x01\x00\xa8\x00L\xff\x00\x00',"""Ia=0.1A, Ib=16.8A, Ic=-18.0A"""
1739436917.730076,514,b'\xa2\x08u\x08\xc7\x08\xfa\x00',"""Va=221.0V, Vb=216.5V, Vc=224.7V, T=25.0\u00b0C"""
1739436917.730076,515,b'\x00\x00\x00\x00\x01\x00\x01\x00',"""Speed=0rpm, Target=0rpm, Torque=0.1A"""
1739436917.7401729,513,b'\xf7\xff\xb2\x00X\xff\x00\x00',"""Ia=-0.9A, Ib=17.8A, Ic=-16.8A"""
1739436917.7401729,514,b'\x7f\x08\x91\x08\xa2\x08\xfa\x00',"""Va=217.5V, Vb=219.3V, Vc=221.0V, T=25.0\u00b0C"""
1739436917.7401729,515,b'\x00\x00\x00\x00\t\x00\x01\x00',"""Speed=0rpm, Target=0rpm, Torque=0.9A"""
1739436917.7504299,513,b'\x05\x00\xaa\x00K\xff\x00\x00',"""Ia=0.5A, Ib=17.0A, Ic=-18.1A"""
1739436917.7504299,514,b'{\x08\xa1\x08\xb2\x08\xfa\x00',"""Va=217.1V, Vb=220.9V, Vc=222.6V, T=25.0\u00b0C"""
1739436917.7504299,515,b'\x00\x00\x00\x00\x05\x00\x01\x00',"""Speed=0rpm, Target=0rpm, Torque=0.5A"""
1739436917.7614436,513,b'\xfb\xff\xae\x00V\xff\x00\x00',"""Ia=-0.5A, Ib=17.4A, Ic=-17.0A"""
1739436917.7614436,514,b'm\x08\xa1\x08\xb7\x08\xfa\x00',"""Va=215.7V, Vb=220.9V, Vc=223.1V, T=25.0\u00b0C"""
1739436917.7614436,515,b'\x00\x00\x00\x00\x05\x00\x01\x00',"""Speed=0rpm, Target=0rpm, Torque=0.5A"""
1739436917.7716062,513,b'\x04\x00\xb5\x00T\xff\x00\x00',"""Ia=0.4A, Ib=18.1A, Ic=-17.2A"""
1739436917.7716062,514,b'~\x08\xa2\x08\xc6\x08\xfa\x00',"""Va=217.4V, Vb=221.0V, Vc=224.6V, T=25.0\u00b0C"""
1739436917.7716062,515,b'\x00\x00\x00\x00\x04\x00\x01\x00',"""Speed=0rpm, Target=0rpm, Torque=0.4A"""
1739436917.7825716,513,b'\x00\x00\xa6\x00N\xff\x00\x00',"""Ia=0.0A, Ib=16.6A, Ic=-17.8A"""
1739436917.7825716,514,b'\xb3\x08~\x08|\x08\xfa\x00',"""Va=222.7V, Vb=217.4V, Vc=217.2V, T=25.0\u00b0C"""
1739436917.7929232,513,b'\x02\x00\xa7\x00O\xff\x00\x00',"""Ia=0.2A, Ib=16.7A, Ic=-17.7A"""
1739436917.7929232,514,b'\xa0\x08\x7f\x08\x87\x08\xfa\x00',"""Va=220.8V, Vb=217.5V, Vc=218.3V, T=25.0\u00b0C"""
1739436917.7929232,515,b'\x00\x00\x00\x00\x02\x00\x01\x00',"""Speed=0rpm, Target=0rpm, Torque=0.2A"""
1739436917.803208,513,b'\xff\xff\xb4\x00K\xff\x00\x00',"""Ia=-0.1A, Ib=18.0A, Ic=-18.1A"""
1739436917.803208,514,b'\x8d\x08\x91\x08\xb1\x08\xfa\x00',"""Va=218.9V, Vb=219.3V, Vc=222.5V, T=25.0\u00b0C"""
1739436917.803208,515,b'\x00\x00\x00\x00\x01\x00\x01\x00',"""Speed=0rpm, Target=0rpm, Torque=0.1A"""
1739436917.7825716,515,b'\x00\x00\x00\x00\x00\x00\x01\x00',"""Speed=0rpm, Target=0rpm, Torque=0.0A"""
1739436917.8136785,513,b'\x03\x00\xa7\x00Q\xff\x00\x00',"""Ia=0.3A, Ib=16.7A, Ic=-17.5A"""
1739436917.8136785,514,b'\x9d\x08i\x08\xbb\x08\xfa\x00',"""Va=220.5V, Vb=215.3V, Vc=223.5V, T=25.0\u00b0C"""
1739436917.8136785,515,b'\x00\x00\x00\x00\x03\x00\x01\x00',"""Speed=0rpm, Target=0rpm, Torque=0.3A"""
1739436917.8241682,513,b'\t\x00\xb2\x00]\xff\x00\x00',"""Ia=0.9A, Ib=17.8A, Ic=-16.3A"""
1739436917.8241682,515,b'\x00\x00\x00\x00\t\x00\x01\x00',"""Speed=0rpm, Target=0rpm, Torque=0.9A"""
1739436917.8345118,513,b'\x04\x00\xab\x00W\xff\x00\x00',"""Ia=0.4A, Ib=17.1A, Ic=-16.9A"""
1739436917.8345118,514,b'n\x08\x7f\x08u\x08\xfa\x00',"""Va=215.8V, Vb=217.5V, Vc=216.5V, T=25.0\u00b0C"""
1739436917.8345118,515,b'\x00\x00\x00\x00\x04\x00\x01\x00',"""Speed=0rpm, Target=0rpm, Torque=0.4A"""
1739436917.84493,513,b'\xf7\xff\xb5\x00Q\xff\x00\x00',"""Ia=-0.9A, Ib=18.1A, Ic=-17.5A"""
1739436917.84493,514,b'\x9e\x08\x96\x08x\x08\xfa\x00',"""Va=220.6V, Vb=219.8V, Vc=216.8V, T=25.0\u00b0C"""
1739436917.84493,515,b'\x00\x00\x00\x00\t\x00\x01\x00',"""Speed=0rpm, Target=0rpm, Torque=0.9A"""
1739436917.8551245,513,b'\x00\x00\xaa\x00T\xff\x00\x00',"""Ia=0.0A, Ib=17.0A, Ic=-17.2A"""
1739436917.8551245,514,b'\xad\x08\x9f\x08\x9f\x08\xfa\x00',"""Va=222.1V, Vb=220.7V, Vc=220.7V, T=25.0\u00b0C"""
1739436917.8551245,515,b'\x00\x00\x00\x00\x00\x00\x01\x00',"""Speed=0rpm, Target=0rpm, Torque=0.0A"""
1739436917.8662329,513,b'\xfa\xff\xa8\x00V\xff\x00\x00',"""Ia=-0.6A, Ib=16.8A, Ic=-17.0A"""
1739436917.8662329,514,b'n\x08f\x08\x93\x08\xfa\x00',"""Va=215.8V, Vb=215.0V, Vc=219.5V, T=25.0\u00b0C"""
1739436917.8662329,515,b'\x00\x00\x00\x00\x06\x00\x01\x00',"""Speed=0rpm, Target=0rpm, Torque=0.6A"""
1739436917.8241682,514,b'\xaf\x08\x9e\x08\xc3\x08\xfa\x00',"""Va=222.3V, Vb=220.6V, Vc=224.3V, T=25.0\u00b0C"""
1739436917.8763058,513,b'\xf9\xff\xad\x00M\xff\x00\x00',"""Ia=-0.7A, Ib=17.3A, Ic=-17.9A"""
1739436917.8763058,514,b'u\x08o\x08r\x08\xfa\x00',"""Va=216.5V, Vb=215.9V, Vc=216.2V, T=25.0\u00b0C"""
1739436917.8763058,515,b'\x00\x00\x00\x00\x07\x00\x01\x00',"""Speed=0rpm, Target=0rpm, Torque=0.7A"""
1739436917.8867724,513,b'\xfe\xff\xb5\x00[\xff\x00\x00',"""Ia=-0.2A, Ib=18.1A, Ic=-16.5A"""
1739436917.8867724,514,b'\xb3\x08\x92\x08\xc9\x08\xfa\x00',"""Va=222.7V, Vb=219.4V, Vc=224.9V, T=25.0\u00b0C"""
1739436917.8867724,515,b'\x00\x00\x00\x00\x02\x00\x01\x00',"""Speed=0rpm, Target=0rpm, Torque=0.2A"""
1739436917.8972313,513,b'\xfa\xff\xa7\x00N\xff\x00\x00',"""Ia=-0.6A, Ib=16.7A, Ic=-17.8A"""
1739436917.8972313,514,b'\x95\x08\x94\x08h\x08\xfa\x00',"""Va=219.7V, Vb=219.6V, Vc=215.2V, T=25.0\u00b0C"""
1739436917.8972313,515,b'\x00\x00\x00\x00\x06\x00\x01\x00',"""Speed=0rpm, Target=0rpm, Torque=0.6A"""
1739436917.9075162,513,b'\xf9\xff\xa8\x00U\xff\x00\x00',"""Ia=-0.7A, Ib=16.8A, Ic=-17.1A"""
1739436917.9075162,514,b'u\x08\xb9\x08\xa0\x08\xfa\x00',"""Va=216.5V, Vb=223.3V, Vc=220.8V, T=25.0\u00b0C"""
1739436917.9075162,515,b'\x00\x00\x00\x00\x07\x00\x01\x00',"""Speed=0rpm, Target=0rpm, Torque=0.7A"""
1739436917.917578,513,b'\xfb\xff\xb2\x00]\xff\x00\x00',"""Ia=-0.5A, Ib=17.8A, Ic=-16.3A"""
1739436917.917578,514,b'\xa7\x08|\x08\x8d\x08\xfa\x00',"""Va=221.5V, Vb=217.2V, Vc=218.9V, T=25.0\u00b0C"""
1739436917.917578,515,b'\x00\x00\x00\x00\x05\x00\x01\x00',"""Speed=0rpm, Target=0rpm, Torque=0.5A"""
1739436917.9277105,513,b'\x05\x00\xac\x00R\xff\x00\x00',"""Ia=0.5A, Ib=17.2A, Ic=-17.4A"""
1739436917.9277105,514,b'\xa9\x08\x8c\x08\xc2\x08\xfa\x00',"""Va=221.7V, Vb=218.8V, Vc=224.2V, T=25.0\u00b0C"""
1739436917.9277105,515,b'\x00\x00\x00\x00\x05\x00\x01\x00',"""Speed=0rpm, Target=0rpm, Torque=0.5A"""
1739436917.9378092,513,b'\x07\x00\xb2\x00X\xff\x00\x00',"""Ia=0.7A, Ib=17.8A, Ic=-16.8A"""
1739436917.9378092,514,b'\xa9\x08\xc3\x08\x8f\x08\xfa\x00',"""Va=221.7V, Vb=224.3V, Vc=219.1V, T=25.0\u00b0C"""
1739436917.9378092,515,b'\x00\x00\x00\x00\x07\x00\x01\x00',"""Speed=0rpm, Target=0rpm, Torque=0.7A"""
1739436917.9483938,513,b'\x01\x00\xa5\x00T\xff\x00\x00',"""Ia=0.1A, Ib=16.5A, Ic=-17.2A"""
1739436917.9483938,514,b'\x8d\x08\xc7\x08\xba\x08\xfa\x00',"""Va=218.9V, Vb=224.7V, Vc=223.4V, T=25.0\u00b0C"""
1739436917.9483938,515,b'\x00\x00\x00\x00\x01\x00\x01\x00',"""Speed=0rpm, Target=0rpm, Torque=0.1A"""
1739436917.9586189,513,b'\xf8\xff\xa6\x00P\xff\x00\x00',"""Ia=-0.8A, Ib=16.6A, Ic=-17.6A"""
1739436917.9586189,514,b'p\x08\xc0\x08y\x08\xfa\x00',"""Va=216.0V, Vb=224.0V, Vc=216.9V, T=25.0\u00b0C"""
1739436917.9586189,515,b'\x00\x00\x00\x00\x08\x00\x01\x00',"""Speed=0rpm, Target=0rpm, Torque=0.8A"""
1739436917.96894,513,b'\x07\x00\xa7\x00\\\xff\x00\x00',"""Ia=0.7A, Ib=16.7A, Ic=-16.4A"""
1739436917.96894,514,b'\xb1\x08\xac\x08\x94\x08\xfa\x00',"""Va=222.5V, Vb=222.0V, Vc=219.6V, T=25.0\u00b0C"""
1739436917.96894,515,b'\x00\x00\x00\x00\x07\x00\x01\x00',"""Speed=0rpm, Target=0rpm, Torque=0.7A"""
1739436917.979557,513,b'\xfc\xff\xaf\x00Q\xff\x00\x00',"""Ia=-0.4A, Ib=17.5A, Ic=-17.5A"""
1739436917.979557,514,b'\xad\x08j\x08\xbc\x08\xfa\x00',"""Va=222.1V, Vb=215.4V, Vc=223.6V, T=25.0\u00b0C"""
1739436917.979557,515,b'\x00\x00\x00\x00\x04\x00\x01\x00',"""Speed=0rpm, Target=0rpm, Torque=0.4A"""
1739436917.989739,513,b'\xff\xff\xaa\x00N\xff\x00\x00',"""Ia=-0.1A, Ib=17.0A, Ic=-17.8A"""
1739436917.989739,514,b'v\x08\xb4\x08\x9b\x08\xfa\x00',"""Va=216.6V, Vb=222.8V, Vc=220.3V, T=25.0\u00b0C"""
1739436917.989739,515,b'\x00\x00\x00\x00\x01\x00\x01\x00',"""Speed=0rpm, Target=0rpm, Torque=0.1A"""
1739436918.0003333,513,b'\x00\x00\xaa\x00Y\xff\x00\x00',"""Ia=0.0A, Ib=17.0A, Ic=-16.7A"""
1739436918.0003333,514,b'\xbb\x08}\x08\xa5\x08\xfa\x00',"""Va=223.5V, Vb=217.3V, Vc=221.3V, T=25.0\u00b0C"""
1739436918.0003333,515,b'\x00\x00\x00\x00\x00\x00\x01\x00',"""Speed=0rpm, Target=0rpm, Torque=0.0A"""
1739436918.0113416,513,b'\xf7\xff\xb5\x00Z\xff\x00\x00',"""Ia=-0.9A, Ib=18.1A, Ic=-16.6A"""
1739436918.0113416,514,b'\xbc\x08g\x08\xc7\x08\xfa\x00',"""Va=223.6V, Vb=215.1V, Vc=224.7V, T=25.0\u00b0C"""
1739436918.0113416,515,b'\x00\x00\x00\x00\t\x00\x01\x00',"""Speed=0rpm, Target=0rpm, Torque=0.9A"""
1739436918.0215442,513,b'\xfc\xff\xaa\x00P\xff\x00\x00',"""Ia=-0.4A, Ib=17.0A, Ic=-17.6A"""
1739436918.0215442,514,b'\x87\x08\xc4\x08\x7f\x08\xfa\x00',"""Va=218.3V, Vb=224.4V, Vc=217.5V, T=25.0\u00b0C"""
1739436918.0215442,515,b'\x00\x00\x00\x00\x04\x00\x01\x00',"""Speed=0rpm, Target=0rpm, Torque=0.4A"""
1739436918.0325143,513,b'\x04\x00\xb6\x00V\xff\x00\x00',"""Ia=0.4A, Ib=18.2A, Ic=-17.0A"""
1739436918.0325143,514,b'f\x08\xa0\x08\x8a\x08\xfa\x00',"""Va=215.0V, Vb=220.8V, Vc=218.6V, T=25.0\u00b0C"""
1739436918.0325143,515,b'\x00\x00\x00\x00\x04\x00\x01\x00',"""Speed=0rpm, Target=0rpm, Torque=0.4A"""
1739436918.042708,513,b'\xf9\xff\xaa\x00\\\xff\x00\x00',"""Ia=-0.7A, Ib=17.0A, Ic=-16.4A"""
1739436918.042708,514,b'\x9b\x08\x81\x08\x80\x08\xfa\x00',"""Va=220.3V, Vb=217.7V, Vc=217.6V, T=25.0\u00b0C"""
1739436918.042708,515,b'\x00\x00\x00\x00\x07\x00\x01\x00',"""Speed=0rpm, Target=0rpm, Torque=0.7A"""
1739436918.0533319,513,b'\xfc\xff\xa7\x00W\xff\x00\x00',"""Ia=-0.4A, Ib=16.7A, Ic=-16.9A"""
1739436918.0533319,514,b'\xa0\x08\xa6\x08\xae\x08\xfa\x00',"""Va=220.8V, Vb=221.4V, Vc=222.2V, T=25.0\u00b0C"""
1739436918.0533319,515,b'\x00\x00\x00\x00\x04\x00\x01\x00',"""Speed=0rpm, Target=0rpm, Torque=0.4A"""
1739436918.0634518,513,b'\xfa\xff\xad\x00X\xff\x00\x00',"""Ia=-0.6A, Ib=17.3A, Ic=-16.8A"""
1739436918.0634518,514,b'\xa7\x08\xbe\x08\x99\x08\xfa\x00',"""Va=221.5V, Vb=223.8V, Vc=220.1V, T=25.0\u00b0C"""
1739436918.0634518,515,b'\x00\x00\x00\x00\x06\x00\x01\x00',"""Speed=0rpm, Target=0rpm, Torque=0.6A"""
1739436918.073522,513,b'\xff\xff\xad\x00]\xff\x00\x00',"""Ia=-0.1A, Ib=17.3A, Ic=-16.3A"""
1739436918.073522,514,b'~\x08\xa1\x08j\x08\xfa\x00',"""Va=217.4V, Vb=220.9V, Vc=215.4V, T=25.0\u00b0C"""
1739436918.073522,515,b'\x00\x00\x00\x00\x01\x00\x01\x00',"""Speed=0rpm, Target=0rpm, Torque=0.1A"""
1739436918.0836456,513,b'\xfa\xff\xa6\x00V\xff\x00\x00',"""Ia=-0.6A, Ib=16.6A, Ic=-17.0A"""
1739436918.0836456,514,b'\x81\x08\xb2\x08\x8d\x08\xfa\x00',"""Va=217.7V, Vb=222.6V, Vc=218.9V, T=25.0\u00b0C"""
1739436918.0836456,515,b'\x00\x00\x00\x00\x06\x00\x01\x00',"""Speed=0rpm, Target=0rpm, Torque=0.6A"""
1739436918.0940542,513,b'\xfb\xff\xb4\x00R\xff\x00\x00',"""Ia=-0.5A, Ib=18.0A, Ic=-17.4A"""
1739436918.0940542,514,b'\xb8\x08\xc0\x08\x7f\x08\xfa\x00',"""Va=223.2V, Vb=224.0V, Vc=217.5V, T=25.0\u00b0C"""
1739436918.0940542,515,b'\x00\x00\x00\x00\x05\x00\x01\x00',"""Speed=0rpm, Target=0rpm, Torque=0.5A"""
1739436918.1041133,513,b'\x02\x00\xa8\x00T\xff\x00\x00',"""Ia=0.2A, Ib=16.8A, Ic=-17.2A"""
1739436918.1041133,514,b'\xab\x08\x9b\x08r\x08\xfa\x00',"""Va=221.9V, Vb=220.3V, Vc=216.2V, T=25.0\u00b0C"""
1739436918.1041133,515,b'\x00\x00\x00\x00\x02\x00\x01\x00',"""Speed=0rpm, Target=0rpm, Torque=0.2A"""
1739436918.1141925,513,b'\xf7\xff\xab\x00S\xff\x00\x00',"""Ia=-0.9A, Ib=17.1A, Ic=-17.3A"""
1739436918.1141925,514,b'}\x08n\x08\xab\x08\xfa\x00',"""Va=217.3V, Vb=215.8V, Vc=221.9V, T=25.0\u00b0C"""
1739436918.1141925,515,b'\x00\x00\x00\x00\t\x00\x01\x00',"""Speed=0rpm, Target=0rpm, Torque=0.9A"""
1739436918.1248033,513,b'\x03\x00\xac\x00U\xff\x00\x00',"""Ia=0.3A, Ib=17.2A, Ic=-17.1A"""
1739436918.1248033,514,b'\xbf\x08\x93\x08w\x08\xfa\x00',"""Va=223.9V, Vb=219.5V, Vc=216.7V, T=25.0\u00b0C"""
1739436918.1248033,515,b'\x00\x00\x00\x00\x03\x00\x01\x00',"""Speed=0rpm, Target=0rpm, Torque=0.3A"""
1739436918.1358838,513,b'\x03\x00\xa9\x00K\xff\x00\x00',"""Ia=0.3A, Ib=16.9A, Ic=-18.1A"""
1739436918.1358838,514,b'\xaf\x08\xa3\x08\xc9\x08\xfa\x00',"""Va=222.3V, Vb=221.1V, Vc=224.9V, T=25.0\u00b0C"""
1739436918.1358838,515,b'\x00\x00\x00\x00\x03\x00\x01\x00',"""Speed=0rpm, Target=0rpm, Torque=0.3A"""
1739436918.1463234,513,b'\x00\x00\xb7\x00N\xff\x00\x00',"""Ia=0.0A, Ib=18.3A, Ic=-17.8A"""
1739436918.1463234,514,b'\xbc\x08\xa4\x08\xc9\x08\xfa\x00',"""Va=223.6V, Vb=221.2V, Vc=224.9V, T=25.0\u00b0C"""
1739436918.1463234,515,b'\x00\x00\x00\x00\x00\x00\x01\x00',"""Speed=0rpm, Target=0rpm, Torque=0.0A"""
1739436918.1564603,513,b'\x00\x00\xa5\x00]\xff\x00\x00',"""Ia=0.0A, Ib=16.5A, Ic=-16.3A"""
1739436918.1564603,514,b'x\x08\x89\x08u\x08\xfa\x00',"""Va=216.8V, Vb=218.5V, Vc=216.5V, T=25.0\u00b0C"""
1739436918.1564603,515,b'\x00\x00\x00\x00\x00\x00\x01\x00',"""Speed=0rpm, Target=0rpm, Torque=0.0A"""
1739436918.1669374,513,b'\x01\x00\xb3\x00M\xff\x00\x00',"""Ia=0.1A, Ib=17.9A, Ic=-17.9A"""
1739436918.1669374,514,b'j\x08p\x08z\x08\xfa\x00',"""Va=215.4V, Vb=216.0V, Vc=217.0V, T=25.0\u00b0C"""
1739436918.1669374,515,b'\x00\x00\x00\x00\x01\x00\x01\x00',"""Speed=0rpm, Target=0rpm, Torque=0.1A"""
1739436918.1770613,513,b'\xf7\xff\xaf\x00Z\xff\x00\x00',"""Ia=-0.9A, Ib=17.5A, Ic=-16.6A"""
1739436918.1770613,514,b's\x08\xbc\x08\x7f\x08\xfa\x00',"""Va=216.3V, Vb=223.6V, Vc=217.5V, T=25.0\u00b0C"""
1739436918.1770613,515,b'\x00\x00\x00\x00\t\x00\x01\x00',"""Speed=0rpm, Target=0rpm, Torque=0.9A"""
1739436918.1875844,513,b'\xf9\xff\xac\x00]\xff\x00\x00',"""Ia=-0.7A, Ib=17.2A, Ic=-16.3A"""
1739436918.1875844,514,b'\xc4\x08q\x08w\x08\xfa\x00',"""Va=224.4V, Vb=216.1V, Vc=216.7V, T=25.0\u00b0C"""
1739436918.1875844,515,b'\x00\x00\x00\x00\x07\x00\x01\x00',"""Speed=0rpm, Target=0rpm, Torque=0.7A"""
1739436918.198183,513,b'\xf8\xff\xa3\x00T\xff\x00\x00',"""Ia=-0.8A, Ib=16.3A, Ic=-17.2A"""
1739436918.198183,514,b'\xbb\x08|\x08\x87\x08\xfa\x00',"""Va=223.5V, Vb=217.2V, Vc=218.3V, T=25.0\u00b0C"""
1739436918.198183,515,b'\x00\x00\x00\x00\x08\x00\x01\x00',"""Speed=0rpm, Target=0rpm, Torque=0.8A"""
1739436918.208826,513,b'\xf7\xff\xb3\x00Q\xff\x00\x00',"""Ia=-0.9A, Ib=17.9A, Ic=-17.5A"""
1739436918.208826,514,b'\xa4\x08\xb2\x08\x86\x08\xfa\x00',"""Va=221.2V, Vb=222.6V, Vc=218.2V, T=25.0\u00b0C"""
1739436918.208826,515,b'\x00\x00\x00\x00\t\x00\x01\x00',"""Speed=0rpm, Target=0rpm, Torque=0.9A"""
1739436918.2191463,513,b'\x07\x00\xb0\x00]\xff\x00\x00',"""Ia=0.7A, Ib=17.6A, Ic=-16.3A"""
1739436918.2191463,514,b'\xb2\x08\x86\x08}\x08\xfa\x00',"""Va=222.6V, Vb=218.2V, Vc=217.3V, T=25.0\u00b0C"""
1739436918.2191463,515,b'\x00\x00\x00\x00\x07\x00\x01\x00',"""Speed=0rpm, Target=0rpm, Torque=0.7A"""
1739436918.2297719,513,b'\xf7\xff\xb1\x00V\xff\x00\x00',"""Ia=-0.9A, Ib=17.7A, Ic=-17.0A"""
1739436918.2297719,514,b'\x97\x08\xa1\x08\x88\x08\xfa\x00',"""Va=219.9V, Vb=220.9V, Vc=218.4V, T=25.0\u00b0C"""
1739436918.2297719,515,b'\x00\x00\x00\x00\t\x00\x01\x00',"""Speed=0rpm, Target=0rpm, Torque=0.9A"""
1739436918.2401156,513,b'\xf8\xff\xae\x00L\xff\x00\x00',"""Ia=-0.8A, Ib=17.4A, Ic=-18.0A"""
1739436918.2401156,514,b'\xae\x08h\x08\xb6\x08\xfa\x00',"""Va=222.2V, Vb=215.2V, Vc=223.0V, T=25.0\u00b0C"""
1739436918.2401156,515,b'\x00\x00\x00\x00\x08\x00\x01\x00',"""Speed=0rpm, Target=0rpm, Torque=0.8A"""
1739436918.2503138,513,b'\x01\x00\xab\x00]\xff\x00\x00',"""Ia=0.1A, Ib=17.1A, Ic=-16.3A"""
1739436918.2503138,514,b'y\x08\xb1\x08\xba\x08\xfa\x00',"""Va=216.9V, Vb=222.5V, Vc=223.4V, T=25.0\u00b0C"""
1739436918.2503138,515,b'\x00\x00\x00\x00\x01\x00\x01\x00',"""Speed=0rpm, Target=0rpm, Torque=0.1A"""
1739436918.260448,513,b'\x05\x00\xae\x00W\xff\x00\x00',"""Ia=0.5A, Ib=17.4A, Ic=-16.9A"""
1739436918.260448,514,b'\x88\x08\xb1\x08\xc0\x08\xfa\x00',"""Va=218.4V, Vb=222.5V, Vc=224.0V, T=25.0\u00b0C"""
1739436918.260448,515,b'\x00\x00\x00\x00\x05\x00\x01\x00',"""Speed=0rpm, Target=0rpm, Torque=0.5A"""
1739436918.2705789,513,b'\x03\x00\xa4\x00Z\xff\x00\x00',"""Ia=0.3A, Ib=16.4A, Ic=-16.6A"""
1739436918.2705789,514,b'\x9a\x08\xb5\x08f\x08\xfa\x00',"""Va=220.2V, Vb=222.9V, Vc=215.0V, T=25.0\u00b0C"""
1739436918.2705789,515,b'\x00\x00\x00\x00\x03\x00\x01\x00',"""Speed=0rpm, Target=0rpm, Torque=0.3A"""
1739436918.280999,513,b'\x07\x00\xb2\x00M\xff\x00\x00',"""Ia=0.7A, Ib=17.8A, Ic=-17.9A"""
1739436918.280999,514,b'\x97\x08\x98\x08\xad\x08\xfa\x00',"""Va=219.9V, Vb=220.0V, Vc=222.1V, T=25.0\u00b0C"""
1739436918.280999,515,b'\x00\x00\x00\x00\x07\x00\x01\x00',"""Speed=0rpm, Target=0rpm, Torque=0.7A"""
1739436918.291924,513,b'\x04\x00\xb0\x00J\xff\x00\x00',"""Ia=0.4A, Ib=17.6A, Ic=-18.2A"""
1739436918.291924,514,b'\xae\x08\xbb\x08\xc1\x08\xfa\x00',"""Va=222.2V, Vb=223.5V, Vc=224.1V, T=25.0\u00b0C"""
1739436918.291924,515,b'\x00\x00\x00\x00\x04\x00\x01\x00',"""Speed=0rpm, Target=0rpm, Torque=0.4A"""
1739436918.3020725,513,b'\t\x00\xb2\x00X\xff\x00\x00',"""Ia=0.9A, Ib=17.8A, Ic=-16.8A"""
1739436918.302125,514,b'\xbf\x08\x8f\x08\xb5\x08\xfa\x00',"""Va=223.9V, Vb=219.1V, Vc=222.9V, T=25.0\u00b0C"""
1739436918.302125,515,b'\x00\x00\x00\x00\t\x00\x01\x00',"""Speed=0rpm, Target=0rpm, Torque=0.9A"""
1739436918.3129475,513,b'\x00\x00\xad\x00M\xff\x00\x00',"""Ia=0.0A, Ib=17.3A, Ic=-17.9A"""
1739436918.3129475,514,b'\xc7\x08\xa8\x08\xa6\x08\xfa\x00',"""Va=224.7V, Vb=221.6V, Vc=221.4V, T=25.0\u00b0C"""
1739436918.3129475,515,b'\x00\x00\x00\x00\x00\x00\x01\x00',"""Speed=0rpm, Target=0rpm, Torque=0.0A"""
1739436918.3233936,513,b'\xfc\xff\xad\x00O\xff\x00\x00',"""Ia=-0.4A, Ib=17.3A, Ic=-17.7A"""
1739436918.3233936,514,b'\x85\x08v\x08\xae\x08\xfa\x00',"""Va=218.1V, Vb=216.6V, Vc=222.2V, T=25.0\u00b0C"""
1739436918.3233936,515,b'\x00\x00\x00\x00\x04\x00\x01\x00',"""Speed=0rpm, Target=0rpm, Torque=0.4A"""
1739436918.334161,513,b'\xff\xff\xa6\x00X\xff\x00\x00',"""Ia=-0.1A, Ib=16.6A, Ic=-16.8A"""
1739436918.334161,514,b'\x7f\x08n\x08\xa2\x08\xfa\x00',"""Va=217.5V, Vb=215.8V, Vc=221.0V, T=25.0\u00b0C"""
1739436918.334161,515,b'\x00\x00\x00\x00\x01\x00\x01\x00',"""Speed=0rpm, Target=0rpm, Torque=0.1A"""
1739436918.3452513,513,b'\x00\x00\xb3\x00[\xff\x00\x00',"""Ia=0.0A, Ib=17.9A, Ic=-16.5A"""
1739436918.3452513,514,b'\x83\x08m\x08\x87\x08\xfa\x00',"""Va=217.9V, Vb=215.7V, Vc=218.3V, T=25.0\u00b0C"""
1739436918.3452513,515,b'\x00\x00\x00\x00\x00\x00\x01\x00',"""Speed=0rpm, Target=0rpm, Torque=0.0A"""
1739436918.35555,513,b'\xfd\xff\xa9\x00\\\xff\x00\x00',"""Ia=-0.3A, Ib=16.9A, Ic=-16.4A"""
1739436918.35555,514,b'\x8e\x08\x98\x08\xa5\x08\xfa\x00',"""Va=219.0V, Vb=220.0V, Vc=221.3V, T=25.0\u00b0C"""
1739436918.35555,515,b'\x00\x00\x00\x00\x03\x00\x01\x00',"""Speed=0rpm, Target=0rpm, Torque=0.3A"""
1739436918.3657966,513,b'\x05\x00\xa8\x00[\xff\x00\x00',"""Ia=0.5A, Ib=16.8A, Ic=-16.5A"""
1739436918.3657966,514,b'\xaf\x08u\x08\x88\x08\xfa\x00',"""Va=222.3V, Vb=216.5V, Vc=218.4V, T=25.0\u00b0C"""
1739436918.3657966,515,b'\x00\x00\x00\x00\x05\x00\x01\x00',"""Speed=0rpm, Target=0rpm, Torque=0.5A"""
1739436918.376263,513,b'\x01\x00\xa3\x00T\xff\x00\x00',"""Ia=0.1A, Ib=16.3A, Ic=-17.2A"""
1739436918.376263,514,b'\x88\x08\xbe\x08\x8e\x08\xfa\x00',"""Va=218.4V, Vb=223.8V, Vc=219.0V, T=25.0\u00b0C"""
1739436918.3763075,515,b'\x00\x00\x00\x00\x01\x00\x01\x00',"""Speed=0rpm, Target=0rpm, Torque=0.1A"""
1739436918.3868604,513,b'\xfe\xff\xa9\x00P\xff\x00\x00',"""Ia=-0.2A, Ib=16.9A, Ic=-17.6A"""
1739436918.3868604,514,b'\xa5\x08n\x08h\x08\xfa\x00',"""Va=221.3V, Vb=215.8V, Vc=215.2V, T=25.0\u00b0C"""
1739436918.3868604,515,b'\x00\x00\x00\x00\x02\x00\x01\x00',"""Speed=0rpm, Target=0rpm, Torque=0.2A"""
1739436918.3969426,513,b'\x01\x00\xa8\x00[\xff\x00\x00',"""Ia=0.1A, Ib=16.8A, Ic=-16.5A"""
1739436918.3969426,514,b'\x86\x08\xa0\x08\x8f\x08\xfa\x00',"""Va=218.2V, Vb=220.8V, Vc=219.1V, T=25.0\u00b0C"""
1739436918.3969426,515,b'\x00\x00\x00\x00\x01\x00\x01\x00',"""Speed=0rpm, Target=0rpm, Torque=0.1A"""
1739436918.4073462,513,b'\xfa\xff\xa6\x00Q\xff\x00\x00',"""Ia=-0.6A, Ib=16.6A, Ic=-17.5A"""
1739436918.4073462,514,b'\xa1\x08\x87\x08\x9a\x08\xfa\x00',"""Va=220.9V, Vb=218.3V, Vc=220.2V, T=25.0\u00b0C"""
1739436918.4073462,515,b'\x00\x00\x00\x00\x06\x00\x01\x00',"""Speed=0rpm, Target=0rpm, Torque=0.6A"""
1739436918.4180765,513,b'\x00\x00\xa8\x00L\xff\x00\x00',"""Ia=0.0A, Ib=16.8A, Ic=-18.0A"""
1739436918.4180765,514,b'\xc8\x08\x80\x08\x9d\x08\xfa\x00',"""Va=224.8V, Vb=217.6V, Vc=220.5V, T=25.0\u00b0C"""
1739436918.4180765,515,b'\x00\x00\x00\x00\x00\x00\x01\x00',"""Speed=0rpm, Target=0rpm, Torque=0.0A"""
1739436918.4285946,513,b'\x00\x00\xaa\x00L\xff\x00\x00',"""Ia=0.0A, Ib=17.0A, Ic=-18.0A"""
1739436918.4285946,514,b'\x89\x08k\x08\xab\x08\xfa\x00',"""Va=218.5V, Vb=215.5V, Vc=221.9V, T=25.0\u00b0C"""
1739436918.4285946,515,b'\x00\x00\x00\x00\x00\x00\x01\x00',"""Speed=0rpm, Target=0rpm, Torque=0.0A"""
1739436918.4389122,513,b'\xfa\xff\xb4\x00K\xff\x00\x00',"""Ia=-0.6A, Ib=18.0A, Ic=-18.1A"""
1739436918.4389122,514,b'\xa3\x08\x89\x08\xaa\x08\xfa\x00',"""Va=221.1V, Vb=218.5V, Vc=221.8V, T=25.0\u00b0C"""
1739436918.4389122,515,b'\x00\x00\x00\x00\x06\x00\x01\x00',"""Speed=0rpm, Target=0rpm, Torque=0.6A"""
1739436918.4498713,513,b'\x03\x00\xac\x00]\xff\x00\x00',"""Ia=0.3A, Ib=17.2A, Ic=-16.3A"""
1739436918.4498713,514,b'\x9b\x08\x98\x08\x92\x08\xfa\x00',"""Va=220.3V, Vb=220.0V, Vc=219.4V, T=25.0\u00b0C"""
1739436918.4498713,515,b'\x00\x00\x00\x00\x03\x00\x01\x00',"""Speed=0rpm, Target=0rpm, Torque=0.3A"""
1739436918.4605074,513,b'\xfc\xff\xb2\x00P\xff\x00\x00',"""Ia=-0.4A, Ib=17.8A, Ic=-17.6A"""
1739436918.4605074,514,b'h\x08r\x08\xa1\x08\xfa\x00',"""Va=215.2V, Vb=216.2V, Vc=220.9V, T=25.0\u00b0C"""
1739436918.4605074,515,b'\x00\x00\x00\x00\x04\x00\x01\x00',"""Speed=0rpm, Target=0rpm, Torque=0.4A"""
1739436918.4706514,513,b'\xfb\xff\xb0\x00M\xff\x00\x00',"""Ia=-0.5A, Ib=17.6A, Ic=-17.9A"""
1739436918.4706514,514,b'\x80\x08\x82\x08\x8d\x08\xfa\x00',"""Va=217.6V, Vb=217.8V, Vc=218.9V, T=25.0\u00b0C"""
1739436918.4706514,515,b'\x00\x00\x00\x00\x05\x00\x01\x00',"""Speed=0rpm, Target=0rpm, Torque=0.5A"""
1739436918.4815593,513,b'\xfa\xff\xb5\x00O\xff\x00\x00',"""Ia=-0.6A, Ib=18.1A, Ic=-17.7A"""
1739436918.4815593,514,b'j\x08y\x08\xc1\x08\xfa\x00',"""Va=215.4V, Vb=216.9V, Vc=224.1V, T=25.0\u00b0C"""
1739436918.4815593,515,b'\x00\x00\x00\x00\x06\x00\x01\x00',"""Speed=0rpm, Target=0rpm, Torque=0.6A"""
1739436918.491876,513,b'\xfb\xff\xaf\x00T\xff\x00\x00',"""Ia=-0.5A, Ib=17.5A, Ic=-17.2A"""
1739436918.491876,514,b'\xc2\x08\x84\x08r\x08\xfa\x00',"""Va=224.2V, Vb=218.0V, Vc=216.2V, T=25.0\u00b0C"""
1739436918.491876,515,b'\x00\x00\x00\x00\x05\x00\x01\x00',"""Speed=0rpm, Target=0rpm, Torque=0.5A"""
1739436918.5020046,513,b'\x08\x00\xac\x00Q\xff\x00\x00',"""Ia=0.8A, Ib=17.2A, Ic=-17.5A"""
1739436918.5020046,514,b'\xba\x08\x81\x08\x8d\x08\xfa\x00',"""Va=223.4V, Vb=217.7V, Vc=218.9V, T=25.0\u00b0C"""
1739436918.5020046,515,b'\x00\x00\x00\x00\x08\x00\x01\x00',"""Speed=0rpm, Target=0rpm, Torque=0.8A"""
1739436918.5130222,513,b'\x03\x00\xb6\x00L\xff\x00\x00',"""Ia=0.3A, Ib=18.2A, Ic=-18.0A"""
1739436918.5130222,514,b'u\x08\xba\x08n\x08\xfa\x00',"""Va=216.5V, Vb=223.4V, Vc=215.8V, T=25.0\u00b0C"""
1739436918.5130222,515,b'\x00\x00\x00\x00\x03\x00\x01\x00',"""Speed=0rpm, Target=0rpm, Torque=0.3A"""
1739436918.5235648,513,b'\xfa\xff\xb0\x00V\xff\x00\x00',"""Ia=-0.6A, Ib=17.6A, Ic=-17.0A"""
1739436918.5235648,514,b'u\x08\xb3\x08|\x08\xfa\x00',"""Va=216.5V, Vb=222.7V, Vc=217.2V, T=25.0\u00b0C"""
1739436918.5235648,515,b'\x00\x00\x00\x00\x06\x00\x01\x00',"""Speed=0rpm, Target=0rpm, Torque=0.6A"""
1739436918.5345194,513,b'\xfe\xff\xaf\x00P\xff\x00\x00',"""Ia=-0.2A, Ib=17.5A, Ic=-17.6A"""
1739436918.5345194,514,b'\x88\x08f\x08g\x08\xfa\x00',"""Va=218.4V, Vb=215.0V, Vc=215.1V, T=25.0\u00b0C"""
1739436918.5345194,515,b'\x00\x00\x00\x00\x02\x00\x01\x00',"""Speed=0rpm, Target=0rpm, Torque=0.2A"""
1739436918.544911,513,b'\xf7\xff\xad\x00\\\xff\x00\x00',"""Ia=-0.9A, Ib=17.3A, Ic=-16.4A"""
1739436918.544911,514,b'\xb0\x08\xa1\x08\xaa\x08\xfa\x00',"""Va=222.4V, Vb=220.9V, Vc=221.8V, T=25.0\u00b0C"""
1739436918.544911,515,b'\x00\x00\x00\x00\t\x00\x01\x00',"""Speed=0rpm, Target=0rpm, Torque=0.9A"""
1739436918.5550213,513,b'\x00\x00\xa3\x00J\xff\x00\x00',"""Ia=0.0A, Ib=16.3A, Ic=-18.2A"""
1739436918.5550213,514,b'y\x08\x90\x08\xaa\x08\xfa\x00',"""Va=216.9V, Vb=219.2V, Vc=221.8V, T=25.0\u00b0C"""
1739436918.5550213,515,b'\x00\x00\x00\x00\x00\x00\x01\x00',"""Speed=0rpm, Target=0rpm, Torque=0.0A"""
1739436918.5652015,513,b'\x00\x00\xad\x00P\xff\x00\x00',"""Ia=0.0A, Ib=17.3A, Ic=-17.6A"""
1739436918.5652015,514,b'~\x08z\x08\x9a\x08\xfa\x00',"""Va=217.4V, Vb=217.0V, Vc=220.2V, T=25.0\u00b0C"""
1739436918.5652015,515,b'\x00\x00\x00\x00\x00\x00\x01\x00',"""Speed=0rpm, Target=0rpm, Torque=0.0A"""
1739436918.5754623,513,b'\x06\x00\xb4\x00N\xff\x00\x00',"""Ia=0.6A, Ib=18.0A, Ic=-17.8A"""
1739436918.5754623,514,b'\x93\x08\x7f\x08\xbb\x08\xfa\x00',"""Va=219.5V, Vb=217.5V, Vc=223.5V, T=25.0\u00b0C"""
1739436918.5754623,515,b'\x00\x00\x00\x00\x06\x00\x01\x00',"""Speed=0rpm, Target=0rpm, Torque=0.6A"""
1739436918.586153,513,b'\xff\xff\xad\x00M\xff\x00\x00',"""Ia=-0.1A, Ib=17.3A, Ic=-17.9A"""
1739436918.586153,514,b'\xc5\x08h\x08z\x08\xfa\x00',"""Va=224.5V, Vb=215.2V, Vc=217.0V, T=25.0\u00b0C"""
1739436918.586153,515,b'\x00\x00\x00\x00\x01\x00\x01\x00',"""Speed=0rpm, Target=0rpm, Torque=0.1A"""
1739436918.597209,513,b'\xf9\xff\xa4\x00Y\xff\x00\x00',"""Ia=-0.7A, Ib=16.4A, Ic=-16.7A"""
1739436918.597209,514,b'\x84\x08\x99\x08v\x08\xfa\x00',"""Va=218.0V, Vb=220.1V, Vc=216.6V, T=25.0\u00b0C"""
1739436918.597209,515,b'\x00\x00\x00\x00\x07\x00\x01\x00',"""Speed=0rpm, Target=0rpm, Torque=0.7A"""
1739436918.6079574,513,b'\x06\x00\xb3\x00O\xff\x00\x00',"""Ia=0.6A, Ib=17.9A, Ic=-17.7A"""
1739436918.6079574,514,b'\x90\x08\xa0\x08w\x08\xfa\x00',"""Va=219.2V, Vb=220.8V, Vc=216.7V, T=25.0\u00b0C"""
1739436918.6079574,515,b'\x00\x00\x00\x00\x06\x00\x01\x00',"""Speed=0rpm, Target=0rpm, Torque=0.6A"""
1739436918.6180952,513,b'\xfb\xff\xb4\x00R\xff\x00\x00',"""Ia=-0.5A, Ib=18.0A, Ic=-17.4A"""
1739436918.6180952,514,b'\xa7\x08o\x08\xb9\x08\xfa\x00',"""Va=221.5V, Vb=215.9V, Vc=223.3V, T=25.0\u00b0C"""
1739436918.6180952,515,b'\x00\x00\x00\x00\x05\x00\x01\x00',"""Speed=0rpm, Target=0rpm, Torque=0.5A"""
1739436918.6289482,513,b'\xfd\xff\xa7\x00I\xff\x00\x00',"""Ia=-0.3A, Ib=16.7A, Ic=-18.3A"""
1739436918.6289482,514,b'\xab\x08\xc4\x08w\x08\xfa\x00',"""Va=221.9V, Vb=224.4V, Vc=216.7V, T=25.0\u00b0C"""
1739436918.6289482,515,b'\x00\x00\x00\x00\x03\x00\x01\x00',"""Speed=0rpm, Target=0rpm, Torque=0.3A"""
1739436918.6390462,513,b'\xfe\xff\xad\x00X\xff\x00\x00',"""Ia=-0.2A, Ib=17.3A, Ic=-16.8A"""
1739436918.6390462,514,b'\xa4\x08\x95\x08\xa1\x08\xfa\x00',"""Va=221.2V, Vb=219.7V, Vc=220.9V, T=25.0\u00b0C"""
1739436918.6390462,515,b'\x00\x00\x00\x00\x02\x00\x01\x00',"""Speed=0rpm, Target=0rpm, Torque=0.2A"""
1739436918.6491923,513,b'\x06\x00\xa9\x00W\xff\x00\x00',"""Ia=0.6A, Ib=16.9A, Ic=-16.9A"""
1739436918.6491923,514,b'\xb0\x08\xc6\x08x\x08\xfa\x00',"""Va=222.4V, Vb=224.6V, Vc=216.8V, T=25.0\u00b0C"""
1739436918.6491923,515,b'\x00\x00\x00\x00\x06\x00\x01\x00',"""Speed=0rpm, Target=0rpm, Torque=0.6A"""
1739436918.6596575,513,b'\xfa\xff\xa6\x00S\xff\x00\x00',"""Ia=-0.6A, Ib=16.6A, Ic=-17.3A"""
1739436918.6596575,514,b'\xab\x08\xb3\x08\xa8\x08\xfa\x00',"""Va=221.9V, Vb=222.7V, Vc=221.6V, T=25.0\u00b0C"""
1739436918.6596575,515,b'\x00\x00\x00\x00\x06\x00\x01\x00',"""Speed=0rpm, Target=0rpm, Torque=0.6A"""
1739436918.6698802,513,b'\x06\x00\xa8\x00[\xff\x00\x00',"""Ia=0.6A, Ib=16.8A, Ic=-16.5A"""
1739436918.6698802,514,b'u\x08\xc2\x08\x91\x08\xfa\x00',"""Va=216.5V, Vb=224.2V, Vc=219.3V, T=25.0\u00b0C"""
1739436918.6698802,515,b'\x00\x00\x00\x00\x06\x00\x01\x00',"""Speed=0rpm, Target=0rpm, Torque=0.6A"""
1739436918.680024,513,b'\x03\x00\xb0\x00S\xff\x00\x00',"""Ia=0.3A, Ib=17.6A, Ic=-17.3A"""
1739436918.680024,514,b'\xa6\x08\x8b\x08l\x08\xfa\x00',"""Va=221.4V, Vb=218.7V, Vc=215.6V, T=25.0\u00b0C"""
1739436918.680024,515,b'\x00\x00\x00\x00\x03\x00\x01\x00',"""Speed=0rpm, Target=0rpm, Torque=0.3A"""
1739436918.690151,513,b'\x00\x00\xa4\x00R\xff\x00\x00',"""Ia=0.0A, Ib=16.4A, Ic=-17.4A"""
1739436918.690151,514,b'x\x08\x97\x08\xb5\x08\xfa\x00',"""Va=216.8V, Vb=219.9V, Vc=222.9V, T=25.0\u00b0C"""
1739436918.690151,515,b'\x00\x00\x00\x00\x00\x00\x01\x00',"""Speed=0rpm, Target=0rpm, Torque=0.0A"""
1739436918.7012444,513,b'\x06\x00\xa3\x00V\xff\x00\x00',"""Ia=0.6A, Ib=16.3A, Ic=-17.0A"""
1739436918.7012444,514,b'\x89\x08\xa8\x08\x9f\x08\xfa\x00',"""Va=218.5V, Vb=221.6V, Vc=220.7V, T=25.0\u00b0C"""
1739436918.7012444,515,b'\x00\x00\x00\x00\x06\x00\x01\x00',"""Speed=0rpm, Target=0rpm, Torque=0.6A"""
1739436918.7116072,513,b'\xfe\xff\xb5\x00J\xff\x00\x00',"""Ia=-0.2A, Ib=18.1A, Ic=-18.2A"""
1739436918.7116072,514,b'\xa2\x08\x98\x08}\x08\xfa\x00',"""Va=221.0V, Vb=220.0V, Vc=217.3V, T=25.0\u00b0C"""
1739436918.7116072,515,b'\x00\x00\x00\x00\x02\x00\x01\x00',"""Speed=0rpm, Target=0rpm, Torque=0.2A"""
1739436918.7219126,513,b'\xfc\xff\xb5\x00M\xff\x00\x00',"""Ia=-0.4A, Ib=18.1A, Ic=-17.9A"""
1739436918.7219126,514,b'p\x08\x97\x08\xb8\x08\xfa\x00',"""Va=216.0V, Vb=219.9V, Vc=223.2V, T=25.0\u00b0C"""
1739436918.7219126,515,b'\x00\x00\x00\x00\x04\x00\x01\x00',"""Speed=0rpm, Target=0rpm, Torque=0.4A"""
1739436918.7320738,513,b'\xfb\xff\xa4\x00S\xff\x00\x00',"""Ia=-0.5A, Ib=16.4A, Ic=-17.3A"""
1739436918.7320738,514,b'\x91\x08v\x08\x85\x08\xfa\x00',"""Va=219.3V, Vb=216.6V, Vc=218.1V, T=25.0\u00b0C"""
1739436918.7320738,515,b'\x00\x00\x00\x00\x05\x00\x01\x00',"""Speed=0rpm, Target=0rpm, Torque=0.5A"""
1739436918.742188,513,b'\xff\xff\xb6\x00]\xff\x00\x00',"""Ia=-0.1A, Ib=18.2A, Ic=-16.3A"""
1739436918.742188,514,b'h\x08\xa5\x08o\x08\xfa\x00',"""Va=215.2V, Vb=221.3V, Vc=215.9V, T=25.0\u00b0C"""
1739436918.742188,515,b'\x00\x00\x00\x00\x01\x00\x01\x00',"""Speed=0rpm, Target=0rpm, Torque=0.1A"""
1739436918.7523134,513,b'\x04\x00\xa7\x00W\xff\x00\x00',"""Ia=0.4A, Ib=16.7A, Ic=-16.9A"""
1739436918.7523134,514,b'm\x08\x96\x08t\x08\xfa\x00',"""Va=215.7V, Vb=219.8V, Vc=216.4V, T=25.0\u00b0C"""
1739436918.7523134,515,b'\x00\x00\x00\x00\x04\x00\x01\x00',"""Speed=0rpm, Target=0rpm, Torque=0.4A"""
1739436918.7627344,513,b'\x01\x00\xad\x00Y\xff\x00\x00',"""Ia=0.1A, Ib=17.3A, Ic=-16.7A"""
1739436918.7627344,514,b'\x8f\x08t\x08\xaf\x08\xfa\x00',"""Va=219.1V, Vb=216.4V, Vc=222.3V, T=25.0\u00b0C"""
1739436918.7627344,515,b'\x00\x00\x00\x00\x01\x00\x01\x00',"""Speed=0rpm, Target=0rpm, Torque=0.1A"""
1739436918.7737694,513,b'\x03\x00\xa7\x00K\xff\x00\x00',"""Ia=0.3A, Ib=16.7A, Ic=-18.1A"""
1739436918.7737694,514,b'k\x08l\x08s\x08\xfa\x00',"""Va=215.5V, Vb=215.6V, Vc=216.3V, T=25.0\u00b0C"""
1739436918.7737694,515,b'\x00\x00\x00\x00\x03\x00\x01\x00',"""Speed=0rpm, Target=0rpm, Torque=0.3A"""
1739436918.783981,513,b'\x04\x00\xb0\x00N\xff\x00\x00',"""Ia=0.4A, Ib=17.6A, Ic=-17.8A"""
1739436918.783981,514,b'\xb7\x08\x82\x08\xa9\x08\xfa\x00',"""Va=223.1V, Vb=217.8V, Vc=221.7V, T=25.0\u00b0C"""
1739436918.783981,515,b'\x00\x00\x00\x00\x04\x00\x01\x00',"""Speed=0rpm, Target=0rpm, Torque=0.4A"""
1739436918.7943718,513,b'\xfb\xff\xae\x00\\\xff\x00\x00',"""Ia=-0.5A, Ib=17.4A, Ic=-16.4A"""
1739436918.7943718,514,b'h\x08\x8f\x08\xc9\x08\xfa\x00',"""Va=215.2V, Vb=219.1V, Vc=224.9V, T=25.0\u00b0C"""
1739436918.7943718,515,b'\x00\x00\x00\x00\x05\x00\x01\x00',"""Speed=0rpm, Target=0rpm, Torque=0.5A"""
1739436918.805003,513,b'\xff\xff\xa6\x00N\xff\x00\x00',"""Ia=-0.1A, Ib=16.6A, Ic=-17.8A"""
1739436918.805003,514,b'\x96\x08\xc6\x08o\x08\xfa\x00',"""Va=219.8V, Vb=224.6V, Vc=215.9V, T=25.0\u00b0C"""
1739436918.805003,515,b'\x00\x00\x00\x00\x01\x00\x01\x00',"""Speed=0rpm, Target=0rpm, Torque=0.1A"""
1739436918.815602,513,b'\x01\x00\xab\x00K\xff\x00\x00',"""Ia=0.1A, Ib=17.1A, Ic=-18.1A"""
1739436918.815602,514,b'\x95\x08\x96\x08\x8c\x08\xfa\x00',"""Va=219.7V, Vb=219.8V, Vc=218.8V, T=25.0\u00b0C"""
1739436918.815602,515,b'\x00\x00\x00\x00\x01\x00\x01\x00',"""Speed=0rpm, Target=0rpm, Torque=0.1A"""
1739436918.8258321,513,b'\xf7\xff\xa3\x00Z\xff\x00\x00',"""Ia=-0.9A, Ib=16.3A, Ic=-16.6A"""
1739436918.8258321,515,b'\x00\x00\x00\x00\t\x00\x01\x00',"""Speed=0rpm, Target=0rpm, Torque=0.9A"""
1739436918.8365517,513,b'\x00\x00\xa7\x00K\xff\x00\x00',"""Ia=0.0A, Ib=16.7A, Ic=-18.1A"""
1739436918.8365517,514,b'}\x08\xa4\x08\x9f\x08\xfa\x00',"""Va=217.3V, Vb=221.2V, Vc=220.7V, T=25.0\u00b0C"""
1739436918.8365517,515,b'\x00\x00\x00\x00\x00\x00\x01\x00',"""Speed=0rpm, Target=0rpm, Torque=0.0A"""
1739436918.847413,513,b'\x00\x00\xab\x00]\xff\x00\x00',"""Ia=0.0A, Ib=17.1A, Ic=-16.3A"""
1739436918.847413,514,b'\x8f\x08\x8d\x08\xc2\x08\xfa\x00',"""Va=219.1V, Vb=218.9V, Vc=224.2V, T=25.0\u00b0C"""
1739436918.847413,515,b'\x00\x00\x00\x00\x00\x00\x01\x00',"""Speed=0rpm, Target=0rpm, Torque=0.0A"""
1739436918.8583326,513,b'\xf9\xff\xa4\x00W\xff\x00\x00',"""Ia=-0.7A, Ib=16.4A, Ic=-16.9A"""
1739436918.8258321,514,b'\x9f\x08\xb3\x08\x9d\x08\xfa\x00',"""Va=220.7V, Vb=222.7V, Vc=220.5V, T=25.0\u00b0C"""
