:020000040800F2
:10000000A00F00208901000857430008513700085D
:10001000E142000895050008695200080000000050
:100020000000000000000000000000007F48000801
:10003000470600080000000081440008154A000837
:10004000A3010008A3010008A3010008A301000800
:10005000A3010008A3010008A3010008A3010008F0
:10006000A3010008A3010008A3010008A3010008E0
:10007000A3010008A3010008A3010008A3010008D0
:10008000A3010008A301000849040008A301000817
:10009000A3010008A3010008A3010008A3010008B0
:1000A000A3010008DD4A0008A3010008A30100081D
:1000B000F54A0008054B0008A3010008A301000849
:1000C000A3010008A3010008A3010008A301000880
:1000D000A301000859520008A3010008A301000869
:1000E000A3010008A3010008A301000800F002F822
:1000F00000F03AF80AA090E8000C82448344AAF188
:100100000107DA4501D100F02FF8AFF2090EBAE885
:100110000F0013F0010F18BFFB1A43F0010318473B
:10012000F097000010980000103A24BF78C878C1FA
:10013000FAD8520724BF30C830C144BF04680C60ED
:10014000704700000023002400250026103A28BF35
:1001500078C1FBD8520728BF30C148BF0B60704739
:100160001FB51FBD10B510BD00F038F91146FFF7DF
:10017000F7FF05F0FBF900F056F903B4FFF7F2FFC3
:1001800003BC00F059F900000948804709480047BE
:10019000FEE7FEE7FEE7FEE7FEE7FEE7FEE7FEE737
:1001A000FEE7FEE704480549054A064B7047000094
:1001B000C54A0008ED000008A0090020A00F00209B
:1001C000A00B0020A00B002010B54C1084EA5304B3
:1001D00004D54042C1F1000138BF491E1B4204D57D
:1001E0005242C3F1000338BF5B1E00F06DF814F0FB
:1001F000804F04D04042C1F1000138BF491E14F0C5
:10020000004F04D05242C3F1000338BF5B1E10BD43
:1002100010B5203AC0F00B80B1E81850203AA0E8A1
:100220001850B1E81850A0E81850BFF4F5AF5FEAD5
:10023000027C24BFB1E81850A0E8185044BF18C988
:1002400018C0BDE810405FEA827C24BF51F8043B2F
:1002500040F8043B08BF7047D20728BF31F8023B83
:1002600048BF11F8012B28BF20F8023B48BF00F817
:10027000012B70474FF0000200B513469446964696
:10028000203922BFA0E80C50A0E80C50B1F12001A9
:10029000BFF4F7AF090728BFA0E80C5048BF0CC057
:1002A0005DF804EB890028BF40F8042B08BF7047B5
:1002B00048BF20F8022B11F0804F18BF00F8012B27
:1002C000704770477047704753EA020C00F069802E
:1002D0002DE9F04B4FF00006002B1FBFB3FA83F55A
:1002E00003FA05F424FA05F65E4012BF1643B2FA8B
:1002F00082F502FA05F4C5F120051EBF22FA05FCBD
:1003000044EA0C04203556EA044C4FEA144418BF62
:10031000641C4FF000084FF00009904271EB030C91
:1003200039D3002919BFB1FA81F701FA07F6B0FAFB
:1003300080F700FA07F6C7F120071EBF20FA07FC76
:1003400046EA0C062037B6FBF4FCA7EB0507103F86
:1003500007F01F0BCBF120060CFA0BFB2CFA06F66C
:1003600044BFB3460026202FA4BF5E464FF0000BCB
:100370005BEA060C08BF4FF0010B19EB0B09ABFB56
:10038000027C48EB0608C01B06FB02CC0BFB03CC2F
:1003900071EB0C01C1E70B46024641464846BDE8F9
:1003A000F08B13B54FF000004FF00001AFF3008069
:1003B000BDE81C40704710B500F008F8006810BD9B
:1003C00010B5044600F002F8046010BD0048704704
:1003D0004009002000487047400900207546FFF79B
:1003E000F9FFAE4605006946534620F007008546F2
:1003F00018B020B5FFF7D6FEBDE820404FF000064C
:100400004FF000074FF000084FF0000B21F00701FC
:10041000AC46ACE8C009ACE8C009ACE8C009ACE83F
:10042000C0098D46704710B50446AFF300802046E2
:10043000BDE81040FFF7A1BE01491820ABBEFEE7A2
:10044000260002007047000010B50548006820F043
:100450000C000349086000F0B3FB00F0A5FB10BDE1
:100460000024014010B50E4800F008FC0D4800F0D3
:1004700005FC6FF004000A4909680860401008494B
:10048000096808606FF004000649096808604010B8
:10049000044909680860024800F0A6FD10BD00008C
:1004A000C4070020F407002070B50446002520682A
:1004B000806800F0010018B32068806820F0010017
:1004C0002168886001F04CF9054613E001F048F915
:1004D000401B02280ED92068806800F0010048B156
:1004E000A06A40F01000A062E06A40F00100E06203
:1004F000012070BD2068806800F001000028E5D16F
:100500000020F6E738B5044600250020009020685A
:10051000806800F0010078BB2068806840F001002E
:1005200021688860194800681949B0FBF1F0009013
:1005300002E00098401E009000980028F9D101F0D8
:100540000FF9054619E001F00BF9401B022814D9F8
:100550002068806800F0010078B9A06A40F01000BF
:10056000A062E06A40F00100E06200BF002084F871
:10057000240000BF012038BD05E02068806800F03D
:1005800001000028DFD00020F5E70000EC0000208B
:1005900040420F0000BFFEE7F0B5044615462C8030
:1005A000198004FB04F701FB01700246124FBA42A6
:1005B00020D9120E3D3AD7B2DFF840C03CF81760A0
:1005C00004FB06F007464FEAE07C00EB5C4C4FEA88
:1005D000EC3C0FFA8CFCA5F800C001FB06F00746C6
:1005E0004FEAE07C00EB5C4C4FEAEC3C0FFA8CFCF1
:1005F000A3F800C0F0BD00002196753D729600087A
:100600000148006870470000D800002002480068D8
:10061000401C014908607047D800002070B50446AE
:10062000002574B103F020FD064608F0AFFD206000
:10063000241D03F01FFD064608F0A8FD2060241DC0
:100640000225284670BD704730B5024602F50044C9
:10065000A1B20B46CD1701EB9565A91101F44073CA
:10066000BBB1B3F5807F1DD0B3F5007F03D0B3F5E8
:10067000407F1CD106E0CBB2C3F1FF030D4D35F92D
:10068000130015E0CBB20B4D35F813305B4218B2B6
:100690000EE0CBB2C3F1FF03064D35F813305B42D9
:1006A00018B205E0CBB2034D35F9130000E000BFEE
:1006B00000BF30BDF896000830B5024602F5004490
:1006C000A1B20B46CD1701EB9565A91101F440735A
:1006D000ABB1B3F5807F19D0B3F5007F03D0B3F58C
:1006E000407F1CD104E0CBB20E4D35F9130017E06A
:1006F000CBB2C3F1FF030B4D35F9130010E0CBB2C1
:10070000084D35F813305B4218B209E0CBB2C3F1A3
:10071000FF03044D35F813305B4218B200E000BF10
:1007200000BF30BDF89600082DE9FF4F14461D4666
:10073000DDE90D674FF4E15143F2B60ADDF80090B0
:1007400009FB0AF8DDF8049009FB01FC604608EBA0
:100750000C0909EBD97A4FEA6A03C8F1000A0AEBDF
:100760000C0909EBD97A4FEA6A02002B7EDA002ADB
:100770002DDA4FF00509A7F800908A464FEAE17B91
:1007800001EB9B7B4FEAAB0BC3F1000EAEEB020912
:100790004FEAE97E09EBDE3E0BEB6E4BA6F800B0AC
:1007A00099464FEAE37A03EB1A4AB6F800B00BEB2E
:1007B0002A4AA4F800A091464FEAE27A02EB1A4ACC
:1007C000B4F800B00BEB2A4AA5F800A0E2E000283C
:1007D0002BDA4FF00409A7F800908A464FEAE17B34
:1007E00001EB9B7B4FEAAB0BA2EB00094FEAE97EE2
:1007F00009EBDE3E0BEB6E4BA6F800B081464FEAEC
:10080000E07A00EB1A4AB6F800B00BEB2A4AA5F8DA
:1008100000A091464FEAE27A02EB1A4AB5F800B01E
:10082000ABEB2A4AA4F800A0B4E04FF00309A7F804
:1008300000908A464FEAE17B01EB9B7B4FEAAB0BD2
:10084000A0EB03094FEAE97E09EBDE3E0BEB6E4BB2
:10085000A5F800B081464FEAE07A00EB1A4AB5F8F5
:1008600000B0ABEB2A4AA6F800A000E00BE09946E6
:100870004FEAE37A03EB1A4AB6F800B00BEB2A4AC8
:10088000A4F800A086E0002A2BDD4FF00209A7F8AB
:1008900000908A464FEAE17B01EB9B7B4FEAAB0B72
:1008A00002EB03094FEAE97E09EBDE3E0BEB6E4BF0
:1008B000A5F800B091464FEAE27A02EB1A4AB5F881
:1008C00000B0ABEB2A4AA4F800A099464FEAE37ABD
:1008D00003EB1A4AB4F800B0ABEB2A4AA6F800A022
:1008E00058E000282BDA4FF00609A7F800908A4656
:1008F0004FEAE17B01EB9B7B4FEAAB0BA3EB0009DB
:100900004FEAE97E09EBDE3E0BEB6E4BA4F800B03C
:1009100099464FEAE37A03EB1A4AB4F800B0ABEB1E
:100920002A4AA6F800A081464FEAE07A00EB1A4A6C
:10093000B6F800B00BEB2A4AA5F800A02AE04FF069
:100940000109A7F800908A464FEAE17B01EB9B7B07
:100950004FEAAB0BA0EB02094FEAE97E09EBDE3E62
:100960000BEB6E4BA4F800B091464FEAE27A02EB33
:100970001A4AB4F800B00BEB2A4AA5F800A0814649
:100980004FEAE07A00EB1A4AB5F800B0ABEB2A4A1E
:10099000A6F800A0BDE8FF8F00B500F0C5F801463D
:1009A00000200A6850624860086100228A66CA66B0
:1009B00000BD00002DE9F047054600F0B5F80446FB
:1009C0002068D0F824900C4909FB01F74FF000088B
:1009D0004FF48032002338464146FFF7F5FB0646C8
:1009E00006EB860000B2A4F86200B4F8620028802A
:1009F0000120BDE8F0870000B98D06002DE9F05F09
:100A00000646894600F090F8044600F091F8216906
:100A10006068451AE06830B940F27121A068484327
:100A200005EB001505E040F27121A0684843A5EBF5
:100A300000156561284600F04EF8E0654FF4FA7144
:100A4000E06D00FB01FACAEB0A10800042F210715F
:100A500090FBF1F000B2A4F86000B4F860003080C0
:100A6000B5F57A7F22DA15F57A7F1FDDD4E91A20F1
:100A7000521940EBE570C4E91A204FF480324FF070
:100A80000000D4E91A13A1FB027B03FB02B201FBB5
:100A9000002842F21072034638464146FFF794FBA5
:100AA00007462767206FC9F8000000BF6068206113
:100AB0000120BDE8F09F00B500F036F802460021A5
:100AC00006E0002302F1180040F82130481CC1B2B2
:100AD0001029F6DB00BD70B5044600F025F801468C
:100AE00091F8586001F1180040F8264011F8580FAD
:100AF000401C087011F85809102802DB002081F80A
:100B000058000022002306E001F1180050F82300ED
:100B10000244581CC3B2102BF6DB1046D61702EB6A
:100B200016763511284670BD0048704740070020F2
:100B300000B5FFF7F9FF01460868406A4860086899
:100B4000026802F01002CA60C86848B90A694868B9
:100B5000904202D2012088600BE00020886008E00B
:100B60000A694868904202D90120886001E00020AB
:100B7000886000BD10B5FFF7D7FF044678212046F6
:100B8000FFF778FB4FF08040206000212068416231
:100B900000BF2068016841F00101016000BF10BD85
:100BA00072B600BFFEE7000010B5044803F073FE04
:100BB00006F00CFD03F0C8FE10BD0000120000207E
:100BC0004FF48051244A126A8A43234B1A6200BFB1
:100BD000224909684FF6FF7202EA0111204A11808A
:100BE000204909684FF6FF7202EA01111E4A11807E
:100BF0001E4909681A4A1288881A10F5004F04DC49
:100C000048F201011A4A11800AE0B0F5004F04DBF6
:100C100047F6FF71164A118002E001B2144A1180B2
:100C200014490968104A1288881A10F5004F04DC2C
:100C300048F201010E4A51800AE0B0F5004F04DB92
:100C400047F6FF710A4A518002E001B2084A51801A
:100C50000121094A11707047002C01403C240140D9
:100C6000C60000203C280140C8000020CC00002025
:100C70000C000020D0000020C4000020F8B504467D
:100C800000260020009000BF94F82400012801D124
:100C90000220F8BD012084F8240000BF2046FFF7A1
:100CA00003FC0646002E6CD1A06A20F4885040F068
:100CB0000200A062022000F02BFE35490968B1FB5A
:100CC000F0F04000009002E00098401E0090009874
:100CD0000028F9D12046FFF715FC2068806840F015
:100CE00008002168886000F03BFD054616E000F032
:100CF00037FD401B0A2811D92068806800F00800E1
:100D000060B1A06A20F0020040F01000A06200BFB5
:100D1000002084F8240000BF0120BAE72068806822
:100D200000F008000028E2D12068806840F004004C
:100D30002168886000F014FD054616E000F010FD03
:100D4000401B0A2811D92068806800F0040060B1B7
:100D5000A06A20F0020040F01000A06200BF002056
:100D600084F8240000BF012093E72068806800F029
:100D700004000028E2D1A06A20F0020040F0010047
:100D8000A06200BF002084F8240000BF304680E746
:100D9000EC00002038B50246002300200090906847
:100DA00000B100BF00BF92F82400012801D1022049
:100DB00038BD012082F8240000BF906890B94868CF
:100DC000012809D11068806B6FF315000C6840EAA8
:100DD000C4301468A06338E0906A40F0200090624C
:100DE000012332E00C694868A0421ED84C680869AB
:100DF000001BC0F1030000EB80041F20A04040F462
:100E000040141068806BA0434D680C69641BC4F1EA
:100E1000030404EB84050C68AC400D8A6D1E44EAA3
:100E2000055420431468A0630FE04C680869001B58
:100E3000C0F1030000EB80041F20A04040F44014E8
:100E40001068806BA0431468A0631068806800F08D
:100E5000010040B91068806847F20104A0438C6922
:100E600020431468A060487D01280FD18869B0F53F
:100E7000E04F06D11068406840F4806014686060FC
:100E800004E0906A40F0200090620123087D012870
:100E90000DD1487D30B91068406840F48050146826
:100EA000606004E0906A40F02000906201230868CE
:100EB0000A2812D31068C0680C780A3C04EB440579
:100EC0000724AC40A0430D780A3D05EB45058C682E
:100ED000AC4020431468E0600FE0106800690C78B3
:100EE00004EB44050724AC40A0430D7805EB450511
:100EF0008C68AC402043146820610868102802D038
:100F00000868112805D11068806840F40000146852
:100F1000A0604868012806D002280DD0032814D00C
:100F200004281BD11BE0106840696FF30B00CC68EC
:100F30002043146860611BE0106880696FF30B0048
:100F4000CC6820431468A06112E01068C0696FF398
:100F50000B00CC6820431468E06109E000BF106812
:100F6000006A6FF30B00CC6820431468206200BF56
:100F700000BF0868102802D00868112827D1174C34
:100F80001068A0421ED11068806800F40000F0B91B
:100F90001068806840F400001468A0600868102899
:100FA00015D10F4800680F4CB0FBF4F000EB800047
:100FB0004000009002E00098401E00900098002839
:100FC000F9D104E0906A40F020009062012300BF54
:100FD000002082F8240000BF1846E9E60024014002
:100FE000EC00002040420F0070B50446002500BF11
:100FF00094F82400012801D1022070BD012084F85A
:10100000240000BF2046FFF77DFA0546002D5BD186
:10101000A06A42F20101884340F48050A0622E4948
:101020002068884208D12D48006800F4702008B973
:10103000012002E0002000E0012020B1A06A20F49D
:101040008010A06203E0A06A40F48010A062A06A51
:1010500000F4807008B90020E06200BF002084F82E
:10106000240000BF401F216808602068406840F0ED
:101070008000216848602068406800F4806010BBF0
:101080002068806800F4E040B0F5E04F15D11249C7
:101090002068884208D11148006800F4702008B91F
:1010A000012002E0002000E0012030B120688068CB
:1010B00040F40210216888600BE02068806840F4EA
:1010C00000402168886004E000BF002084F824000C
:1010D00000BF284691E70000002801400424014099
:1010E0002DE9F0410446002700250026A84614B942
:1010F0000120BDE8F081A06810B1207D00B100BFE3
:10110000A06A30B90020E06284F82400204600F094
:1011100089F82046FFF7C8F90746A06A00F01000DA
:10112000002873D1002F71D1A06A20F4885040F0BC
:101130000200A062E16960680843217B40EA410047
:101140000643A068B0F5807F02D0A068012802D1D4
:101150004FF4807000E000200543207D012811D16C
:10116000207B38B9A069401E4FF4006141EA40304D
:10117000054307E0A06A40F02000A062E06A40F06A
:101180000100E0622068406820F46940284321683B
:1011900048602068806821490840304321688860A1
:1011A000A068B0F5807F02D0A068012802D14FF47A
:1011B000807000E00020B0F5807F03D1208A401EBF
:1011C0004FEA00582068C06A20F4700040EA080026
:1011D0002168C8622068806811490840B04208D17F
:1011E0000020E062A06A20F0020040F00100A0624E
:1011F00011E0A06A20F0020040F01000A062E06A56
:1012000040F00100E062012705E0FFE7A06A40F03E
:101210001000A062012738466BE70000FDF7E1FFF0
:10122000FE0E1FFF10B586B004460020029003900A
:10123000049005903049206888422BD100BF2F4888
:10124000806940F400702D4988610846806900F487
:101250000070019000BF00BF00BF0846806940F0E9
:10126000040088610846806900F00400019000BF16
:1012700000BF072002900320039002A9204800F03D
:10128000C7F800220221122000F0F0FA122000F02C
:10129000DDFA2EE01B49206888422AD100BF17489A
:1012A000806940F48060154988610846806900F4CF
:1012B0008060019000BF00BF00BF0846806940F019
:1012C000040088610846806900F00400019000BFB6
:1012D00000BF072002900320039002A9084800F0F5
:1012E00097F800220221122000F0C0FA122000F02C
:1012F000ADFA06B010BD000000240140001002400D
:1013000000080140002801400146002291F8210018
:10131000022808D00420886300BF002081F8200044
:1013200000BF012070470868006820F00E000B68BD
:1013300018600868006820F001000B68186091F8D8
:10134000403001209840CB6B5860012081F821008B
:1013500000BF002081F8200000BF1046E2E7000037
:1013600070B50446002594F82100022803D004201B
:10137000A063012548E02068006820F00E00216885
:1013800008602068006820F00100216808601F499B
:101390002068884201D1012026E01C4914312068D0
:1013A000884201D110201FE0184928312068884266
:1013B00001D1801518E015493C312068884201D1DF
:1013C000801411E0114950312068884202D14FF455
:1013D000803009E00D4964312068884202D14FF421
:1013E000801001E04FF08070084908394860012002
:1013F00084F8210000BF002084F8200000BF606B4B
:1014000010B12046616B8847284670BD0800024035
:101410002DE9F8470346002294466EE14FF001089B
:1014200008FA02F4D1F8008008EA0400A0427DD155
:10143000DFF8DCA2D1F80480A8EB0A09D0453AD045
:1014400014DCB8F1030F50D009DCB8F1000F31D033
:10145000B8F1010F1CD0B8F1020F49D120E0B8F16A
:10146000110F18D0B8F1120F42D11EE0B9F5881F44
:1014700025D006DCB9F5803F20D0B9F5801F37D1E3
:101480001AE0B9F5001F18D0B9F5041F30D117E0E4
:10149000D1F80CC02DE0D1F80C8008F1040C28E044
:1014A000D1F80C8008F1080C23E0D1F80C8008F189
:1014B0000C0C1EE000BF00BF00BF00BF00BF00BF9C
:1014C000D1F80880B8F1000F02D14FF0040C0BE006
:1014D000D1F80880B8F1010F03D14FF0080C1C615E
:1014E00002E04FF0080C5C6103E04FF0000C00E0FC
:1014F00000BF00BFFF2801D8984601E003F10408AF
:101500004646FF2802D84FEA820803E0A2F1080805
:101510004FEA88084746D6F800804FF00F0909FACD
:1015200007F928EA09080CFA07F900E088E048EA18
:101530000908C6F80080D1F8048008F08058B8F196
:10154000805F7DD100BFDFF8CC81D8F8188048F0EB
:101550000108DFF8C091C9F81880C846D8F818808B
:1015600008F00108CDF8008000BF00BF4FEAB9388D
:101570004FEA920958F829504FEA82784FEA1879D1
:101580004FF00F0808FA09F825EA0805DFF8888106
:10159000434502D14FF0000816E0DFF88081434553
:1015A00002D14FF001080FE0DFF87481434502D10A
:1015B0004FF0020808E0DFF86C81434502D14FF09C
:1015C000030801E04FF004084FEA82794FEA1979E5
:1015D00008FA09F848EA0505DFF84C814FEA920954
:1015E00048F82950D1F8048008F48038B8F5803FD5
:1015F0000AD1DFF83881D8F8008048EA0008DFF81F
:101600002C91C9F8008009E0DFF82081D8F800802B
:1016100028EA0008DFF81491C9F80080D1F80480A6
:1016200008F40038B8F5003F10D1DFF8008108F168
:101630000408D8F8008048EA0008DFF8F09000E0DD
:101640005AE009F10409C9F800800DE0DFF8DC80F8
:1016500008F10408D8F8008028EA0008DFF8CC90E8
:1016600009F10409C9F80080D1F8048008F4801851
:10167000B8F5801F0ED1DFF8B48008F10808D8F85B
:10168000008048EA0008DFF8A49009F10809C9F8C9
:1016900000800DE0DFF8948008F10808D8F8008099
:1016A00028EA0008DFF8849009F10809C9F80080E9
:1016B000D1F8048008F40018B8F5001F0ED1DFF847
:1016C0006C8008F10C08D8F8008048EA0008DFF8C0
:1016D0005C9009F10C09C9F800800DE0DFF84C803E
:1016E00008F10C08D8F8008028EA0008DFF83C90E0
:1016F00009F10C09C9F80080521CD1F8008028FAC1
:1017000002F8B8F1000F7FF489AEBDE8F887000059
:10171000000011100010024000080140000C0140C0
:101720000010014000140140080001400004014085
:10173000024693680B400BB1012000E00020704787
:1017400010B5C26821EA020302EA010443EA044335
:10175000036110BD0AB1016101E00B040361704730
:101760000148006870470000E0000020034800685E
:10177000034909780844014908607047E0000020E7
:10178000E800002010B50848006840F01000064945
:101790000860032000F0A8F8042000F007F800F02B
:1017A0002BF8002010BD00000020024070B5044658
:1017B0000E4800784FF47A71B1FBF0F00C490968DB
:1017C000B1FBF0F5284600F02FFD08B1012070BDF7
:1017D000102C07D200222146501E00F047F8054881
:1017E000046001E00120F2E70020F0E7E8000020BB
:1017F000EC000020E400002008B500BF114880691B
:1018000040F001000F4988610846806900F001003E
:10181000009000BF00BF00BF0846C06940F0805084
:10182000C8610846C06900F08050009000BF00BF4A
:1018300000BF0549486820F0E06040F00070486053
:1018400000BF08BD001002400000014001460846EC
:10185000002809DB00F01F0301229A4043099B0086
:1018600003F1E023C3F8002100BF70472DE9F05FCA
:1018700080460D461646002703F0F8FC0746394619
:101880002A46334601F00700C0F1070ABAF1040FF7
:1018900002D94FF0040A01E0C0F1070AD14600F175
:1018A000040ABAF1070F02D24FF0000A01E0A0F1DA
:1018B000030AD4464FF0010A0AFA09FAAAF1010A0A
:1018C0000AEA020A0AFA0CFA4FF0010B0BFA0CFBB7
:1018D000ABF1010B0BEA030B4AEA0B04214640462D
:1018E00003F0CCFCBDE8F09F00BF00F00702064B00
:1018F00019684FF6FF031940044B0B4343EA0221DA
:10190000014B196000BF70470CED00E00000FA05C4
:101910002DE9F04385B006463BA30FCB01AC0FC4C5
:101920003DA0006800904FF000080025002700242B
:10193000A146012E30D0022E55D0102E5ED1374850
:101940004468006800F0807000B301A8C4F38341CC
:10195000475C04F4803070B130484068C0F34040C8
:101960001DF8008004F4803040B12D48B0FBF8F041
:1019700000FB07F502E02B4807FB00F5274840680D
:1019800000F48000B0F5800F01D1A94603E06800A3
:101990000321B0FBF1F932E02048046A04F44070FE
:1019A000B0F5807F05D104F0020010B14FF400497A
:1019B00018E004F44070B0F5007F07D11748406A82
:1019C00000F0020010B149F640490BE004F4407009
:1019D000B0F5407F06D11148006800F4003008B12E
:1019E0004FF224490BE000F093F90C494968C1F328
:1019F0008131491C4900B0FBF1F900E000BF00BF94
:101A0000484605B0BDE8F08302030405060708094F
:101A10000A0B0C0D0E0F1010010200000010024006
:101A200000127A0000093D00F8B5044600260025A2
:101A3000207800F0010000286BD000274348C069DF
:101A400000F0805070B900BF4048C06940F080503D
:101A50003E49C8610846C06900F08050009000BF50
:101A600000BF01273A48006800F48070B0B93848D8
:101A7000006840F4807036490860FFF771FE064642
:101A800006E0FFF76DFE801B642801D90320F8BD36
:101A90002F48006800F480700028F2D02B48006ABC
:101AA00000F440752DB3A08800F44070A84220D007
:101AB0002648006A20F4407501202649086000206D
:101AC00008602248056205F0010090B1FFF748FE6A
:101AD000064608E0FFF744FE801B41F28831884249
:101AE00001D90320D3E71948006A00F0020000285A
:101AF000F0D01648006A20F440706168084313492A
:101B00000862012F04D10846C06920F08050C861E6
:101B100000BF207800F00200022807D10B4840687F
:101B200020F44040A168084308494860207800F04C
:101B30001000102807D10548406820F48000E168B3
:101B40000843024948600020A1E70000001002405D
:101B5000007000404004424270B504460D460CB986
:101B6000012070BD5A48006800F00700A8420ED25C
:101B70005748006820F00700284355490860084688
:101B8000006800F00700A84201D00120E9E72078B2
:101B900000F0020002281DD1207800F00400042883
:101BA00005D14C48406840F4E0604A4948602078DC
:101BB00000F00800082805D14648406840F460500D
:101BC000444948604348406820F0F000A168084359
:101BD00040494860207800F0010078B3606801282F
:101BE00006D13C48006800F4003090B90120B8E705
:101BF0006068022806D13748006800F0007040B9DC
:101C00000120AEE73348006800F0020008B9012067
:101C1000A7E73048406820F00300616808432D4979
:101C20004860FFF79DFD064609E0FFF799FD801B20
:101C300041F28831884202D9032092E707E0254823
:101C4000406800F00C006168B0EB810FEDD12048D6
:101C5000006800F00700A8420ED91D48006820F077
:101C6000070028431A4908600846006800F007008A
:101C7000A84201D0012074E7207800F00400042875
:101C800007D11448406820F4E060E1680843114936
:101C90004860207800F00800082808D10D48406806
:101CA00020F46050216940EAC1000A49486000F010
:101CB0003FF808494968C1F30311074A515CC8401D
:101CC0000649086006480068FFF770FD002048E7F5
:101CD0000020024000100240F8980008EC000020AC
:101CE000E40000200148006870470000EC0000207C
:101CF00000B5FFF7F7FF04494968C1F30221034A21
:101D0000515CC84000BD0000001002400899000866
:101D100000B5FFF7E7FF04494968C1F3C221034A50
:101D2000515CC84000BD0000001002400899000846
:101D3000F0B585B00FF26C0C9CE8E01001A8A0E8AB
:101D4000E0101CA52D68009500210022002300242E
:101D50000020194D696801F00C05F5B1042D02D081
:101D6000082D19D101E0154819E001ADC1F38346F2
:101D7000AC5D01F4803555B10F4D6D68C5F340453C
:101D80001DF805200D4D6543B5FBF2F302E00C4D47
:101D900004FB05F3184602E000BF084800BF00BF7F
:101DA00005B0F0BD02030405060708090A0B0C0D77
:101DB0000E0F1010010200000010024000127A0005
:101DC00000093D00F8B504460CB90120F8BD2078A3
:101DD00000F00100002878D0F848406800F00C00BE
:101DE00004280CD0F548406800F00C00082811D1F8
:101DF000F248406800F48030B0F5803F0AD1EF48E7
:101E0000006800F4003000285FD0606800285CD1D2
:101E10000120DBE700BF6068B0F5803F06D1E748EE
:101E2000006840F48030E549086028E0606858B9EF
:101E3000E248006820F48030E04908600846006805
:101E400020F4802008601AE06068B0F5A02F0BD164
:101E5000DA48006840F48020D849086008460068E5
:101E600040F4803008600AE0D448006820F48030F4
:101E7000D24908600846006820F48020086000BF4E
:101E8000606888B1FFF76CFC054606E0FFF768FC68
:101E9000401B642801D9032098E7C848006800F473
:101EA00000300028F2D010E0FFF75AFC054606E0AB
:101EB000FFF756FC401B642801D9032086E7BF4882
:101EC000006800F400300028F2D1207800F0020011
:101ED000022857D1B948406800F00C0050B1B7480B
:101EE000406800F00C00082818D1B448406800F49D
:101EF000803098B9B148006800F0020020B1206934
:101F0000012801D0012061E7AC48006820F0F8000A
:101F1000616940EAC100A949086033E02069E8B17D
:101F20000120A7490860FFF71BFC054606E0FFF704
:101F300017FC401B022801D9032047E79F4800688F
:101F400000F002000028F2D09C48006820F0F80061
:101F5000616940EAC1009949086013E0002098498E
:101F60000860FFF7FDFB054606E0FFF7F9FB401BA5
:101F7000022801D9032029E79048006800F00200F8
:101F80000028F2D1207800F0080008282DD1A0699F
:101F9000B8B101208B490860FFF7E2FB054606E077
:101FA000FFF7DEFB401B022801D903200EE7834820
:101FB000406A00F002000028F2D0012002F006FC86
:101FC00013E000207F490860FFF7CAFB054606E0E2
:101FD000FFF7C6FB401B022801D90320F6E677482D
:101FE000406A00F002000028F2D1207800F00400DE
:101FF000042873D100277148C06900F0805070B97F
:1020000000BF6E48C06940F080506C49C861084606
:10201000C06900F08050009000BF00BF01276A48EF
:10202000006800F48070B0B96748006840F48070C0
:1020300065490860FFF794FB054606E0FFF790FB53
:10204000401B642801D90320C0E65F48006800F403
:1020500080700028F2D000BFE068012806D1574800
:10206000006A40F001005549086227E0E06858B96D
:102070005248006A20F00100504908620846006A90
:1020800020F00400086219E0E06805280BD14B48F5
:10209000006A40F00400494908620846006A40F0BE
:1020A000010008620AE04548006A20F00100434947
:1020B00008620846006A20F00400086200BFE06879
:1020C000A0B1FFF74DFB054609E0FFF749FB401BB8
:1020D00041F28831884202D9032077E622E037486E
:1020E000006A00F002000028EFD012E0FFF738FB92
:1020F000054608E0FFF734FB401B41F28831884277
:1021000001D9032062E62D48006A00F00200002891
:10211000F0D1012F05D12948C06920F0805027490E
:10212000C86100BFE069C8B32448406800F00C00F3
:10213000082860D0E069022848D1002020490866BC
:10214000FFF70EFB054606E0FFF70AFB401B0228DF
:1021500001D903203AE61948006800F00070002811
:10216000F2D1206AB0F5803F07D11448406820F4CE
:102170000030A168084311494860D4E908010843C8
:102180000E49496821F4741108430C494860012044
:102190000B490866FFF7E4FA054607E03DE0FFF764
:1021A000DFFA401B022801D903200FE6034800682C
:1021B00000F000700028F2D02FE000000010024074
:1021C0000000424280044242007000400020144956
:1021D0000866FFF7C5FA054606E0FFF7C1FA401B9F
:1021E000022801D90320F1E50E48006800F00070D4
:1021F0000028F2D111E0E069012800D1E6E50948A4
:10220000466806F48031206A814204D106F47011D8
:10221000606A814201D00120D8E50020D6E50000A7
:10222000000042420010024070B504462546681E78
:10223000B0F1807F01D301200FE0681E4FF0E02154
:1022400048610F214FF0FF3003F018F800204FF0E5
:10225000E021886107200861002070BD7047704749
:1022600010B50346002200BF93F83C00012801D1BD
:10227000022010BD012083F83C0000BF22F0FF00C7
:10228000CC6840EA040222F440708C6840EA040200
:1022900022F480604C6840EA040222F400600C687A
:1022A00040EA040222F480500C6940EA040222F45D
:1022B00000504C6940EA040222F48040CC6940EAB4
:1022C00004021868426400BF002083F83C0000BF8D
:1022D00000BFCEE730B587B004460D4614B90120E3
:1022E00007B030BD94F83D0028B9002084F83C00C8
:1022F000204600F064F8022084F83D00211D20688B
:1023000002F020FCAB6829680322206802F05AFD25
:102310002068806920F00C0021688861206880694D
:1023200069680843216888612068406840F080003F
:10233000216848602068806820F07000216888600B
:102340002068806840F040002168886020688068CC
:1023500020F00700216888602068806840F0040051
:102360002168886000200490059070200090002073
:10237000069003900290E86801906946206802F098
:1023800081FC2068406820F0700021684860206867
:10239000406840F0500021684860012084F8460001
:1023A00084F83E0001213F200155012084F84200BD
:1023B00043200155012084F83D00002090E770473C
:1023C00030B502460B4600BF92F83C00012801D10F
:1023D000022030BD012082F83C0000BF022082F8BC
:1023E0003D00106844681068816824F07004186823
:1023F000044310684460104D1068A8420BD0106868
:10240000B0F1804F07D00D4D1068A84203D00C4D9D
:102410001068A84205D121F0800158680143106876
:102420008160012082F83D0000BF002082F83C005E
:1024300000BF00BFCDE70000002C014000040040B9
:102440000008004070B504460D4615B994F84200E6
:102450000BE0042D02D14320005D06E0082D02D1DF
:102460004420005D01E04520005D012801D00120ED
:1024700070BD1DB9022084F842000EE0042D03D186
:1024800002214320015508E0082D03D102214420F8
:10249000015502E002214520015504222946206809
:1024A00002F09BFB2068406C40F4004021684864C7
:1024B0001249206888420BD02068B0F1804F07D0C5
:1024C0000F492068884203D00E49206888420CD109
:1024D0002068806800F00706062E0CD0206800688F
:1024E00040F001002168086005E02068006840F0C5
:1024F0000100216808600020BAE70000002C0140BC
:10250000000400400008004010B504460CB901204A
:1025100010BD94F83D0028B9002084F83C00204606
:1025200000F026F8022084F83D00211D206802F00A
:1025300009FB012084F8460000BF84F83E00012119
:102540003F200155402001554120015500BF00BFEB
:10255000012084F8420043200155442001554520C4
:10256000015500BF012084F83D000020D0E70000A5
:1025700010B586B0044600200290039004900590A8
:1025800032492068884216D100BF3148806940F442
:1025900000602F4988610846806900F4006001905E
:1025A00000BF00BF002211461920FFF75FF9192074
:1025B000FFF74CF947E027492068884243D100BF24
:1025C0002348C06940F002002149C8610846C0693B
:1025D00000F00200019000BF00BF00BF0846806904
:1025E00040F0040088610846806900F00400019012
:1025F00000BF00BF00BF0846806940F00800886146
:102600000846806900F00800019000BF00BFC020AC
:102610000290002003900120049002A90E48FEF7CA
:10262000F7FE01200290002003900120049002A9EF
:102630000A48FEF7EDFE002203211D20FFF716F9E0
:102640001D20FFF703F906B010BD0000002C01406B
:10265000001002400004004000080140000C01404E
:10266000014691F83D00012801D001207047022069
:1026700081F83D000868C06840F001000B68D86030
:10268000124B086898420BD00868B0F1804F07D011
:102690000F4B0868984203D00E4B086898420CD143
:1026A0000868806800F00702062A0CD008680068F5
:1026B00040F001000B68186005E00868006840F011
:1026C00001000B6818600020D0E70000002C0140DA
:1026D00000040040000800402DE9F04104460D468A
:1026E00000BF94F83C00012802D10220BDE8F0812F
:1026F000012084F83C0000BF022084F83D002068DF
:10270000866826F0770626F47F462068866028686B
:10271000502833D00CDC202850D004DC00284BD0CB
:10272000102851D149E0302849D040284CD139E017
:1027300060282DD0702807D0B0F5805F03D0B0F5A9
:10274000005F41D10DE040E0D5E902136A682068DE
:1027500002F054FA2068866846F0770620688660A2
:1027600033E0D5E902136A68206802F047FA20686E
:10277000806840F480402168886026E0EA686968E3
:10278000206802F00BFB5021206802F042FA1CE0A6
:10279000EA686968206802F049FB6021206802F05D
:1027A00038FA12E0EA686968206802F0F7FA402116
:1027B000206802F02EFA08E000BF00BF00BF2968C1
:1027C000206802F026FA00E000BF00BF012084F874
:1027D0003D0000BF002084F83C0000BF00BF85E73B
:1027E0002DE9F04104460D4614B90120BDE8F08101
:1027F00094F83D0028B9002084F83C00204600F001
:1028000051F8022084F83D002068806844F20701F6
:10281000884321688860211D206802F093F92068B0
:10282000D0F80880206886692068076A286840EA2E
:10283000080840F203308643A969A86840EA0120ED
:10284000064340F60C4086434FF2F0008643E969A8
:10285000E86840EA0120064328690001296A40EA45
:102860000130064327F022076969686840EA0110D1
:1028700007432068C0F808802068866120680762E6
:10288000012084F8460084F83E0001213F200155D4
:10289000012084F8420043200155012084F83D00C6
:1028A0000020A3E710B586B00446002002900390F4
:1028B000049005902068B0F1804F56D100BF2C489D
:1028C000C06940F001002A49C8610846C06900F0AB
:1028D0000100019000BF00BF00BF0846806940F0C2
:1028E000080088610846806900F00800019000BF78
:1028F00000BF00BF0846806940F0040088610846B8
:10290000806900F00400019000BF00BF081502902C
:1029100002200390059002A91648FEF779FD4FF4B6
:102920000040029000200390049002A91248FEF794
:102930006FFD0820029000200390049002A90D482A
:10294000FEF766FD00BF0D49486820F4407040F076
:10295000E06040F44070486000BF002203211C206A
:10296000FEF784FF1C20FEF771FF06B010BD0000CB
:1029700000100240000C014000080140000001402E
:10298000704710B5044620680069C0F34000D8B114
:102990002068C068C0F34000B0B16FF00200216849
:1029A0000861012020772068806900F0030018B1D9
:1029B0002046FFF7E5FF05E0204600F0F3F820464B
:1029C00000F0A3F90020207720680069C0F38000A0
:1029D000D8B12068C068C0F38000B0B16FF00400C7
:1029E00021680861022020772068806900F4407027
:1029F00018B12046FFF7C4FF05E0204600F0D2F8EA
:102A0000204600F082F90020207720680069C0F39A
:102A1000C000D8B12068C068C0F3C000B0B16FF08A
:102A2000080021680861042020772068C06900F050
:102A3000030018B12046FFF7A3FF05E0204600F091
:102A4000B1F8204600F061F9002020772068006985
:102A5000C0F30010D8B12068C068C0F30010B0B156
:102A60006FF0100021680861082020772068C06995
:102A700000F4407018B12046FFF782FF05E02046C1
:102A800000F090F8204600F040F900202077206800
:102A9000006900F0010058B12068C06800F0010032
:102AA00030B16FF0010021680861204600F098F90C
:102AB00020680069C0F3C01058B12068C068C0F336
:102AC000C01030B16FF08000216808612046FFF728
:102AD000C5FB20680069C0F3801058B12068C06849
:102AE000C0F3801030B16FF04000216808612046CB
:102AF00000F077F920680069C0F3401058B12068F1
:102B0000C068C0F3401030B16FF020002168086148
:102B10002046FFF7A4FB10BD10B586B00446002088
:102B200002900390049005901A49206888422ED1A3
:102B300000BF1948806940F00800174988610846BD
:102B4000806900F00800019000BF00BF00BF084688
:102B5000806940F0040088610846806900F0040044
:102B6000019000BF00BF4FF460400290022003902C
:102B7000059002A90948FEF74BFC4FF4E060029073
:102B800002200390059002A90548FEF741FC06B01B
:102B900010BD0000002C014000100240000C01405C
:102BA00000080140704770B504460D46164600BF48
:102BB00094F83C00012801D1022070BD012084F866
:102BC0003C0000BF36B1042E1BD0082E31D00C2E95
:102BD0005ED145E02946206802F024F8206880692B
:102BE00040F00800216888612068806920F00400B6
:102BF00021688861206880692969084321688861A3
:102C000047E02946206802F03DF82068806940F4DA
:102C10000060216888612068806920F480602168F4
:102C2000886120688069296940EA012021688861FB
:102C30002FE02946206802F059F82068C06940F06A
:102C400008002168C8612068C06920F0040021687C
:102C5000C8612068C069296908432168C86118E013
:102C60002946206802F076F82068C06940F40060C8
:102C70002168C8612068C06920F480602168C8614B
:102C80002068C069296940EA01202168C86100E024
:102C900000BF00BF00BF002084F83C0000BF00BFA1
:102CA0008BE710B504460CB9012010BD94F83D0027
:102CB00028B9002084F83C00204600F025F80220C6
:102CC00084F83D00211D206801F03CFF012084F8BC
:102CD000460000BF84F83E0001213F2001554020FE
:102CE00001554120015500BF00BF012084F842007A
:102CF00043200155442001554520015500BF0120C6
:102D000084F83D000020D0E77047704770B5044656
:102D10000D4615B994F83E000BE0042D02D13F207A
:102D2000005D06E0082D02D14020005D01E0412059
:102D3000005D012801D0012070BD1DB9022084F87A
:102D40003E000EE0042D03D102213F20015508E092
:102D5000082D03D102214020015502E0022141202B
:102D6000015501222946206801F026FF19492068F3
:102D7000884201D1012000E0002028B12068406C89
:102D800040F40040216848641249206888420BD012
:102D90002068B0F1804F07D00F492068884203D0E7
:102DA0000E49206888420CD12068806800F0070630
:102DB000062E0CD02068006840F0010021680860F1
:102DC00005E02068006840F00100216808600020EC
:102DD000B2E70000002C0140000400400008004061
:102DE00070477047704770472DE9F84F04462068D8
:102DF00005682068C668206847694FF00009CA4620
:102E000005F00F09B9F1000F0AD105F0200038B123
:102E100006F0200020B1204602F0C7F8BDE8F88F88
:102E2000B9F1000F71D007F0010018B906F49070E5
:102E300000286AD005F0010030B106F4807018B1A6
:102E4000206C40F00100206405F0040030B107F070
:102E5000010018B1206C40F00200206405F002006F
:102E600030B107F0010018B1206C40F0040020647C
:102E700005F0080048B106F0200010B907F0010085
:102E800018B1206C40F008002064206C68B305F095
:102E9000200028B106F0200010B1204602F085F88D
:102EA00020684069C0F3801A206C00F0080010B957
:102EB000BAF1000F22D0204602F04CF82068406999
:102EC00000F04000B0B12068406920F04000216867
:102ED0004861A06B50B15648A16B4863A06BFEF7E8
:102EE0003FFA10B1A06B416B88470CE02046FFF71A
:102EF0007AFF08E02046FFF776FF04E02046FFF760
:102F000072FF0020206489E7FFE7206B012878D159
:102F100005F01000002874D006F01000002870D0D2
:102F200000BF002000902068006800902068406882
:102F3000009000BF00BF2068406900F04000C0B3AF
:102F4000A06B006840681FFA80F8B8F1000F2FD01E
:102F5000A08D40452CDDA4F82E80A06B8069202830
:102F60001FD02068C06820F480702168C860206885
:102F7000406920F00100216848612068406920F024
:102F8000400021684861202084F83E000020206332
:102F90002068C06820F010002168C860A06BFEF7B0
:102FA000B3F9A08DE28D801A81B22046FFF71AFF97
:102FB00034E7FFE7A08DE18D401A1FFA80F8E08D1D
:102FC000E8B1B8F1000F1AD02068C06820F4907002
:102FD0002168C8602068406920F0010021684861CC
:102FE000202084F83E00002020632068C06820F084
:102FF00010002168C86041462046FFF7F3FE0DE748
:10300000FFE705F0800030B106F0800018B12046DF
:1030100002F0BCF802E705F0400030B106F04000D5
:1030200018B1204601F0B1FFF8E600BFF6E6000057
:10303000414F000810B504460CB9012010BDA0692D
:1030400000B100E000BF94F83D0028B9002084F8EA
:103050003C00204600F028F8242084F83D00206839
:10306000C06820F400502168C860204602F010F8C3
:103070002068006920F49040216808612068406958
:1030800020F02A00216848612068C06840F40050A0
:103090002168C86000202064202084F83D0084F866
:1030A0003E000020CAE7000010B586B004460020AC
:1030B00002900390049005902249206888423ED1F6
:1030C00000BF2148806940F480401F49886108465C
:1030D000806900F48040019000BF00BF00BF084637
:1030E000806940F0080088610846806900F00800A7
:1030F000019000BF00BF40200290022003900320F7
:10310000059002A91148FEF783F980200290002063
:103110000390049002A90D48FEF77AF900BF0C490C
:10312000486840F0E06040F00400486000BF0022C2
:1031300003212520FEF79AFB2520FEF787FB06B02A
:1031400010BD00000038014000100240000C01409A
:103150000000014070472DE9F84F04460E4617461F
:1031600099464FF0000A94F83D0020285AD106B144
:1031700017B90120BDE8F88F00BF94F83C00012882
:1031800001D10220F6E7012084F83C0000BF0020B6
:103190002064212084F83D00FEF7E2FA8246A784ED
:1031A000E784A068B0F5805F04D1206910B90025DC
:1031B000B04602E035464FF0000800BF002084F81A
:1031C0003C0000BF1BE05346002280212046CDF882
:1031D000009002F00BF808B10320CBE745B9B8F82E
:1031E0000000C0F308002168486008F1020803E00D
:1031F0002878216848606D1CE08C401EE084E08CDB
:103200000028E0D15346002240212046CDF800900E
:1032100001F0ECFF08B10320ACE7202084F83D006A
:103220000020A7E70220A5E7704700B5024600F09E
:10323000ABF8014691F8660008B9002000BDC888C7
:10324000B1F85630184400B2C880B1F85600B1F851
:103250005C3018440B89184400B20881088910803A
:103260000120EBE72DE9F04106460F4600F08CF80F
:10327000044694F8660010B90020BDE8F08100F023
:103280000BFF08B394F85400002806DDFDF7B8F9E9
:10329000A16D401AB0F5FA7F0FD200F02BFF002885
:1032A00003DBB4F95600002807DB00F023FF0028F9
:1032B0000ADAB4F95600002806DDB4F86A00401CAA
:1032C000A4F86A0000F027F82A3434F8240C34F803
:1032D000221C401A00B26087B4F93A00142190FB16
:1032E000F1F000B26086B4F92C0042F2107100FBDC
:1032F00001F5C5EB05108500E91705EB11410D142B
:10330000052095FBF0F528B2E087E08F30800020A3
:1033100038600120B1E770B500F036F80446483453
:1033200054F8480CC16821F00201C16000BF0020C0
:10333000E082A082012004F8440CA0770020E0770E
:1033400060712071483C002506E0002104F10C006A
:1033500040F82510681CC5B2102DF6DB0020206552
:1033600084F85400A4F85600FDF74AF9A06500213E
:10337000206800F073FB206800F054FB206800F028
:1033800056FB00F039F870BD00487047D0060020A9
:1033900010B5FFF7F9FF04466C212046FCF76AFFE1
:1033A000144820600120207184F86600002084F811
:1033B0006700A4F8620004212068026822F0040279
:1033C0000A43026000BF206800F031FB2068C1683A
:1033D00041F00101C16000BF0021206800F03EFB08
:1033E00001212068026A0A43026200BF206800F0DF
:1033F00019FB10BD0004004070B5FFF7C5FF04467F
:1034000001212D48FEF794F9850080212B48FEF715
:103410008FF945EA400540212848FEF789F9054320
:1034200084F8605094F86000072839D2DFE800F093
:10343000380C201630042800B4F8620041F25551CF
:10344000084400B2208133E0B4F8620042F6AA21B9
:1034500008444910084400B2208129E0B4F8620011
:1034600045F2555108448910084400B220811FE0FC
:10347000B4F86200A0F5D440AA3800B2208117E069
:10348000B4F86200A0F57C50FF3800B220810FE054
:10349000B4F86200A0F5A850553800B2208107E0CA
:1034A000002004F8660F6078401C6070663C00BF26
:1034B00000BF2089E08070BD000C01400008014081
:1034C0002DE9F041FFF760FF04465834257A0121C9
:1034D0009748FEF72DF9870080219648FEF728F9D6
:1034E00047EA400740219348FEF722F90743277235
:1034F000FDF786F82060207A583C072871D2DFE873
:1035000000F091184A307D046400042D05D101209B
:103510002071B4F86200E0800AE0012D08D1FF209C
:103520002071B4F8620042F6AA21084400B2E0809B
:103530007EE0052D09D101202071B4F8620042F629
:10354000AA21084400B2E0800AE0032D08D1FF2040
:103550002071B4F8620045F25551084400B2E08091
:1035600066E0012D09D101202071B4F8620045F216
:103570005551084400B2E0800CE0022D0AD1FF2032
:103580002071B4F8620045F25551084449100844CE
:1035900000B2E0804CE0032D0BD101202071B4F883
:1035A000620045F2555108444910084400B2E080D9
:1035B0000AE0062D08D1FF202071B4F86200A0F5C2
:1035C000AA40553800B2E08032E0022D0AD1012035
:1035D0002071B4F86200A0F5AA40553800B2E0802E
:1035E0000BE01FE0042D08D1FF202071B4F8620029
:1035F000A0F52850AA3800B2E08019E0062D09D1C4
:1036000001202071B4F86200A0F52850AA3800B259
:10361000E08006E0052D04D1FF202071B4F862009F
:10362000E08005E094F86700401C84F8670000BF64
:1036300000BF94F8540038B994F85400401C84F842
:1036400054002068466B6EE04BF680312068426B78
:103650001646B4F85E0006EB00468E4262D394F83C
:103660004C3004F10C0050F82300226D101A206534
:1036700094F84C2004F10C0040F8226094F84C209F
:1036800050F8220094F90420504394F84C3004F18F
:103690000C0242F8230094F84C3004F10C0050F86E
:1036A0002300226D10444C3460602078401C207050
:1036B00014F84C09102802DB002084F84C0094F820
:1036C0004D00102804DA94F84D00401C84F84D0099
:1036D00094F84D0010280ADA4FF09660B0FBF6F02F
:1036E00094F90420504300B2A4F856001AE0124A9C
:1036F00096420AD34FF09660B0FBF6F094F904308E
:10370000584300B2A4F856000BE0206DC31700EB3D
:1037100013731B114FF0966797FBF3F31BB2A4F8DA
:10372000563000BF00BF0020A4F85E00BDE8F08165
:10373000000C01400008014080FC0A0000B5FFF7C2
:1037400023FE0146B1F85E00401CA1F85E0000BDFA
:1037500000BFFEE7F0B599B017A000680090002404
:10376000002601AD2846FCF759FF044605EB840509
:103770003019C6B2284601F0F9F8044605EB840575
:103780003019C6B200F0BCFC042807D1284600F06E
:10379000CDFF044605EB84053019C6B200982860B9
:1037A000042000EB86020A2301A90448FFF7D3FC9A
:1037B0000746384619B0F0BD0000807FFC080020A5
:1037C00038B505242146074801F014F800909DF80B
:1037D000000000EB40009DF801100844C5B22846E7
:1037E00038BD00008400002010B586B004460CB936
:1037F00006B010BD3349206888420DD100BF324861
:10380000806940F00400304988610846806900F012
:103810000400019000BF47E02C49206888420DD188
:1038200000BF2948806940F00800274988610846A0
:10383000806900F00800019000BF35E0244920684D
:1038400088420DD100BF2048806940F010001E4919
:1038500088610846806900F01000019000BF23E0F5
:103860001C49206888420DD100BF1748806940F08C
:103870002000154988610846806900F02000019009
:1038800000BF11E01449206888420DD100BF0E48E6
:10389000806940F040000C4988610846806900F06A
:1038A0004000019000BF00BF00200390049003205F
:1038B00005906068029002A92068FDF7A9FD00BF8D
:1038C00096E700000008014000100240000C014093
:1038D00000100140001401400018014070B505259A
:1038E000002408E004EB4401044A02EB8100FFF7E6
:1038F0007BFF601CC4B2AC42F4DB70BD84000020CE
:103900002DE9F84F052421463A4800F073FF009056
:103910009DF8000000EB40009DF80110084400F005
:10392000FF09B9F1070F14D006DCB9F1010F0AD075
:10393000B9F1040F5AD109E0B9F10A0F24D0B9F155
:103940000D0F53D13BE000F0B7FC50E000F0BEFC9F
:103950004DE000F0D5FB042813D100F0A3FB834613
:10396000584605F047FA0746234A244B04F08AFDDF
:10397000054604F055FD82464FF0814100F030FCD1
:1039800001E000F0C3FB32E000F0BAFB042813D1E1
:1039900000F088FB8346584605F02CFA0746164A85
:1039A000164B05F03DF9054604F03AFD82464FF00E
:1039B000814100F015FC01E000F01AFB17E000F077
:1039C0006BFB90B900F08AFB012803D1801E00F048
:1039D0005FFC02E0012000F05BFC00F08BFB054681
:1039E000684200B200F05AFC00BF00E000BF00BF18
:1039F000BDE8F88F8400002046EAFF9EDB8F674019
:103A000082680A4382607047816821F400418160C6
:103A100070476FF0010101617047416C41F4004152
:103A200041647047016841F0010101607047C1685D
:103A300041F00201C1607047C16841F00101C160FD
:103A400070470146086900F0010070474163704704
:103A500081637047C163704701647047416270477A
:103A600010B50A480088401C0849088008460088AC
:103A700007490988884207DB0020044908804FF481
:103A800080510448FDF75CFE10BD0000C20000201C
:103A9000C0000020000C0140014908807047000070
:103AA000C00000207D2003490880002002490880D2
:103AB00070470000C0000020C200002000B587B0A1
:103AC0001C216846FCF7D6FB1748184908600021FE
:103AD00016488160017301754FF46021C1610020B7
:103AE00012494860012111480161FDF7F9FA08B156
:103AF000FDF756F8022000900120019004900290FA
:103B00000003069000208DF8150001208DF81400A8
:103B10000020039069460548FDF73CF908B1FDF720
:103B20003FF807B000BD000000240140C40700209A
:103B300000B587B01C216846FCF79CFB1648174966
:103B40000860002115488160017301754FF4602100
:103B5000C161002011494860012110480161FDF751
:103B6000BFFA08B1FDF71CF8012000900190049005
:103B700002900003069000208DF8150001208DF8BA
:103B800014000020039069460448FDF703F908B1CA
:103B9000FDF706F807B000BD00280140F40700203B
:103BA00000B585B00020019002900390049000BF02
:103BB0004048806940F010003E49886108468069AD
:103BC00000F01000009000BF00BF00BF08468069F1
:103BD00040F0200088610846806900F020000090D5
:103BE00000BF00BF00BF0846806940F00400886144
:103BF0000846806900F00400009000BF00BF00BFCD
:103C00000846806940F0080088610846806900F035
:103C10000800009000BF00BF002289142648FDF76D
:103C200099FD012220212448FDF794FD4FF46040C6
:103C30000190002002900120039001A91F48FDF788
:103C4000E7FB3820019000200290039001A91C4856
:103C5000FDF7DEFB40F60200019000200290039089
:103C600001A91548FDF7D4FB4FF4815001900120C4
:103C70000290002003900220049001A90E48FDF755
:103C8000C7FB4FF4C0500190002002900120039028
:103C900001A90B48FDF7BCFB4FF4447001900020D4
:103CA00002900120039001A90348FDF7B1FB05B084
:103CB00000BD000000100240000C01400010014057
:103CC0000008014000B595B00020119012901390AB
:103CD00014900F9010901C2108A8FCF7CBFA20211B
:103CE0006846FCF7C7FA3C483C4908600020486039
:103CF00020213A4881604FF46161C1604FF48071C6
:103D000001610121416100218161FEF7FDFB08B1E4
:103D1000FCF746FF4FF48050119011A92F48FEF791
:103D2000DBFC08B1FCF73CFF2C48FEF7BAFF08B1FA
:103D3000FCF736FF00200F9010900FA92748FEF7E0
:103D40003FFB08B1FCF72CFF602008900020099091
:103D50000A900B900C900D900E90002208A91F481D
:103D6000FEF721FF08B1FCF71BFF042208A91B483E
:103D7000FEF719FF08B1FCF713FF082208A917483E
:103D8000FEF711FF08B1FCF70BFF7020089040F61A
:103D90000E6009900C2208A91048FEF704FF08B134
:103DA000FCF7FEFE4FF40060009040100190801080
:103DB000029005200390002004900590079069462A
:103DC0000648FEF74DFA08B1FCF7EAFE0348FEF795
:103DD000A3FE15B000BD0000002C01402408002007
:103DE00000B58BB0242102A8FCF744FA0020009013
:103DF00001904FF080401949086000204860002180
:103E00001648816042F20F71C16000210161816139
:103E100003200290002003900120049000200590D0
:103E200009200690002007900120089000200990AA
:103E300009200A9002A90948FEF7D2FC08B1FCF754
:103E4000AFFE00200090019069460448FEF7B8FAE2
:103E500008B1FCF7A5FE0BB000BD00006C08002007
:103E600000B58BB000200790089009900A9003904D
:103E7000049005900690019002901C481C4908602F
:103E80000020486000211A4881604FF6FF71C16030
:103E9000002101618161FEF737FB08B1FCF780FE6C
:103EA0004FF48050079007A91148FEF715FC08B1A0
:103EB000FCF776FE0020039004900B200590002074
:103EC000069003A90A48FEF705FA08B1FCF768FE58
:103ED000502001900020029001A90548FEF770FAD9
:103EE00008B1FCF75DFE0BB000BD0000000400400F
:103EF000B408002010B50A480A4908600A4848601A
:103F0000002108488160C16001610C2141610021EC
:103F10008161C161FFF78EF808B1FCF741FE10BD69
:103F200000380140FC08002000CA080000200E49AB
:103F300008700E4908800E4908804FF400400D4972
:103F400008600D49086000200C4908600C48B0F971
:103F50000000002803DB01200A49087002E0FF206E
:103F60000849087070470000C4000020C600002007
:103F7000C8000020CC000020D0000020D800002085
:103F800002000020D400002070B500F047FA0024A1
:103F900001E0601C84B2B4F57A7FFADD00250026CA
:103FA00000240FE000BF0D4800780028FBD000205F
:103FB0000A4908700A48008805440A4800880644EF
:103FC000601C84B2802CEDDBE80907490860F00929
:103FD0000649086000F05EFF70BD0000C4000020CC
:103FE000C6000020C8000020CC000020D000002027
:103FF00000B5642100F084F80246032A02D140F2A1
:10400000EE2102E0052A00D1962100F067F8401C5D
:1040100008B9484201B200F061F8012810D11148F6
:10402000B0F9003001F13200834206DD0D4800880E
:10403000323800B20B4B188012E00A4801800FE0C2
:10404000A1F13200074BB3F90030984206DB054876
:104050000088323000B2034B188001E00148018033
:1040600000BD0000020000200148B0F900007047C8
:10407000480000200148B0F9000070474A000020C5
:104080000148B0F9000070474C0000200148B0F929
:104090000000704750000020014800787047000081
:1040A0000000002070B50548006805F06FF805466F
:1040B000034904F039FF0446204670BD1400002077
:1040C00083F9224601480068704700001400002070
:1040D000014800687047000028000020014890F95E
:1040E00000007047D40000200148B0F9000070477C
:1040F0001E0000200148B0F90000704702000020B7
:1041000001480078704700000100002000B5FFF76B
:10411000E5FF01281CD11D48B0F90000322806DA5D
:104120001A4800880A3000B21849088005E017488C
:104130000088323000B2154908801448B0F90000F8
:10414000B0F5FA6F21DB4FF4FA60104908801CE0EB
:104150000E48B0F9000010F1320F06DD0B48008860
:104160000A3800B20949088005E00848008832385A
:1041700000B2064908800548B0F9000010F5FA6F52
:1041800003DC4FF630000149088000BD020000202A
:1041900010B500241DE0FFF713FB042806D0072804
:1041A00008D00A280AD00D2810D10BE001210B4AB3
:1041B00011700CE00321094A117008E00521074A3B
:1041C000117004E00421054A117000E000BF00BF37
:1041D000641C42F210718C42DDD310BD010000203E
:1041E0002DE9F04704460D464FF0000A002128460D
:1041F00005F05FF938D2FFF755FF0746214605F075
:10420000B9F981460021484604F0D8FF01D289F06F
:1042100000492946484604F087FE0646304604F029
:10422000E9FD0746124A134B04F0B8FC06D2124EC1
:104230003146484604F078FE05460EE0304604F06C
:10424000D9FD07460D4A0E4B04F06EFB05D20D4E0C
:104250003146484604F068FE05460B4804600B48AA
:1042600005604FF0010A00BF5046BDE8F08700002E
:1042700046EAFF9EDB8F5740DD7EBC42182D44543A
:10428000FB211940DB0FC94004000020080000207A
:104290000149087070470000D4000020002801DBAD
:1042A00081B201E0424291B2B1F5FA6F01DC014AFC
:1042B00010807047020000200348007810B90120E8
:1042C0000149087070470000000000200348007892
:1042D000012802D100200149087070470000002029
:1042E00000BFFEE701460868704770B50346012429
:1042F00000200CE053F82060F643351941F82050B7
:10430000A54201D2012600E000263446401C90421E
:10431000F0DB70BD30B54B1E002204E04FF0FF34DF
:1043200040F82240521C9A42F8DB6FF000454C1EC8
:1043300040F8245030BD30B54B1E002203E000246D
:1043400040F82240521C9A42F9DB4FF000454C1EC7
:1043500040F8245030BD00BFFEE72DE9F04100F0E9
:104360004FF80446207A60B1FCF74AF96168401AB8
:1043700041F28831884204D3002020727D20FFF76B
:104380008BFBFFF789FE08B9BDE8F081FFF778FEE7
:104390000646FFF77BFE054642F6CD40864208DA28
:1043A0004042864205DD4042854202DA4042854273
:1043B00024DCFCF725F907466068A7EB0008B8F194
:1043C0000A0F14D82088401C208020881E2813DB68
:1043D000FFF77CFF00F05EFD0020208001202072AE
:1043E000607A401C60723220FFF756FB04E0B8F19F
:1043F000320F01D300202080676000BF00BFC3E7F9
:1044000000487047B807002000B5FFF7F9FF0146E4
:104410000020088048600872487200BD10B5002175
:104420001648FFF713FB00211448FFF711FB00218A
:104430001248FFF70FFB40F60E611048FFF70CFB28
:104440000E48FFF7E6FA00BF0C48FFF7FAFA00281B
:10445000FAD00A48FFF7DDFA08484430006840F413
:1044600080600649443108600448FFF7D6FA0348E3
:10447000FFF7CFFA0148FFF7DFFA10BD002C01402B
:10448000704700002DE9FC5F05460E4617461C46A6
:10449000DDF8309094F84C0020B90021384604F043
:1044A0008DFE02D80020BDE8FC9F256031462846DD
:1044B00005F060F86060A6603748616B04F0B2FEFA
:1044C00001903846019904F02FFD009004F022FE7F
:1044D000834604F05BFE8246019904F0A3FEE0608F
:1044E0002D49E06804F020FDE0624FF07E50E16A63
:1044F00004F098FE20614FF08040E16A04F092FEE3
:1045000060612648E16A04F08DFEA0612448E16AFA
:1045100004F088FEE0612348E16A04F083FE206233
:104520004FF08240E16A04F07DFE6062E168A162C2
:10453000D4F82C8041461C4804F074FE414600909B
:1045400004F070FE8346414604F06CFE82465146FC
:10455000606804F0E9FCA0634FF08040A16B04F0B8
:1045600061FE8346414604F05DFE8246414604F00A
:1045700059FEE06300202063012084F84C000020F5
:10458000206460642068A064502221464846FBF7FE
:104590003FFE012087E7000000001041000040407E
:1045A0000000C0400000E040000040412DE9F04123
:1045B00004460D4694F84C00012802D00020BDE8C6
:1045C000F08100262169206B04F0F8FD01D2A66B72
:1045D00047E06169206B04F0F1FD01D2002640E064
:1045E000A169206B04F0EAFD03D2A06B80F00046C5
:1045F00037E0E169206B04F0E1FD04D20020206483
:10460000E06B60642DE0216A206B04F0D7FD03D2DB
:10461000A06B80F0004624E0616A206B04F0CEFDC0
:1046200001D200261DE0A16A206B04F0C7FD01D273
:10463000A66B16E00021606804F03BFF07D8A16874
:10464000A06C04F036FF09D2A068A06406E0A1685F
:10465000A06C04F0B3FD01D2A068A064022084F82D
:104660004C0094F84C0001282ED13046616B04F0C8
:10467000D9FD0746216C04F0E9FB2064616B206CD6
:1046800004F0D0FD0746616C04F0E0FB6064616BF0
:10469000606C04F0C7FD0746A16C04F0D7FBA06472
:1046A0000021606804F005FF07D8A168A06C04F041
:1046B00000FF09D2A068A06406E0A168A06C04F025
:1046C0007DFD01D2A068A064D4E90C0104F0BEFB1A
:1046D0002063E168206B04F0ECFE03D2002084F834
:1046E0004C002063502221462846FBF791FD012013
:1046F00065E700000021016041608160C1600161E7
:10470000002242618261C261026242628262C162CF
:1047100001630549416300218163C1630164416410
:10472000816480F84C1070476F12033B2DE9F04113
:1047300004460025CCB1FFF7CBFC064604F026FD6D
:104740002060241DFFF7BEFC064604F01FFD20601C
:10475000241DFFF7BDFC0746FFF7B4FC3E1A3046A8
:1047600004F014FD2060241D03252846BDE8F081D7
:1047700010B500211348FEF7C9FA00211148FDF7D2
:1047800061FE04210F48FEF7C1FA04210D48FDF730
:1047900059FE08210B48FEF7B9FA08210948FDF730
:1047A00051FE0C210748FEF7B1FA0648FDF758FF05
:1047B00000F070FB002400E0641C03488442FBD33B
:1047C00010BD000024080020404B4C0008B50849EB
:1047D0000968C9084FF47A72B1FBF2F141430091C4
:1047E00000BF00BF00994A1E00920029F9D108BD00
:1047F000EC000020F8B505460E460024002700BF57
:104800000AE004EB440105EB810000F010F80746D4
:1048100007B103E0601CC4B2B442F2DB00BF8DF804
:1048200000408DF80170BDF800100846F8BD70B565
:1048300004460025A28891B22068FCF779FF70B980
:10484000207A012819D16089401C60816089B0F507
:104850007A7F12DB01250020207260810DE0207A32
:1048600058B96089401C60816089B0F57A7F04DBAB
:1048700002250120207200206081284670BD70470B
:1048800010B5FFF73DFC0446022C01D0042C01D1E9
:10489000FCF782F810BD70B50546FFF731FC044601
:1048A000022C01D0042C03D12846FCF783F870BDFC
:1048B000052C03D12846FEF7B8FCF8E72846FEF79A
:1048C000B4FCF4E770B505460E46FFF719FC044644
:1048D000022C01D0042C04D131462846FCF78EF876
:1048E00070BD052C04D131462846FEF7BBFCF7E726
:1048F00031462846FEF7B6FCF2E710B5FFF700FC9C
:104900000446022C01D0042C02D1FCF7D4F806E0B6
:10491000052C02D1FEF7FFFC01E0FEF7FCFC10BD08
:1049200010B5FFF7EDFB0446022C01D0042C02D198
:10493000FCF720F906E0052C02D1FEF729FD01E085
:10494000FEF726FD10BD00000648008806490860F5
:1049500004484088091D086002488088091D0860D5
:104960007047000018000020342C014070B5044648
:10497000002574B1FFF7BEFB064604F007FC20607B
:10498000241DFFF7B1FB064604F000FC2060241D47
:104990000225284670BD000010B51B480078042889
:1049A00006D11A480078042802D00120184908705E
:1049B00015480078092805D014480078092801D145
:1049C00000F068FA104800780A280BD00F480078E9
:1049D0000A2807D10E48007820B100200C49087041
:1049E000FFF74EFF08480078032807D107480078F2
:1049F0000C2803D1FFF781FF00F06CFA0348007820
:104A00000149087010BD0000DD00002026000020D4
:104A1000DC00002010B5FCF7A9FEFBF7F7FDFFF75F
:104A20001FF805490548FFF74DFF02F03FFEFFF76D
:104A3000B3FFFFF792FC10BD14000020100000200F
:104A400000B593B0282109A8FBF714FC142104A891
:104A5000FBF710FC002000900190029003900120D1
:104A6000099000040A9000200B9001200D90022074
:104A70001090C10311914FF4E011129109A8FDF7B4
:104A8000A1F908B1FCF78CF80F20049002200590E2
:104A9000002006904FF480600790002008900221CB
:104AA00004A8FDF759F808B1FCF77AF80220009045
:104AB000800302906846FCF7B7FF08B1FCF770F876
:104AC00013B000BD704710B5FDF70CF94FF4FA7143
:104AD000B0FBF1F42046FDF7A7FB10BD10B500BFF9
:104AE0006FF001000249086100BF00F0B3F910BD8A
:104AF000002C014010B50248FDF743FF10BD000037
:104B00006C08002010B500BF0D48006900F00100DE
:104B100038B100BF6FF001000949086100BFFEF71E
:104B20000DFE00BF06480069C0F3400038B100BF69
:104B30006FF002000249086100BFFEF7C1FC10BD22
:104B40000004004010B50268184B984208D0B0F13C
:104B5000804F05D0164B984202D0164B984203D195
:104B600022F070024B681A43104B984208D0B0F103
:104B7000804F05D00E4B984202D00E4B984203D185
:104B800022F44072CB681A4322F080034C6943EA56
:104B9000040202608B68C3620B688362034B984215
:104BA00001D10B6903630123436110BD002C014057
:104BB000000400400008004030B501F01F0501244A
:104BC00004FA05F3046A9C430462046A01F01F05B9
:104BD00002FA05F52C43046230BD30B501F01F0523
:104BE000042404FA05F3046A9C430462046A01F095
:104BF0001F0502FA05F52C43046230BD30B50C46A2
:104C0000816821F47F4142EA0325254329438160DD
:104C100030BD0A46816821F0700142F00703194354
:104C20008160704730B5056A25F001050562026AAA
:104C30004368846924F0700424F003040D682C4355
:104C400022F002028D682A430D4DA84206D100BF12
:104C500022F00802CD682A4322F00402084DA8423F
:104C600007D123F4807323F400734D692B438D69BE
:104C70002B43436084614D684563026230BD000090
:104C8000002C014030B5056A25F010050562026A66
:104C90004368846924F4E04424F440740D6844EAD1
:104CA000052422F020028D6842EA05120E4DA8422A
:104CB00007D100BF22F08002CD6842EA051222F03F
:104CC0004002094DA84209D123F4806323F4006314
:104CD0004D6943EA85038D6943EA85034360846136
:104CE0004D688563026230BD002C014030B5056A15
:104CF00025F480750562026A4368C46924F0700473
:104D000024F003040D682C4322F400728D6842EAFB
:104D100005220F4DA84207D100BF22F40062CD68E2
:104D200042EA052222F48062094DA84209D123F407
:104D3000805323F400534D6943EA05138D6943EA18
:104D400005134360C4614D68C563026230BD000055
:104D5000002C014030B5056A25F480550562036AD0
:104D60004468C26922F4E04222F440720D6842EACB
:104D7000052223F400538D6843EA0533064DA8420B
:104D800004D124F480444D6944EA85144460C2612E
:104D90004D680564036230BD002C014030B50B4600
:104DA0001446026A056A25F001050562816921F051
:104DB000F00141EA041122F00A021A438161026201
:104DC00030BD000070B50C461546066A26F0010697
:104DD00006628169026A124EB04208D0B0F1804F7B
:104DE00005D0104EB04202D00F4EB04201D1012684
:104DF00000E000261EB121F00301294301E041F04B
:104E0000010121F0F001F02606EA0316314322F0F9
:104E10000A0204F00A0632438161026270BD00009A
:104E2000002C0140000400400008004030B50B4653
:104E30001446056A25F0100505628169026A21F4AD
:104E4000704141EA043122F0A00242EA031281617A
:104E5000026230BD10B50C48FEF7D6FD0B48FEF7D8
:104E6000D3FD4FF480500A49096A0143084A116290
:104E700000BFC1000448FEF7C3FD4FF400410348E2
:104E8000FEF7BEFD10BD00000024014000280140D7
:104E9000002C014010B500BF0D48C06820F0010093
:104EA0000B49C86000BF00BF0846406C20F40040BA
:104EB000486400BF0846FEF7ACFD00BF0448FEF79B
:104EC000C0FD0028FAD00248FEF7A3FD10BD000087
:104ED000002C014010B54FF461611848FEF7B6FD93
:104EE0004FF461611548FEF7B3FD4FF4616113485B
:104EF000FEF7B0FD40F60E611048FEF7ADFD0F481D
:104F0000FEF787FD00BF0D48FEF79BFD0028FAD095
:104F10000A48FEF77EFD09484430006840F480608E
:104F20000649443108600548FEF777FD0348FEF75F
:104F300070FD0248FEF780FD10BD0000002C01400E
:104F400070B505466C6A0020E085E0842046FDF7D8
:104F50004AFF70BD0168C96821F490710268D16090
:104F60000168496921F0010102685161016B012961
:104F700005D10168C96821F010010268D1602021C3
:104F800080F83E1000210163704710B50446206888
:104F9000C06820F040002168C860202084F83D00EF
:104FA0002046FEF741F9002010BDF8B5044694F8FC
:104FB0003E00222869D1A068B0F5805F0CD120693D
:104FC00050B90025A66A20684068C0F30800308008
:104FD000A06A801CA06215E0A56A0026A068B0F552
:104FE000805F03D0A06828B9206918B9206840689C
:104FF000287004E02068406800F07F002870A06AF4
:10500000401CA062E08D401E80B2E085A8BB2068F5
:10501000C06820F020002168C8602068C06820F4C3
:1050200080702168C8602068406920F00100216814
:105030004861202084F83E00206B01281ED100200A
:1050400020632068C06820F010002168C8602068D4
:10505000006800F0100010280AD100BF0020009066
:1050600020680068009020684068009000BF00BF82
:10507000A18D2046FDF7B6FE03E004E02046FEF7D2
:1050800069F80020F8BD0020FCE70220FAE70000E4
:1050900070B504462168096921F44051E268114362
:1050A000226811612269A1681143626941EA02051F
:1050B0002168C96841F20C62914329432268D1609A
:1050C0002168496921F44071A26911432268516144
:1050D0002D4A2168914202D1FCF71AFE01E0FCF74B
:1050E00007FE00EBC00101EB001162689200B1FB0A
:1050F000F2F100EBC00202EB001263689B00B2FB0E
:10510000F3F26423B2FBF3F202EBC20303EB0212ED
:10511000A1EB8201322202EB01116422B1FBF2F118
:1051200001F0F00100EBC00202EB001263689B008B
:10513000B2FBF3F26423B2FBF3F201EB021200EBD9
:10514000C00101EB001163689B00B1FBF3F100EBC0
:10515000C00303EB00136668B600B3FBF6F36426E6
:10516000B3FBF6F303EBC30606EB0313A1EB8301DA
:10517000322303EB01116423B1FBF3F101F00F01C2
:1051800011442268916070BD00380140014691F8D9
:105190003D00212828D18868B0F5805F0BD10869CF
:1051A00048B90A6A1088C0F308000B685860086A9A
:1051B000801C086205E00B6A581C086218780B68AE
:1051C0005860C88C401E80B2C88458B90868C0684E
:1051D00020F080000B68D8600868C06840F040008C
:1051E0000B68D860002070470220FCE72DE9F041F1
:1051F00004460D4617469846069E21E0701CF8B1FD
:105200002EB1FCF7ADFAA0EB0800B04218D9206827
:10521000C06820F4D0702168C8602068406920F020
:10522000010021684861202084F83D0084F83E0098
:1052300000BF002084F83C0000BF0320BDE8F081DF
:10524000206800682840A84201D1012000E0002029
:10525000B842D3D00020F1E710B50248FDF7C4FDF5
:1052600010BD0000FC08002000BFFEE702480068F7
:10527000C0F30220704700000CED00E010B50028DC
:1052800004DB0A07130E054A135406E00A07140E3E
:10529000034A00F00F031B1FD45410BD00E400E0CC
:1052A00018ED00E00021084603F03EBE2DE9F04174
:1052B000C1F30A52A2F2FF362F4A304B0D46044684
:1052C000142E2FDA002E12DA03F0DCF80022134637
:1052D00003F064FC4CD2002DBCBF4FF0004500240D
:1052E00046DB55EA040018BF254D19D140E0DFF830
:1052F00094C02CFA06F705EA070C5CEA040C08BF18
:10530000BDE8F08103F0BEF80022134603F046FC2E
:105310002ED2002D03DD4FF48010F0400544BD4334
:10532000002425E0332EC8BFBDE8F081A6F1140C9F
:105330004FF0FF3727FA0CF73C4208BFBDE8F08179
:1053400003F062FC0022134603F028FC10D2002D6B
:105350000DDD142E08BF6D1C09D0C6F134000121EB
:1053600001FA00F02044A04238BF6D1C0446BC4343
:1053700029462046BDE8F0819C7500883CE4377ED4
:105380000000F03FFFFF0F0030B5024639B9002A98
:1053900002DB47F6FF7000E00E48034617E0002AE4
:1053A00002DAD443641C00E01446002902DACD433B
:1053B0006D1C00E00D46B4FBF5F0D40FB4EBD17FCB
:1053C00002D0444224B200E004B2234600BF184693
:1053D00030BD00000080FFFF30B5024641B9002A11
:1053E00002DB6FF0004001E04FF00040034616E0A2
:1053F000002A02DAD443641C00E01446002902DAD1
:10540000CD436D1C00E00D46B4FBF5F0D40FB4EBBA
:10541000D17F01D0444200E00446234600BF184635
:1054200030BD00002DE9F041C1F30A52A2F2FF366F
:105430002F4A304B0D460446142E2FDA002E12DA76
:1054400003F020F80022134603F0A8FB4CD2002DF5
:10545000A4BF0024254647DA25F00040204318BFAA
:10546000254D41D018E0DFF894C02CFA06F705EA84
:10547000070C5CEA040C08BFBDE8F08103F002F8F9
:105480000022134603F08AFB2ED2002D03DA4FF4DC
:105490008010F0400544BD43002425E0332EC8BFF2
:1054A000BDE8F081A6F1140C4FF0FF3727FA0CF796
:1054B0003C4208BFBDE8F08103F0A6FB0022134682
:1054C00003F06CFB10D2002D0DDA142E08BF6D1CFA
:1054D00009D0C6F13400012101FA00F02044A042B5
:1054E00038BF6D1C0446BC4329462046BDE8F08108
:1054F0009C7500883CE4377E0000F0BFFFFF0F0082
:1055000070B5054620F00040C0F1FF400C46C00FCA
:1055100005D124F00040C0F1FF40C00F17D028464D
:1055200003F048FF6FEAD05111F0FF0F08BF70BDC4
:10553000E917B1EBE07F08BF70BD014664F31E01BF
:10554000BDE870400A460146104604F013B84FF01B
:105550007F40B0EB450F18BF5FEA4400DFD1012068
:10556000FAF72EFFBDE87040FFF79CBEFCF70AF982
:10557000FFF766FAFEF714FBFEF7A0FAFEF7D8FA7B
:10558000FEF7A0FBFEF72CFCFEF7B4FCFEF768FC70
:10559000FEF7A4F901F0DCFFFEF7FAFDFEF782FA50
:1055A000FEF732FFFEF7C2FCFAF75CFFFFF78BFA5B
:1055B000FFF7B6F9FFF7DCF8FEF7E6FC0AE0002497
:1055C00003E0FEF79DF9601CC4B20A2CF9DBFEF77C
:1055D000C1F800BFF3E700002DE9F0410546DDE921
:1055E0000667089C05FB03FCC4F800C001FB02FC35
:1055F000C4F804C0D4E900C8ACEB080CC4F808C077
:1056000005FB02FCC4F80CC001FB03FCC4F810C08D
:10561000D4E903C8C444C4F814C0D4F808C04FEA9D
:10562000EC3CC4F818C0A069B0F5004F04DB47F6A5
:10563000FF7CC4F81CC008E010F5004F04DADFF866
:1056400058C0C4F81CC000E0E061B4F81CC00FFAF8
:105650008CFCA6F800C0D4F814C04FEAEC3CC4F8A7
:1056600020C0206AB0F5004F04DB47F6FF7CC4F889
:1056700024C008E010F5004F04DADFF81CC0C4F8BD
:1056800024C000E06062B4F824C00FFA8CFCA7F8D4
:1056900000C0BDE8F08100000080FFFF2DE9F04769
:1056A00080460E4617469946089CA7F80080B7F931
:1056B000000030443044206044F6E61ABAF5004F4A
:1056C00002D36FF0004501E04FEA0A451022284658
:1056D000216802F0EEF860606068C013A060A56801
:1056E000B5F5004F03DB47F6FF70E06006E015F507
:1056F000004F02DA0448E06000E0E560A08900B2F3
:10570000A9F80000BDE8F0870080FFFF2DE9FF4FFA
:1057100083B081468A469B46DDE91747BAF9008087
:1057200042F26760804501DD804603E0FE48804527
:1057300000DA8046A4F85280BAF9028042F267602B
:10574000804501DD804603E0F748804500DA804669
:10575000A4F85480BBF80000F4490880BBF80200AC
:10576000F349088004F19C0004F164039A1E009040
:105770000846B0F90010ED48B0F90000FFF78EFFC1
:105780005634A18915980180E18916980180059801
:10579000FAF792FF20800598FAF756FF6080563C92
:1057A00004F1740004F160018A1ECDE90021029029
:1057B000B4F95830B4F95620DDF858C0BCF90010DF
:1057C000DDF854C0BCF9000001F0CEFDB4F85E0075
:1057D000D8490880B4F852000988401A00B2D64966
:1057E000088002220846B0F9001046F2D73002F0D5
:1057F00017F82060B9F1000F05DD97F90C000028BB
:1058000001DC002038603868606025686668002D1B
:1058100006DAC5F10040B04202DD4FF000450AE073
:10582000002D07DD6FF00040401BB04202DA6FF040
:10583000004500E03544A81305EB9040801320623A
:10584000256AB5F5004F03DB47F6FF70606206E09E
:1058500015F5004F02DAB948606200E06562A08C7D
:1058600000B2A4F85A00B4F86000B549088054208A
:10587000005B0988401A00B2B2490880022208463B
:10588000B0F9001046F2D73001F0CAFFA060B9F1BC
:10589000000F05DD97F90D00002801DC002078607D
:1058A0007868E060A568E668002D06DAC5F100407A
:1058B000B04202DD4FF000450AE0002D07DD6FF039
:1058C0000040401BB04202DA6FF0004500E0354472
:1058D000A81305EB90408013A062A56AB5F5004FB0
:1058E00003DB47F6FF70E06206E015F5004F02DAD1
:1058F0009248E06200E0E56234F82C0F00B22086A6
:10590000B4F93010B4F92E002C3C8F4B8F4AFAF7C3
:1059100043FE04F1AC0004F168018A1ECDE90021C8
:105920000290B4F95830B4F956208748B0F9001005
:105930008648B0F90000FFF74FFE00202063206A80
:10594000B0F5004F0ADB256A8148854201DAC507B8
:1059500002E0A5F5FE45FF3D656310E0206A10F505
:10596000004F02DB0020606309E0256A15F1802FFB
:1059700002DB6FF0004501E005F500456563D4E901
:105980000C01884201D0012000E0002084F86E0064
:10599000656B002D03DA4FF0FF30A06305E0002DAA
:1059A00001DD012000E00020A063A56B7F2D01DD5B
:1059B0007F2504E015F1800F01DA6FF07F0568B2F2
:1059C00084F86A0002225C48B0F900104FF4F0102D
:1059D00001F026FF20612569002D03DA4FF0FF302A
:1059E000E06305E0002D01DD012000E00020E06320
:1059F000E56B7F2D01DD7F2504E015F1800F01DAD5
:105A00006FF07F0568B26A34607094F9000094F911
:105A100001106A3C884201D1012000E0002084F896
:105A20006F0094F86E0020B194F86F0008B1012067
:105A300000E0002084F8700094F8700010B100209D
:105A4000606101E02069606100202064A06AB0F517
:105A5000004F0ADBA56A3E48854201DAC50702E02D
:105A6000A5F5FE45FF3D656410E0A06A10F5004F06
:105A700002DB0020606409E0A56A15F1802F02DBDB
:105A80006FF0004501E005F500456564D4E91001BB
:105A9000884201D0012000E0002084F87100656C8C
:105AA000002D03DA4FF0FF30A06405E0002D01DD8A
:105AB000012000E00020A064A56C7F2D01DD7F2582
:105AC00004E015F1800F01DA6FF07F0568B284F809
:105AD0006C0002221B48B0F900104FF4F01001F0E6
:105AE0009FFEA061A569002D03DA4FF0FF30E0644E
:105AF00005E0002D01DD012000E00020E064E56C00
:105B00007F2D01DD7F2504E015F1800F01DA6FF0B4
:105B10007F0568B26C34607094F9000094F901104C
:105B20006C3C884218D115E099D9FFFF480000204D
:105B30004A0000204C0000204E0000200080FFFFA3
:105B40005000002052000020560000205400002089
:105B5000FF7F0080012000E0002084F8720094F8AC
:105B6000710020B194F8720008B1012000E000201B
:105B700084F8730094F8730010B10020E06101E034
:105B8000A069E061B4F8661013980180B4F8681059
:105B90001498018004F150001299CDE90010149A74
:105BA000B2F90010139AB2F90000DDE91023FAF7F8
:105BB000BBFD3D680A222348616901F015FE0646D7
:105BC000002D06DAC5F10040B04202DD4FF000457D
:105BD0000AE0002D07DD6FF00040401BB04202DA02
:105BE0006FF0004500E035443D60B9F1000F01DD84
:105BF000012000E0002038737D680A221148E16925
:105C000001F0F2FD0646002D06DAC5F10040B04273
:105C100002DD4FF000450AE0002D07DD6FF0004087
:105C2000401BB04202DA6FF0004500E035447D6071
:105C3000B9F1000F01DD012000E00020787307B00A
:105C4000BDE8F08FEBE2361A022101734173704711
:105C50002DE9FF4F99B006469046DDF8B490DDE996
:105C60002F451A9808B9012000E0002084F8370079
:105C7000032E01D1012000E0002084F83200B8F1A9
:105C80000C0F01D1012000E0002084F833004FF018
:105C9000FF30099094F83200002816DD00200990AA
:105CA00005F10C0104F13C02934B3198CDE902322D
:105CB000CDE9041091492E98CDE9000194F8330004
:105CC0004B460021299A01F095F809982872B8F1FD
:105CD000040F01D1012000E0002084F8340094F882
:105CE000340008B9687A08B1002028602868A060EC
:105CF00042F21070E06094F8370000287ED094F8EB
:105D00003400002824DD042E01D1012000E0002011
:105D100084F83500022E01D1012000E0002084F833
:105D2000360094F8360010B994F8350008B1012017
:105D300000E0002084F8390094F8390018B140F6EA
:105D4000AB20208601E000202086208E60856CE05C
:105D50003C21A06890FBF1F060616069A061A769D7
:105D6000D4F80CA0BAF1000F02D10020E06106E0E7
:105D700051463846FFF730FB0AFB1070E061E069DE
:105D80000B905F480A90022017A901230AAACDE9C7
:105D9000001019460BA801F0B4FFDDE91701C4E9B2
:105DA0000001D4E90001CDE91701022215A9D003B1
:105DB00001F01CFF02200FA911ABCDE90430CDE9A1
:105DC000061013A903220CABCDE90032CDE9021075
:105DD000034615AA022117A801F03BFF0CA8FEF705
:105DE00081FA07462762208C00B2A0854FF0050B90
:105DF000BBF1070F05DD47F6FF7000E019E00890E2
:105E000003E04FEA0B3000B20890B4F92C00089977
:105E100000FB01F7381307EB105000136062A08CF1
:105E200000B2E085E08D608500BF608D3549088057
:105E300012E0032E01D1012000E0002084F8380098
:105E400094F8380018B1B9F80000208501E02898CE
:105E50002085208D2B490880E068269948432061E1
:105E600005F13C0004F59471274A284BCDE9053231
:105E7000CDE90710264A274BDDE92B0101AF0BC7FF
:105E800004922A98009094F833001E49B1F900203A
:105E9000279B1C99FFF73AFC287AD0B905F10C0032
:105EA00004F13C01144A154BCDE90232CDE904104E
:105EB0000020CDE900091448B0F900301348B0F9CA
:105EC00000201348B0F900101248B0F9000001F0AA
:105ED000F7F90A221048216901F086FC2968084474
:105EE000286094F83400002801DD012000E0002043
:105EF00068721DB0BDE8F08F300000202C0000203B
:105F0000B98D060034000020380000203600002043
:105F10003C0000203A000020EBE2361A70B505463E
:105F20000C46FF20207204F13C00FFF78DFE04F1C7
:105F30000C01284601F0BEF970BD00002DE9FF4FAD
:105F400081B08046DDE911A6DDE9164503980028F9
:105F500005DA0398404200B2A4F86C0202E003980C
:105F6000A4F86C02B4F96C02B0F5167F01DB0120D5
:105F700000E0002084F89C02B8F1030F01D1012059
:105F800000E0002084F89D0295F8740084F88302F4
:105F900094F88302052801D1012000E0002084F854
:105FA0009E0294F89D0220B194F89E0208B101204F
:105FB00000E0002084F89F0294F89F02A8B30498A0
:105FC000002805DA0498404200B2A4F86E0202E00C
:105FD0000498A4F86E0241F2185004F26E24608016
:105FE000B4F902000A2190FBF1F000B2A08041F662
:105FF000C810E080B4F9060090FBF1F000B22081F7
:10600000B4F90000B4F90410A4F26E24884201DB54
:10601000012000E0002084F8A102B4F96E02B4F976
:106020007612884202DC012001E00DE0002084F8B5
:10603000A20294F8A10220B194F8A20208B10120B2
:1060400000E0002084F8A30294F8A30220B194F8A1
:106050009C0208B1012000E0002084F8A002B5F8FD
:1060600070004FF6FF71884204D2B5F87000401CF2
:10607000A5F8700095F87D0058B9012085F87D00DD
:10608000052085F87E000120307000208AF800008D
:1060900040E195F87E000C2871D2DFE800F0700630
:1060A00019224D757BC1CCF8F7F6B5F870004FF4A6
:1060B0002F71B1EB400F08DC012085F87F00022032
:1060C00085F87E000820307001E00420307020E167
:1060D000092085F87E000020A5F8700009203070A6
:1060E00017E1029828B3062085F87E000020A5F865
:1060F00070000320307000208AF80000B8F1050F0E
:1061000002D1012085F87F0095F87F00012812D187
:10611000B8F1020F02D0B8F1050F03D101208AF8BF
:10612000000008E0B8F1040F05D102208AF8000051
:1061300001E002203070ECE0029828B9022085F8D6
:106140007E00082030701EE0B8F1030F0BD1B5F8C7
:10615000701040F2DC52B2EB410F04DC94F8A01254
:1061600009B1012100E00021084648B101218AF867
:1061700000100C2185F87E100B21317002E0C2E086
:106180000521317000BFC4E0032085F87E000220A5
:106190003070BEE0B5F8700010B300208AF800003F
:1061A000B8F1050F02D1012085F87F0095F87F0036
:1061B00001280FD1B8F1020F02D0B8F1050F03D1B9
:1061C00001208AF8000005E0B8F1040F02D1022096
:1061D0008AF80000082085F87E000C2030701EE050
:1061E0000320307000208AF80000B8F1050F02D1BA
:1061F000012085F87F0095F87F0001280FD1B8F1C4
:10620000020F02D0B8F1050F03D101208AF8000077
:1062100005E0B8F1040F02D102208AF8000078E00E
:10622000029828B9022085F87E000820307001E02D
:10623000072030706DE09AF80000012805D10B208E
:1062400085F87E00062030702EE095F87F0040B97A
:10625000012085F87E000020A5F870000420307031
:1062600022E095F87F1021B19AF8001009B90121B8
:1062700000E00021084658B1042185F87E10002175
:10628000A5F87010052131700DE02BE01DE00CE049
:106290009AF80010022904D1072185F87E10317088
:1062A00001E00C21317000BF33E0B5F870003228F6
:1062B00008D30A2085F87E000020A5F870000A2087
:1062C000307001E00920307023E0B5F8700032280A
:1062D00005D3032085F87E000220307001E00A20FB
:1062E000307016E0029858B9B8F1030F02D10020BF
:1062F00085F87F00022085F87E000820307001E0DC
:106300000620307005E00B2085F87E0006203070F6
:1063100000BF00BF3078012800D100E0002084F8E1
:10632000880294F8880248B104F5A070FEF7E2F9FB
:10633000502204F5A0712846F9F76AFF3078072843
:1063400001D1012000E0002084F88902A868C4F887
:106350009001D4F890010E9902F0A8FE01D001201E
:1063600000E0002084F88A0294F8890220B194F8B1
:106370008A0208B1012000E0002084F88B0294F822
:106380008B0228B3109802F001FF0746FE4902F085
:10639000CBFDC4F89C015022294604F1A000F9F776
:1063A00037FF04F1F000009004F1A003D4F89C0141
:1063B000DDE90E12FEF766F884F8820294F8820294
:1063C000002805DD502204F1F0012846F9F720FFEE
:1063D000B8F1040F01D1012000E0002084F88C0204
:1063E00095F8720084F8780294F87802022801D1B6
:1063F000012000E0002084F88D0294F88C0220B186
:1064000094F88D0208B1012000E0002084F88E028B
:10641000B8F1040F01D1012000E0002084F88F02C0
:1064200030780C2801D1012000E0002084F890028F
:1064300095F8730084F8790294F879020C2801D059
:10644000012000E0002084F8910294F88F0238B116
:1064500094F8900220B194F8910208B1012000E074
:10646000002084F8920294F88E0210B994F89202F7
:1064700008B1012000E0002084F8930294F8930210
:1064800090B1109802F082FE0746BF4902F04CFD21
:10649000C4F89401D4F89401A860D4F89401A864D5
:1064A000002085F84C0028639AF8000020B10128EC
:1064B0007CD002287BD127E330780C2801D1012041
:1064C00000E0002084F8810294F8810210B995F868
:1064D000770008B100202865286DC4F8F801AB48A2
:1064E000C4F8FC0195F87B0010B1D4F8FC01686594
:1064F00094F8810210B995F8780010B1D4F8FC0135
:106500006865686DC4F8000240F26760A4F8540240
:10651000B4F954020003C4F804024FF42F77D4F8FE
:10652000049247B9B9F1000F02DB6FF0004004E0BC
:106530004FF0004001E099FBF7F004F50074A06013
:106540002068C11700EB11510913E16000202061A0
:106550004FF42F77D4F81090A4F5007447B9B9F12F
:10656000000F02DB6FF0004004E04FF0004001E05C
:1065700099FBF7F004F5FC74E0612068C11700EBAB
:106580001151091321624FF47A7120694843606206
:10659000E0694843A0626769A4F5FC74DFF8F091F4
:1065A00041F2343B5F4503DD5F4604E057E1AAE278
:1065B0004F4500DA4F4638B2A4F85602D4F81872A4
:1065C000DFF8D0914FF4167B5F4501DD5F4602E0B6
:1065D0004F4500DA4F4638B2A4F858020398002815
:1065E0000CDB40F6CD40A4F85A0241F234314FF4AE
:1065F00017700153011F801C01531CE04FF2333010
:10660000A4F866024EF6CC414FF41A7001534FF6CF
:10661000A851801C0153B4F86602A4F85A024FF442
:106620001A70015B4FF41770015340F26A20015B4E
:1066300040F25E200153B4F95A020003C4F8240268
:1066400095F87C0010B1D4F82402A86594F8810272
:1066500010B995F8790010B1D4F82402A865A86D96
:10666000C4F82802D4F82802C11700EB115109130D
:10667000C4F82C12D4F82C72DFF8149141F2343B98
:106680005F4501DD5F4602E04F4500DA4F4638B214
:10669000A4F8600294F8810210B995F87A0008B164
:1066A0000020E865E86DC4F83002D4F83002C11764
:1066B00000EB11510913C4F83412D4F83472DFF826
:1066C000D4904FF4167B5F4501DD5F4602E04F45F5
:1066D00000DA4F4638B2A4F862023078042802D0BB
:1066E000052818D10BE0B4F8561213980180002148
:1066F00014980180B4F858121598018013E0002115
:1067000013980180B4F8601214980180B4F86212F2
:106710001598018007E000211398018014980180EA
:106720001598018000BF00BF4FF41770005B04F59F
:106730000E74618C401A00B2A085B4F92C000003DD
:10674000206040F2DC57D4F80090A4F50E7447B9ED
:10675000B9F1000F02DB6FF0004004E04FF00040A1
:1067600001E099FBF7F0C4F83C02B4F95E020003C3
:10677000C4F8400240F2DC57D4F8409297B9B9F11E
:10678000000F0CDB08E0000083F9224600D0CC00AB
:10679000CCECFFFFA8FDFFFF6FF0004004E04FF0DE
:1067A000004001E099FBF7F004F5087460624FF4D3
:1067B0007A71E0694843A062606A4843E06205225A
:1067C000FC48216801F010F8296D0844286594F808
:1067D0006100A4F50874002801DD012000E000201C
:1067E00085F87700002085F87B000522F148D4F871
:1067F0001C1200F0F9FF696D0844686594F8810285
:10680000002801DD012000E0002085F8780000204C
:1068100085F87C000522E748D4F8481200F0E4FF30
:10682000A96D0844A86594F88102002801DD0120C3
:1068300000E0002085F879000522DE48D4F84C12EB
:1068400000F0D2FFE96D0844E86594F88102002861
:1068500001DD012000E0002085F87A00A6E2307812
:106860000B2801D1012000E0002084F87D0230785F
:106870000B2801D1012000E0002084F87E0230784E
:10688000062801D1012000E0002084F87F02307842
:106890000C2801D1012000E0002084F8800294F847
:1068A0007F0210B994F87E0208B1012000E00020B8
:1068B00084F8970294F8800210B994F87D0208B128
:1068C000012000E0002084F8980200211398018044
:1068D00094F8970218B10398A4F8500202E000203F
:1068E000A4F85002B4F8501215980180B4F8501270
:1068F0000498081A00B2A4F85202B4F95212022203
:106900004FF4C02000F08CFFC4F8A40194F8980262
:1069100010B995F8760008B100202866286EC4F8F2
:10692000A801D4F8A471D4F8A891002F06DAC7F111
:106930000040484502DD4FF000470AE0002F07DD28
:106940006FF00040C01B484502DA6FF0004700E0DE
:106950004F44B81307EB90408013C4F8E001D4F81B
:10696000E071B7F5004F04DB47F6FF70C4F8E401AF
:1069700008E017F5004F03DA8F48C4F8E40101E09E
:10698000C4F8E471B4F8E40101B214980180002065
:10699000C4F8E801D4F8E001B0F5004F0CDBD4F8FE
:1069A000E0718648874201DAC70702E0A7F5FE4793
:1069B000FF3FC4F8EC7114E0D4F8E00110F5004F8B
:1069C00003DB0020C4F8EC010BE0D4F8E07117F110
:1069D000802F02DB6FF0004701E007F50047C4F8A5
:1069E000EC7104F5F47003C8884201D0012000E086
:1069F000002084F89902D4F8EC71002F04DA4FF0EB
:106A0000FF30C4F8F00106E0002F01DD012000E0B6
:106A10000020C4F8F001D4F8F0717F2F01DD7F274A
:106A200004E017F1800F01DA6FF07F0778B284F885
:106A30008602B4F9521202224FF4202000F0F0FE38
:106A4000C4F8AC01D4F8AC71002F04DA4FF0FF3079
:106A5000C4F8F40106E0002F01DD012000E0002071
:106A6000C4F8F401D4F8F4717F2F01DD7F2704E02E
:106A700017F1800F01DA6FF07F0778B284F8870290
:106A800094F9860294F98712884201D1012000E02E
:106A9000002084F89A0294F8990220B194F89A029E
:106AA00008B1012000E0002084F89B0294F89B02CA
:106AB00018B10020C4F8B00103E0D4F8AC01C4F868
:106AC000B0012F6E05223B48D4F8B01100F08CFEC7
:106AD0008146002F06DAC7F10040484502DD4FF03D
:106AE00000470AE0002F07DD6FF00040C01B48455B
:106AF00002DA6FF0004700E04F442F6694F89802E6
:106B000040B285F8760051E1502229462046F9F737
:106B10007FFB04F150012046FDF748FD84F87A021E
:106B200094F87A02002805DD502204F1500128462D
:106B3000F9F76EFB30780C2801D1012000E000202D
:106B400084F87B023078072801D1012000E0002082
:106B500084F87C0200211398018094F87C020028BC
:106B60003ADDA86CC4F898011549D4F8980102F0F0
:106B700059FB834601F07AF98146484600F0B4FF9C
:106B800018B9484600F09AFF10B14FF0000905E02F
:106B90004FF09F414846FEF7B3FC8146002148462E
:106BA00002F00CFB0ED289F0004B584602F0CEFAF0
:106BB00040420AE0D34D62100080FFFFFF7F00805B
:106BC00083F92246484602F0C1FAC4F8DC017D4947
:106BD000D4F8DC01086002E07A491098086079482E
:106BE00001681098081AC4F8B4014FF48037B7F55B
:106BF000003F02DB6FF0004706E017F5003F02DCC4
:106C00004FF0004700E0BF031E223846D4F8B4110D
:106C100000F04FFEC4F8B80194F87B0210B995F863
:106C2000750008B10020686604F5D074686E2060B5
:106C300005226549206800F0D7FDA1690844E0619C
:106C4000E769A4F5D074B7F5004F04DB47F6FF7091
:106C5000C4F8C00108E017F5004F03DA5B48C4F838
:106C6000C00101E0C4F8C071B4F8C00101B21498C9
:106C700001800020C4F8C401D4F8BC01B0F5004F75
:106C800007DBD4F8BC01A0F5FE40FF38C4F8C8010A
:106C90000EE0D4F8BC0110F5004F03DB0020C4F86F
:106CA000C80105E0D4F8BC0100F50040C4F8C801F3
:106CB00004F5E27003C8884201D0012000E0002002
:106CC00084F89402D4F8C871002F04DA4FF0FF3032
:106CD000C4F8CC0106E0002F01DD012000E0002017
:106CE000C4F8CC0194F8CC0140B284F884024FF48B
:106CF0008037B7F5003F02DB6FF0004706E017F57D
:106D0000003F02DC4FF0004700E0BF031E22384680
:106D1000D4F8B41100F0CDFDC4F8D001D4F8D0718E
:106D2000002F04DA4FF0FF30C4F8D40106E0002F42
:106D300001DD012000E00020C4F8D40194F8D40162
:106D400040B284F8850294F9840294F9851288424D
:106D500001D1012000E0002084F8950294F894020B
:106D600020B194F8950208B1012000E0002084F8D9
:106D7000960294F8960218B10020C4F8D80103E0F6
:106D8000D4F8D001C4F8D801002115980180686EAC
:106D9000D4F8D8110844686694F87B02002801DD15
:106DA000012000E0002085F8750000BF00BF3078AA
:106DB00085F8740085F87280307885F8730005B026
:106DC000BDE8F08F28000020D34D62100080FFFF47
:106DD00070B5DDE9045401260E7000260670012608
:106DE00084F87B6084F87C60002616801E802E80EC
:106DF00070BD00002DE9FF4F81B081468A46934661
:106E0000DDE91146B9F1000F05DD1398007801287E
:106E100001D0012000E000200090009878B100200F
:106E2000306070603084B0607084B084F060F08452
:106E30007061308570853061022086F82C00B9F1D0
:106E4000000F01DD012100E000211398017042F2E2
:106E500010702061306860617068A0614FF48051EB
:106E6000A069FEF7B9FAE061308CA4F8CC00B4F95F
:106E7000CC10E069401A206242F24F01206A484378
:106E80006062B068A0624FF48051A06AFEF7A4FA75
:106E9000E062E06AC11700EB116109122163708C96
:106EA000A4F8CE006421206B4843B4F9CE104843C7
:106EB0006063616A60690844616B401AA063A56BF6
:106EC000F64FC7F10008454503DDF548C0F80080DE
:106ED00006E0BD4202DAF248076001E0F0480560D2
:106EE0004FF48051EE480068FEF74EFAA4F8D00047
:106EF000B08CA4F8D200B4F9D200F9F7A5FBA4F83D
:106F0000D400B4F9D000B4F9D4104843E063E06B86
:106F1000C0132064F06860644FF48051606CFEF729
:106F20005BFAA064F08CA4F8D600B4F9D610A06C7B
:106F3000401AE06442F24F01E06C484320654FF490
:106F400080516069FEF748FA6065606DC11700EB1B
:106F500011610912A1656421A06D4843B4F9CE10F6
:106F60004843E065216DA06A0844E16D084420664D
:106F7000256ECA4FC7F10008454503DDC948C0F872
:106F8000008006E0BD4202DAC648076001E0C5485D
:106F900005604FF48051C3480068FEF7F5F9A4F886
:106FA000D800B4F9D200F9F787FBA4F8DA00B4F9F5
:106FB000D800B4F9DA1048436066606EC013A0666A
:106FC000206C4042A16E401AE066BBF1000F02DB6C
:106FD000E06E206706E0E06E4042C4F8C800D4F8D6
:106FE000C800206741F29610216F00F083FC2060FA
:106FF0007069606025686768002D06DAC5F1004099
:10700000B84202DD4FF000450AE0002D07DD6FF0C9
:107010000040401BB84202DA6FF0004500E03D44FA
:10702000281405EB104000146067656F40F2E240E1
:10703000854201DDA06705E09B48854201DAA06733
:1070400000E0A5673C34A08F00B2A4F8A00054F87B
:107050002C0CB4F9A0104843206442F6BE01206C09
:10706000FEF792F9A4F8A200B4F9A2000521FEF7F8
:107070008BF90E99088054F8200C4FF49E71484308
:10708000606454F8240C616C401AA06454F81C0C21
:1070900086494843E06440F2F451A06948432065C2
:1070A000308DA4F8A400B4F9A40040F2566148431E
:1070B0006065D4E912010844216D401A616D0844ED
:1070C000A0654FF49E71E0684843E065E16DA068FB
:1070D000401A2066754920694843606654F8100CD0
:1070E00040F2F4514843A066708DA4F8A600B4F9AC
:1070F000A60040F256614843E066D4E9180108440E
:10710000A16E401AE16E08442067A56D3C3C634FB8
:10711000C7F10008454501DD454602E0BD4200DA01
:107120003D460F980560D4F8AC505C4FC7F100089D
:10713000454501DD454602E0BD4200DA3D46109876
:107140000560BAF1000F05DD96F92C00002801DC7E
:1071500000203061306944F8B00F25684FF4803169
:107160002846FEF739F9A5EB00406060A08801B21F
:10717000049801800020A06054F83C0CB03C40F220
:10718000E24188420ADD656F4948854201DA850798
:1071900001E0A5F2E245C4F8BC5013E04249606F3B
:1071A000884203DB0020C4F8BC000BE0656F404858
:1071B000C043854202DD6FF0004501E005F2E24583
:1071C000C4F8BC50D4E92E01884201D0012000E06F
:1071D000002084F8E600D4F8BC50002D04DA4FF00B
:1071E000FF30C4F8C00006E0002D01DD012000E002
:1071F0000020C4F8C000D4F8C0507F2D01DD7F25E9
:1072000004E015F1800F01DA6FF07F0568B284F8B1
:10721000E40040F2D730216F00F06CFBA060A5685D
:10722000002D04DA4FF0FF30C4F8C40006E0002D52
:1072300001DD012000E00020C4F8C400D4F8C450EF
:107240007F2D01DD7F2504E015F1800F01DA6FF05D
:107250007F0568B2E434607094F9000094F901107D
:10726000E43C884201D1012000E0002084F8E700DE
:1072700094F8E60020B194F8E70008B1012000E09E
:10728000002084F8E80094F8E80010B10020E060E5
:1072900001E0A068E06005B0BDE8F08F001000F8E4
:1072A00040000020440000201EFBFFFFEDE8FFFF30
:1072B000E2040080022281F82C2000220280704724
:1072C0002DE9F05F8046894692469B46DDE90E64D3
:1072D0002248006820600C9800686060A4F820A034
:1072E0001F480068A060B6F8DE0060840B98008834
:1072F000A0840D980068E060A4F826B065690A22B1
:107300001848F16800F070FA0746002D06DAC5F15A
:107310000040B84202DD4FF000450AE0002D07DDD5
:107320006FF00040401BB84202DA6FF0004500E009
:107330003D446561A4F82880A4F82A90B6F9DC10D1
:107340002069084420610A98002801DD012000E03E
:10735000002084F82C00BDE8F09F000040000020D1
:1073600044000020EBE2361A2DE9F0410546DDE944
:107370000667089C05FB03FCC4F800C001FB02FC87
:10738000C4F804C0D4E900C8C444C4F808C005FB6C
:1073900002FCC4F80CC001FB03FCC4F810C0D4E923
:1073A000038CACEB080CC4F814C0D4F808C04FEA46
:1073B000EC3CC4F818C0A069B0F5004F04DB47F6F8
:1073C000FF7CC4F81CC008E010F5004F04DADFF8B9
:1073D00058C0C4F81CC000E0E061B4F81CC00FFA4B
:1073E0008CFCA6F800C0D4F814C04FEAEC3CC4F8FA
:1073F00020C0206AB0F5004F04DB47F6FF7CC4F8DC
:1074000024C008E010F5004F04DADFF81CC0C4F80F
:1074100024C000E06062B4F824C00FFA8CFCA7F826
:1074200000C0BDE8F08100000080FFFF2DE9F04FB3
:1074300087B08046894692469B46DDE91045B8F103
:10744000030F01D1012000E000202072207A68B1F2
:1074500042F24D500AFB00F020604FF47A71206830
:10746000FDF792FFE080E088A08001E0A4F804909E
:10747000D5E90021104601F011FA401E05F108017E
:10748000A28821F81020D5E900010022294BCDE97E
:10749000040100F0F7FFC5E90001D5E90001002271
:1074A000254BCDE9040101F079FB03D200212148ED
:1074B000C5E900100027002618E005F1080131F9A0
:1074C0001600002F06DAC7F10041814202DD4FF0BD
:1074D00000470AE0002F07DD6FF00041C91B814221
:1074E00002DA6FF0004700E00744761C102EE4DB60
:1074F000384601F002FA00220F4BCDE9000101F0FD
:1075000075F8CDE9020100F029FBCDE9040101F095
:10751000C5F90646B6F5004F02DB47F6FF7603E0F5
:1075200016F5004F00DA054E30B2ABF8000007B098
:10753000BDE8F08F0000F03F000030400080FFFF0A
:1075400000220249C0E90021704700000000F03F1E
:107550001CB5082000F0DAFA0220104908704FF438
:107560007A700F4908800F480F49086001200F49C1
:1075700008700F490F48FEF7D1FC0D4880380E49BE
:107580000E4B0F4ACDE900100E490F48FFF720FCC3
:107590000748A838FFF7D4FF1CBD000001000020F9
:1075A0000200002000004040080000205800002099
:1075B000780600202400002008010020220000207E
:1075C00020000020260000202700002010B58CB0ED
:1075D0002D48407B2D4908772B48807B48772A48E7
:1075E00090F90C0044002848801C30F814004881B1
:1075F0002548801C611C30F81110244881812248E4
:1076000040892249C881224A1F48B83001F53471A7
:10761000204BCDE90831CDE90A02A1F2B620A0F154
:1076200012018A1E0B1FCDE90432CDE906101A485B
:10763000B0F900101948B0F90020194B1348B0F9FF
:107640000E00CDE90132039100901048427F017F86
:1076500000F10A0313480078FEF7FAFA0B48808815
:10766000114908800948C0884880084800898880F6
:1076700005480088054908820648B0F9000002491B
:1076800008800CB010BD0000C0050020F0000020F4
:1076900058000020240000200200002012000020DA
:1076A0000C000020010000201800002000B58BB065
:1076B0003F4800783F4988773F48B0F9000048824A
:1076C0003B480078C8770846008A88823B482031CA
:1076D000CDE900102039B1F91420C87F01F116035B
:1076E0003749B1F90010FFF7A1FE3248C08A354989
:1076F0000880354800682F490860304828302C3110
:10770000A1F11402314BCDE90632CDE90810304920
:10771000304A314B27480068CDE903320591029089
:107720002E4800682E490968CDE900102149B1F9B9
:107730001220887F2349B1F900302A490978FEF7E1
:10774000FDFB254800781D49103948732148007811
:1077500088731F48B0F9001018481038007B08B92A
:10776000012000E00020420014480E3820F81210DA
:107770001648B0F9001011481038007B08B90120F4
:1077800000E00020012202EB40020C480E3820F8F5
:107790001210801E007B08B9012000E0002007497C
:1077A000103908730348008B48810BB000BD0000FE
:1077B00001000020F000002002000020D005002081
:1077C000100000201E0000201400002022000020D5
:1077D00020000020260000202700002008000020B4
:1077E00004000020000000207CB505460E4614462B
:1077F0006B4601AA3146284600F0A2F8009828B945
:107800000120A040401E0199084020B101980028A5
:1078100001DA012100E000210198204108447CBDEB
:107820002DE9FC410746884614466B4601AA4146AD
:10783000384600F085F80198002807DA0120A040BA
:10784000401E0099084008B1012000E000200646D3
:10785000C4F12001019888400099E1400843304478
:1078600000901EB1009808B9012100E000210198A4
:107870002041084401900198002805DC019830B9A6
:107880000098B0F1004F02D36FF000450EE0019870
:10789000B0F1FF3F06DB0198401C30B90098B0F111
:1078A000004F02D24FF0004500E0009D2846BDE8A1
:1078B000FC817CB505460E4614466B4601AA31464E
:1078C000284600F03DF80198002807DA0120A04082
:1078D000401E0099084008B1012200E00022C4F1D6
:1078E0002001019888400099E1400843104400902D
:1078F00000987CBD7CB505460E466B4601AA314614
:10790000284600F01DF80198002805DC019830B9E0
:107910000098B0F1004F02D36FF000440EE00198E0
:10792000B0F1FF3F06DB0198401C30B90098B0F180
:10793000004F02D24FF0004400E0009C20467CBD86
:107940002DE9F04F04460D4690469946002C04DA86
:107950006FEA040A0AF1010A00E0A2465046002D2F
:1079600004DA6FEA050A0AF1010A00E0AA46524663
:10797000060C81B2170C90B206FB00F301FB07FC6A
:107980004843002200EB0C41814200D2012208460C
:1079900001EB0341814200D2521C4FEA1C4A0AEB20
:1079A000134A06FB07AA0AEB0200ACB1A5B1002CF2
:1079B00002DD4FF0010A01E04FF0000A002D02DD68
:1079C0004FF0010B01E04FF0000BDA4504D0C0434B
:1079D000C943491C01B9401CC8F80000C9F800108F
:1079E000BDE8F08F2DE9FC41402600BF202E07D1D5
:1079F00000F014F8074601F0FDF904460D4606E0D4
:107A00000548019000200090DDE9004500BF2046B8
:107A10002946BDE8FC8100000000F07F08B54FF06A
:107A2000FF400090009808BD2DE9FC41402600BFB2
:107A3000202E07D100F014F8074601F0DBF90446C8
:107A40000D4606E00548019000200090DDE9004564
:107A500000BF20462946BDE8FC8100000000F0FF81
:107A600008B502480090009808BD0000000080FFA3
:107A70002DE9FC41402600BF202E07D100F014F86C
:107A8000074601F0B7F904460D4606E005480190A7
:107A900000200090DDE9004500BF20462946BDE8F2
:107AA000FC8100000000F8FF08B5002000900248AB
:107AB0000090009808BD00000000C0FF10B504460B
:107AC00007480168204601F0F1FA05D00548016831
:107AD000204601F0EBFA01D1012010BD0020FCE7A7
:107AE000780000207C00002008B501460091009835
:107AF00000F0FF40B0F1FF4F05D10098C0F3160031
:107B000008B1012008BD0020FCE7000010B50446C4
:107B1000FFF7AEFF0B4A03C2FFF7C6FF0A49086032
:107B2000FFF760FF094A03C2FFF778FF08490860C2
:107B3000FFF77AFF074A03C2FFF792FF0649086082
:107B400010BD0000700000208000002060000020B8
:107B500078000020680000207C0000202DE9F0471C
:107B600004460D4625F00041A04600221C4B40462D
:107B700000F0DAFE2ED200221A4B2046294601F0F0
:107B80000DF80BD80022174B2046294600F07AFC4E
:107B90008046FDF747FC06460F461DE00022124BCB
:107BA0002046294600F0FAFF08D20022134620465C
:107BB000294600F0F5FE06460F460DE00022094B6F
:107BC0002046294601F02CF88046FDF76FFB06465B
:107BD0000F4601E026462F4630463946BDE8F0877D
:107BE000000030430000E03F0000E0BF30B5134626
:107BF0000860C417012202E041F82240521C9A4258
:107C0000FADB30BDF0B50446994201DA0E4600E0D9
:107C10001E463546002004E054F8206042F82060FB
:107C2000401CA842F8DB8B4212DD4F1E54F827702F
:107C300007F0004717B14FF0FF3700E000273E463E
:107C4000284602E042F82060401C9842FADB00BF60
:107C5000F0BD2DE9FF4F84B00D4616461C46DDF8F9
:107C60005490DDE91178681E049951F820004FEA1C
:107C7000D07A601E56F820004FEAD07BBAF1000F90
:107C800005D02A4649460498FCF72FFB05E04A46F2
:107C90002946169B0498FFF7B5FFBBF1000F05D0EE
:107CA000224630461799FCF720FB05E02146304676
:107CB000DDE91723FFF7A6FFDDE91310CDE9007812
:107CC000CDE90210484616A90EC900F0F8F80028C0
:107CD0000CDABAF1000F04D041463846FCF72BFB12
:107CE0000CE041463846FCF715FB07E08AEA0B003A
:107CF00020B1424639463846FCF7F7FA08B0BDE8ED
:107D0000F08F2DE9FF4F84B00746DDE91146059855
:107D1000401E57F82000C00F029001200390002160
:107D200003E0002044F82100491CB142F9DB0025A2
:107D300081E0002257F82500DDF808B0BBF1000F04
:107D400010D06FEA000EDDF80CB00EEB0B00DDF882
:107D50000CB0584502D24FF0010B01E04FF0000B80
:107D6000CDF80CB04FEA104A1FFA80F9A6EB0508CF
:107D7000DDF81CB0C34502DCDDF81CB000E0C346F2
:107D8000D84629464FF0000C4EE0DDF818E05EF8CA
:107D90002C004FEA104B80B20AFB00FECDF800E049
:107DA00009FB0BFECDF804E054F821E00EEB0203D2
:107DB000934202D24FF0010E01E04FF0000E7246E6
:107DC00000FB09F00344834202D24FF0010E01E0B0
:107DD0004FF0000E7244DDF800E04FEA0E4003441D
:107DE000834202D24FF0010E01E04FF0000E7244C8
:107DF000DDF804E04FEA0E400344834202D24FF024
:107E0000010E01E04FF0000E724444F82130DDF81D
:107E100000E002EB1E42DDF804E002EB1E420AFB2A
:107E20000B22491C0CF1010CC445AEDBB14201DA56
:107E300044F821206D1C05988542FFF67AAF029820
:107E400088B1012200210CE054F82100C0438318BE
:107E500044F82130934201D2012000E00020024684
:107E6000491CB142F0DB08B0BDE8F08F70B50546A3
:107E700001F050FB04460146284601F085FB15F051
:107E8000004F4FF07F410AD0B1EB400F13D30028D1
:107E900011DD4FF07E51204600F0D8FF0AE0B1EB33
:107EA000400F28BFB0F1004F05D94FF07E5120465A
:107EB00001F06AFB0446284664F31E0070BD2DE9FC
:107EC000FF4F89B0044617460C9D0C9D6B1E01E0C8
:107ED0006D1E5B1E002D03DD57F823000028F7D030
:107EE000002D7EDD0A9E002305E04FF0000C169861
:107EF00040F823C05B1C17988342F6DB0A98431EA8
:107F000001E0761E5B1E002E03DD54F823000028DE
:107F1000F7D0002E66DDAE4264DB681E0690701E50
:107F20000790002105E04FF0000C189840F821C0A0
:107F3000491C19988142F6DB012E13D12068D7F82D
:107F400000C0B0FBFCF8DDF85890C9F8008008FBD1
:107F50001C0ADDF86090C9F800A04FF00709CDF8C1
:107F6000209046E24FF00109A5F1010C57F82CC012
:107F70004FEA5C0002E009F1010940080028FAD14B
:107F80004FF0010CCDF814C0A6F1010C54F82CC030
:107F90004FEA5C0C604608E0DDF814C00CF1010CFF
:107FA000CDF814C04FEA500C60460028F4D1AE4220
:107FB00003DCDDF814C0CC457DD3A6F1010ADDF861
:107FC00014B00BEB4A1ACDF80CA0A5F1010A09EB8D
:107FD0004A1ACDF808A0B9F1200F2CD0A5F1010A5A
:107FE00001E015E206E257F82A80691E0EE0C9F1A9
:107FF000200A08FA0AF0A1F1010A57F82A8028FAA3
:1080000009FA4AEA000047F82100491E0029EEDC7F
:10801000C9F1200A08FA0AFA47F821A0C9F1200B91
:108020004FF0010A0AFA0BFAAAF1010A6FEA0A0AEA
:10803000CDF810A003E04FF0FF3ACDF810A04FF0BC
:10804000000ACDF800A0CDF820A000BFDDF814A0F4
:10805000BAF1200F2CD0DDF814B0DDF800A0AAEBA7
:108060000B0A0AF1200ACDF800A0DDF81CA054F894
:108070002AC0079A12E0DDF814A0CAF1200A0CFA0F
:108080000AF0A2F1010A54F82AC0DDF814B02CFA63
:108090000BFA4AEA000044F82200521E002AEADCE9
:1080A000DDF814A0CAF1200A0CFA0AFA44F822A05A
:1080B000DDF81CA000E08AE154F82AC0A5F1010A0D
:1080C00057F82A80BAF1000F02D1DDF810A001E0C4
:1080D0004FF0FF3A0AEA0C0AC2451FD10023079A63
:1080E000691E17E0521E54F822C0491E57F821801D
:1080F00011B9DDF810A001E04FF0FF3A0AEA0C0ACE
:10810000C24507D0C44502D94FF0010A01E04FF043
:10811000FF3A534653B90029E4DC07E0C44502D9CD
:108120004FF0010A01E04FF0FF3A5346002B03DA0B
:10813000DDE902BADA457DD9DDE902BAAAEB0B0A1C
:10814000CDF804A09BB9079A691E05E04FF0000A1C
:1081500044F822A0521E491E0029F7DC54F822A040
:1081600057F821B0AAEB0B0A44F822A053E0002BE9
:1081700026DADDF81CA054F82AC04FF01F0ACDF80B
:1081800014A0079A0AE04FEA4C00A2F1010A54F841
:108190002AC040EADC7044F82200521E002AF2DCB9
:1081A0004FEA4C0A44F822A0DDF800A00AF1010AC7
:1081B000CDF800A0DDF804A0AAF1010ACDF804A0D2
:1081C0004FF00008DDF81CA0AAEB050A0AF1010235
:1081D00000211EE054F8220057F821A0A0EB0A0A63
:1081E000AAEB080CB8F1000F07D0844502D34FF07A
:1081F000010A09E04FF0000A06E0844502D94FF079
:10820000010A01E04FF0000AD04644F822C0521C97
:10821000491CA942DEDBDDF804A04FEA5A13DDF861
:1082200058A05AF823A0DDF804B0ABEB431E4FF082
:10823000010B00E050E00BFA0EFB4AEA0B0ADDF8F6
:1082400058B04BF823A0079B01E0761E5B1E002E62
:1082500004DD54F823A0BAF1000FF6D0AE422CDBB7
:10826000A6F1010ACDF81CA04FF0010ACDF814A028
:10827000A6F1010A54F82AA04FEA5A0006E0DDF8F8
:1082800014A00AF1010ACDF814A040080028F6D184
:10829000A6F1010ADDF814B00BEB4A1BDDF800A0D3
:1082A000ABEB0A0ACDF80CA0DDE902BADA4517D229
:1082B0004FF0020ACDF820A012E026B94FF0010AD3
:1082C000CDF820A00CE0A6F1010ACDF81CA04FF0DB
:1082D000040ACDF820A003E04FF0030ACDF820A057
:1082E000DDF820A0BAF1000F3FF4B0AEDDF820A019
:1082F000BAF1010F06D1D4F800B0DDF860A0CAF8D9
:1083000000B043E0DDF800A04FEA5A13DDF800A00A
:10831000AAEB431ACDF804A0DDF804A0BAF1000FCF
:108320000FD11A46002107E054F822B0DDF860A012
:108330004AF821B0521C491CDDF818A05145F3DD64
:1083400024E054F823C000215A1C13E0DDF804A0F7
:108350002CFA0AF054F822C0DDF804A0CAF1200B70
:108360000CFA0BFA4AEA0000DDF860A04AF8210096
:10837000491C521CDDF81CA05245E7DDDDF804A0C5
:108380002CFA0AFBDDF860A04AF821B0B9F1200F01
:108390001CD0D7F8008000210EE0C9F1200A28FA8D
:1083A0000AF001F1010A57F82A8008FA09FA4AEAA4
:1083B000000047F82100491CDDF818A05145ECDB0E
:1083C000C9F1200A28FA0AFA47F821A010E0002192
:1083D00006E054F82180DDF860C04CF82180491C8B
:1083E000DDF864C06145F4DB4FF0060CCDF820C029
:1083F00000BF0CE0002105E054F821C0189840F8B7
:1084000021C0491C19988142F6DB0520089002E042
:108410004FF0FF30089008980DB0BDE8F08F0000D5
:1084200021F00042A2F16052B2F5801F01F000433A
:1084300028BFD2F17F6C0BD95FEA001C43EAC2026D
:1084400042EB507018BF704728BF20F00100704702
:10845000B2F5801FBCBF184670474FEA410C1CF5AF
:10846000001F02D2084601F01FB870B500F042FBB1
:1084700000000089FFF7F6BF4FF00040A0F5800034
:108480007047000010B591EA030F48BF83F0004326
:1084900000F1CE83841A71EB030C05D2121943EB61
:1084A0000C03001B61EB0C01DFF824E14FEA1154CF
:1084B000A4EB135C1EEA430F18BF9EEA445F73D01F
:1084C00023EA0E03DCF1200E21EA045143F4801369
:1084D00032D322FA0CFE10EB0E0023FA0CFE41EB15
:1084E0000E01CCF1200E03FA0EFE10EB0E0051F13E
:1084F0000001B1F5801FCCF1200E32D201EB045106
:1085000012FA0EF2BDE8104058BF7047401C38BF49
:108510005FEA420218BF7047002814BF20F0010034
:1085200041F100014FEA410313F5001F38BF7047C6
:10853000A1F1C04100F02CBB012A43EB0302ACF1D6
:10854000200CDCF11F0E32BF4FF0000E23FA0CF3AB
:1085500010EB030041EB0451B4EB115FD0D0A1EB61
:10856000045101F5801149085FEA300001EB045124
:108570000ED350F1000038BF12FA0EFE08D1BDE84C
:108580001040C9E7401C38BF5FEA4202CAD1C3E7C6
:10859000BDE810404FEA410313F5001F38BF704794
:1085A000A1F1C04100F0F4BA9EEA445F08D011EA9C
:1085B0005E0FBDE8104004BF01F00041002070478D
:1085C000BDE8104070B500F095FA00BF64FBBE3EF8
:1085D0000000E0FF491058BFC1F140415B1058BF97
:1085E000C3F140438B42EFF3008070472DE9C04157
:1085F00030B4DFF8A0C23CEA111418BF3CEA1314EF
:1086000000F0EC8081EA03051CEA111444EAD574F9
:1086100018BF1CEA131500F0C780A4EB05044FF047
:10862000004545EAC12145EAC32341EA505143EAE6
:10863000525304F17F74994204F500344FEAC0208C
:108640004FEAC22208BF904200F09C804FEA1365B7
:108650000FF24016765D4FEA134506FB05F7C7F1AA
:10866000807706FB07F74FEAD737A7FB0368764208
:10867000C8F58038A7FB06CE38BFA8F1010807FB74
:1086800008E64FF0000EA6FB028CE6FB03CEDCF101
:10869000000CCEF1004E38BFAEF1010EA6FB0C5817
:1086A0004FF000074FF00005E6FB0E87A1FB08C660
:1086B000A0FB07CE16EB0E0645F10005E1FB0765B2
:1086C00015F1E04E7EBFA4F580345FEA46066D41A9
:1086D00016F1800745F100054FEA17274FEA0666B5
:1086E00047EA0567A6F1DE46B6F1805F4FEA152539
:1086F0001FD9384624F0010C05EBC471BCF1FE6FA4
:1087000001EB0C1102D8F0BCBDE8008124425CBF33
:1087100001F5801E9EEAC47F02D4F0BCBDE8008152
:10872000244238D4F0BCA1F1C041BDE8004100F0C2
:108730002FBA4FEAD22242EA43524FEAD323A7FB91
:1087400002864FEAD02040EA415007FB03661EEA4A
:108750000E0F4FEAD12105FB026658BFA6EB00566B
:10876000B6EB00564FEA520E4EEAC37E18EB0E0EE1
:1087700056EB530EBDD518EB02085E417F1C55F138
:108780000005B6E74FF480154FF000074FF00006E4
:108790004FF00008ADE7F0BC4FF0000001F1C04120
:1087A00001F00041BDE8008111EA0C1F0CEA13152D
:1087B00000D00CE013EA0C1F00F025804FF0000001
:1087C000F0BC81EA030101F00041BDE80081F0BC8A
:1087D000BDE8004181EA030100F0DAB9F0BCBDE870
:1087E000004170B500F086F9097EFC3E00F007B844
:1087F00081EA03014FF0000001F00041704781EA77
:10880000030100F0C5B9F0BCBDE800414FF0000025
:1088100021497047FFFDFBF9F7F5F4F2F0EEEDEBBF
:10882000E9E8E6E4E3E1E0DEDDDBDAD8D7D5D4D36E
:10883000D1D0CFCDCCCBCAC8C7C6C5C4C2C1C0BFBA
:10884000BEBDBCBBBAB9B8B7B6B5B4B3B2B1B0AFC0
:10885000AEADACABAAA9A8A8A7A6A5A4A3A3A2A1A4
:10886000A09F9F9E9D9C9C9B9A999998979796955F
:1088700095949393929191908F8F8E8E8D8C8C8BFB
:108880008B8A898988888787868585848483838283
:10889000828181800000FF070000F87F4FEA4103DA
:1088A0004FEA5353A3F58063D3F11E03C8BFD3F13E
:1088B000210C0CDD4FF0004242EAC12242EA505244
:1088C00032FA03FC8CEAE17CACEBE1707047102BD0
:1088D000C4BF0020704703F5787CBCF1FF3F04D093
:1088E0006FF0004282EA2100704770B500F002F993
:1088F0004992248000207047F2E710F0004248BF00
:108900004042B0FA80F310FA03F10AD0C3F11D031C
:1089100003F580634FEA415002EB035202EBD12191
:1089200070474FF00000704751EA030C17D41CF554
:10893000801F58BFBCF5801F00F10680994218BF08
:10894000704708BF9042704707D711F5801F58BF86
:1089500013F5801F19D499427047894270471CF55E
:10896000801F08D5BCF5801FF7D58B4218BF704714
:1089700008BF824270474FF4001C1CEB410F38BF08
:108980001CEB430F01D28B42704770B500F0B2F878
:10899000922449004FF000514FF08053FFF71ABE68
:1089A000DFF848C170B51CEA111E1EBF1CEA131582
:1089B0009EEA0C0F95EA0C0F00F06F8081EA030429
:1089C00023EA4C134EEAD47E21EA4C1141F4801183
:1089D00043F48013AE44A1FB024CA0FB0365AEF14F
:1089E0007F7E361955EB0C05A1FB034C4CF10003BF
:1089F000A0FB021C16EB0C06654153F10003094273
:108A000018BF46F0010613F4007F0BD14FEA033183
:108A10004FEA0530340341EA155140EA16506FF031
:108A200003020AE04FEAC3214FEAC520F40241EAFB
:108A3000555140EA56506FF0020202EB2E4201EB14
:108A4000025585EACE710AD05FEA440C18BF24F0C3
:108A5000004450F1000041F1000120EAD47040F2DE
:108A6000FE7C624500D270BDA84214BF4FF0804426
:108A70004FF04044002E08BF0024BEF1806FA8BF15
:108A8000A1F1C041BDE8704080F282804FF000004B
:108A900001F1C04101F0004170479EEA0C0F0CEA61
:108AA000131518BF95EA0C0F06D04FF0000081EAAD
:108AB000030E0EF0004170BD00F01CF88900013E6D
:108AC00000F007B800F009B84FEA430C5FEA5C5CBD
:108AD00008D081EA030100F05BB84FEA410C5FEA7D
:108AE0005C5CF6D14FF00000014970470000FF07C1
:108AF0000000F87F0EF1020E2EF0030E5EF8046BFC
:108B0000364205D4012A43EB030515F5001F12D8A0
:108B1000012841EB010C1CF5001F0CD80ED14FEAC7
:108B2000D17C15F5001F0CEB4C0C0CF1020C08BFAE
:108B30004CEBD37C04E04FF0080C01E04FEAD37C0F
:108B40000CEB4C0526FA05F606F00706B6F1040C08
:108B500006D20EEB860CBDE870404CF0010C60476D
:108B6000DFE80CF0090B02024FF000414FF000006B
:108B7000A1F5002170BD19461046012851EB0104F2
:108B800018BFD4F5001484BF002001F0004170BD6F
:108B90000808A0F500114FEA3101704753EA010CB3
:108BA00017D41CF5801F58BFBCF5801F00F106804C
:108BB0008B4218BF704708BF8242704707D713F532
:108BC000801F58BF11F5801F19D48B4270479B42FC
:108BD00070471CF5801F08D5BCF5801FF7D599425A
:108BE00018BF704708BF904270474FF4001C1CEB41
:108BF000430F38BF1CEB410F01D2994270470FB4AD
:108C00000CBC03BCFFF7C1BE91EA030F10B581F0A5
:108C100000413FF53FAC83F0004300F009B800008D
:108C200010B591EA030F48BF83F000433FF532AC23
:108C3000841A71EB030C07D212198CF0004C43EB31
:108C40000C03001B61EB0C01DFF8A4E14FEA1154A7
:108C5000A4EB135C1EEA430F18BF9EEA445F00F0CA
:108C6000B08023EA6E03524221EA0451C3EB6E0343
:108C700038BF5B1EDCF1200E25D322FA0CFE10EB70
:108C80000E0043FA0CFE41EB0E01CCF1200E03FA6C
:108C90000EFE10EB0E0051F10001CCF1200E29D494
:108CA00012FA0EF201EB0451BDE8104058BF7047B4
:108CB000401C1CBFB2F1004F704700280CBF491C7C
:108CC00020F00100704712EB020E43EB030218BFC5
:108CD0004FF0010E4EEA4202ACF1200CDCF11E0E08
:108CE00054D943FA0CFE10EB0E0051F1FF31CCF1D8
:108CF0001E0ED5D50EF1010E12FA0EFE404141EBCB
:108D0000010101EB445C5FEA5C5C10D910EBDE70A2
:108D100001EB045138BFBEF1004FBDE8104018BF51
:108D2000704700280CBF491C20F00100704730D26A
:108D30004FEAD42C11F5001124F400641BD0B1FAD1
:108D400081F20B3AA41AA41ED2F12003914030FA0A
:108D500003F31943904001EBCC71002C01EB04515B
:108D6000BDE81040A8BF704701F1C0414FF00000BE
:108D700001F000417047B0FA80F310FA03F100D11E
:108D800010BDE41A173C4805C90AE4E701EB045199
:108D900010BD491001EB0451BDE810404FEA30000E
:108DA00002E04FF0000170474A0008BF0042F8D0CF
:108DB000B2F5001F28BF704701F000414FF00000DE
:108DC00070479EEA445F07D011EA5E0FBDE810408D
:108DD00004BF002100207047BDE8104070B5FFF7C8
:108DE00089FE00BF40DFF63E83F000411046704729
:108DF0000000E0FF43004FEAD30C4FEA3C0C434035
:108E00001FBF40070CF1605113F0FE4F70471CF07C
:108E1000006F03D100200CF0004170470CF00043BC
:108E200043EA507010B540EACC0000F07CFA00BF75
:108E3000000000924FEA0001FFF7AABE4FF0004188
:108E40004FF00000A1F500217047000090EA010FEB
:108E500048BF81F0004100F19E83421A3CBF801A56
:108E600089184FEAD0524FF07F4C1CEA410FA2EB19
:108E7000D15318BF9CEA026F00F03B804FF0004CCA
:108E80004CEA00204CEA012121FA03FC10EB0C0C07
:108E90001ED202F1FF325FEA1C2040EBC25038BF05
:108EA00070471CF07F0F4FEA400C18BFBCF17F4F9A
:108EB00038BF7047C3F12003994008BF20F001007C
:108EC000BCF17F4F38BF7047A0F1C04000F0ECBA52
:108ED0004FEA3C00000A40EBC25028BF1CF0FF0FD5
:108EE0004FEA400CE6D018BFBCF17F4F38BF704747
:108EF000EAE79CEA026F05D010EA5C0F08BF00F0B9
:108F00000040704710B500F00EFA00BF64FBBE3E93
:108F1000401058BFC0F14040491058BFC1F1404116
:108F20008142EFF3008070474FF47F0C1CEAD012AF
:108F30001EBF1CEAD11392EA0C0F93EA0C0F00F04B
:108F4000858090EA010F48BF42F4807240F4000C23
:108F500041F400002CF07F4120F07F4000B58142B9
:108F6000A2EB03020FF2081CACEB504EC0F1000064
:108F70009EF800E04FEA4E0E00FB0EFC38BF4900A1
:108F80004FEA2C1C02F5FA020CFB0EF34FEACE1E40
:108F90004FEA112C4FEAC1210EEB635E42EB2242F5
:108FA0000EFB0CFC4FEA1C5300FB03114FEA112C83
:108FB0004FEA01310EFB0CFC4FEADC4C00FB0C11BC
:108FC000C14228BF09184CEB03335DF804EB10EBEA
:108FD000410143EBC250B2F57C0F38BF704729D531
:108FE00012F0F00F1CBF00F1C04000F000407047CD
:108FF000008182838485868788898B8C8D8E8F9172
:109000009293959697999A9C9D9FA0A2A3A5A7A895
:10901000AAACAEB0B2B3B5B7B9BCBEC0C2C5C7C9C1
:10902000CCCED1D4D7D9DCDFE2E6E9ECF0F3F7FA25
:10903000FE0000004FEA400C0CF1807CBCF17E4F3A
:1090400028BF7047B0F1C04000F02EBA90EA010F7F
:109050000CEAD11348BF42F48072624538BF6345C1
:1090600007D213F47F0F16D080EA010000F0004011
:10907000704710B500F057F9097EFC3E00F005B8C6
:1090800080EA010000F00040704780EA010000F033
:10909000004000F009BA12F47F0F04BF0248704785
:1090A00080EA010000F000BA0000C07F50EA010C25
:1090B00000F113801CF5000F58BFBCF5000F01D460
:1090C0008842704707D710F5000F58BF11F5000F01
:1090D00015D488427047894270471CF5000F04D5AB
:1090E000BCF5000FF7D5814270474FF0807C1CEB38
:1090F000400F38BF1CEB410F01D28142704710B5C1
:1091000000F011F9922449004FF000504FF08051C7
:10911000FFF7FEBE41000B0ED3F19E0208D950F4BA
:1091200000034FEA032323FA02F048BF404270478E
:1091300010B500F0F8F800BF499224800020704775
:109140006FF0004282EA200070470000C10DD1F1AB
:109150009E0206DB4FEA002343F0004323FA02F0AD
:109160007047004207D54FEA4001B1F1FE4F02D2ED
:109170004FF00000704710B500F0D5F849922480F8
:10918000002070476FEA20007047000010F0004197
:1091900048BF4042B0FA80F310FA03F2C3F19D03D6
:1091A0000BD051EAC35101EB1220530638BF704770
:1091B00000F1010008BF20F00100704750EA010CE7
:1091C00000F113801CF5000F58BFBCF5000F01D44F
:1091D0008842704707D710F5000F58BF11F5000FF0
:1091E00015D488427047894270471CF5000F04D59A
:1091F000BCF5000FF7D5814270474FF0807C1CEB27
:10920000400F38BF1CEB410F01D28142704710B5AF
:1092100000F089F8922449004FF000504FF080513F
:10922000FFF776BE4FF47F0C1CEAD0121EBF1CEA7B
:10923000D11392EA0C0F93EA0C0F00F0478090EAEA
:10924000010F48BF42F480724FF0004C4CEA0020FE
:109250004CEA012102EB0302A0FB0113A2F500027C
:10926000002918BF43F001035B0028BF4FEA330316
:1092700042EB22425FEA132C4CEBC2502EBFBCEBF8
:10928000436FB2F57C0F70474FEA036CBCF1004F9F
:1092900008BF20F00100B2F57C0F38BF70470BD536
:1092A00082F0FF0212F5803FC8BF704700F1C04056
:1092B000D8BF00F00040704700F5000C5FEA4C0C8E
:1092C00048BF7047B0F1C04000F0EEB890EA010F1F
:1092D0000CEAD11348BF42F48072624538BF63453F
:1092E00004D280EA010000F00040704710B500F0A1
:1092F0001AF800BF8900013E00F007B800F009B875
:109300005FEA410C5FEA1C6C08D080EA010000F0C3
:10931000CBB85FEA400C5FEA1C6CF6D14FF000401E
:10932000A0F5800070470EF1020E2EF0030E5EF8DD
:10933000044B244204D44FEA4102B2F17F4F11D8CA
:109340004FEA4003B3F17F4F0CD80ED14FEAD07CE7
:10935000B2F17F4F0CEB4C0C0CF1020C08BF4CEB44
:10936000D17C04E04FF0080C01E04FEAD17C0CEB1B
:109370004C0324FA03F404F00704B4F1040C06D2FD
:109380000EEB840CBDE810404CF0010C6047DFE8A8
:109390000CF0070802024FF00040A0F5800010BD5D
:1093A0000846420018BFD2F1807288BF00F000402A
:1093B00010BD00004FF07F4C3CEA410318BF3CEA6F
:1093C000400200F062804FF47F0C10F0004F0CEA76
:1093D000D11318BF43F005031CEAD01218BF13EADB
:1093E0000C0F00F057804FF0004C4CEA00204CEA84
:1093F0000121A3F580339A4210DDB0F1004F23F034
:10940000020306D3401A43F00203BCBF404283F07C
:1094100001034FEA4000A2F58032ECE74FEA224C0C
:10942000BCEB234F08DB884206D31CD0A0EB4100E5
:10943000C0F1000083F0010340001DD217D40DD00D
:10944000B0FA80FC0CF1010C00FA0CF0A2EB0C421B
:10945000D2F1000C12DB4FEAC37070474FEA437041
:1094600000F00040704713F0020FE5D0DEE7B2F5E0
:1094700080324FEA4000EBDD002AE9DD4FEAC212FC
:1094800042EA502040EAC370704710B5FFF74BFF27
:10949000EDFFFF3E1CEAD11F02D000F000407047F4
:1094A000004870470000C07FFF2141EAD050C0054E
:1094B000704751EA000C00F113801CF5000F58BFF3
:1094C000BCF5000F01D48142704707D711F5000F9A
:1094D00058BF10F5000F15D481427047894270477C
:1094E0001CF5000F04D5BCF5000FF7D58842704776
:1094F0004FF0807C1CEB410F38BF1CEB400F01D2BA
:109500008842704780EA010081EA000180EA010098
:10951000FFF77DBE5FEA400C5FEA1C6CBCF17F0385
:1095200014D4D3F1170240F31C804FF0010C0CFA55
:1095300002FCACF101030340B3EB5C0220EA030040
:1095400008BF10EA0C0F88BF60447047B3F1FF3FBB
:1095500028BF5FEA002C00F0004088BF40F07E503A
:109560007047BCF1FF0FB8BF704710B5FFF7DBFEC7
:1095700040DBB6BE80F0004090EA010F7FF56DAC95
:1095800081F0004100F007B890EA010F48BF81F078
:1095900000413FF562AC421A04D882F00042A0EBD1
:1095A000020011444FEAD0524FF07F4C1CEA410FA9
:1095B000A2EBD15318BF9CEA026F4AD04FF0004C87
:1095C0004CEA00204CEA012121FA03FCB0EB0C0C20
:1095D0000FD412F0FE0F36D05FEA4C001DD50012FA
:1095E00040EBC25038BF70471CF03F0F18BF7047A8
:1095F0000BE0A2F101025FEA1C2040EBC25038BF31
:1096000070471CF07F0F18BF7047C3F120039940CB
:1096100014BF401E20F00100704780084FEA12235B
:1096200008BF7047B0FA80FCA2EB0C02CCF1280C0A
:1096300060FA0CF093EA122F04BF00EBC25070479F
:109640004FEAC3707047130A5FEADC1008BF704727
:10965000F6E79CEA026F04D010EA5C0F08BF002016
:10966000704710B5FFF75FFE40DFF63E81F0004027
:109670007047EE7E687E607D5F7C637B6E7A7E796C
:109680009478AF77CF76F4751D754B747D7318732E
:1096900051728D71CE7012705A6FA56EF46D466D59
:1096A0009B6CF36B4E6BAD6A5D6ABF6924698C6815
:1096B000F6676367D2664466B7652D65A664206465
:1096C0009C635B63DB625C62DF616461EB607460BE
:1096D000FE5F8A5F175FA65E375EC95D5D5D285DD0
:1096E000BD5C555CED5B875B235BBF5A5D5AFC59E3
:1096F0009D593E59E15885580000C90092015B020E
:109700002403ED03B6047F0548061107D907A20814
:109710006A09330AFB0AC40B8C0C540D1C0EE30EB1
:10972000AB0F72103A110112C8128F1355141C1589
:10973000E215A8166E173318F918BE19821A471BBE
:109740000B1CCF1C931D571E1A1FDD1F9F2061216C
:109750002322E522A62367242825E825A8266727B3
:109760002628E528A329612A1F2BDC2B992C552DAF
:10977000112ECC2E872F4130FB30B5316E3226337F
:10978000DF3396344D350436BA366F372438D9383E
:109790008C39403AF23AA53B563C073DB83D683E0D
:1097A000173FC53F73402141CE417A422543D04304
:1097B0007A442445CD4575461C47C34769480F493F
:1097C000B449584AFB4A9D4B3F4CE04C814D204EDA
:1097D000BF4E5D4FFB4F97503351CE5168520253ED
:1097E0009B533254C9546055F5558A561D57B0578E
:1097F0004258D3586459F359825A0F5B9C5B285CDA
:10980000B35C3E5DC75D4F5ED75E5D5FE35F6860E2
:10981000EB606E61F0617162F1627063EE636C64C3
:10982000E8646365DD655666CF664667BC67326887
:10983000A66819698B69FD696D6ADC6A4A6BB76B4A
:10984000236C8E6CF86C616DC96D306E966EFB6E1C
:109850005E6FC16F22708370E27040719D71F9710B
:109860005472AE7207735E73B5730A745F74B27428
:1098700004755575A575F37541768D76D876227782
:109880006B77B377FA773F788478C77809794A7924
:109890008979C879057A417A7C7AB67AEE7A267B1C
:1098A0005C7B917BC57BF87B297C597C887CB67C72
:1098B000E37C0E7D397D627D897DB07DD57DFA7D2D
:1098C0001D7E3E7E5F7E7E7E9C7EB97ED57EEF7E57
:1098D000097F217F377F4D7F617F747F867F977FF0
:1098E000A67FB47FC17FCD7FD87FE17FE97FF07F06
:1098F000F57FF97FFD7FFE7F000000000000000083
:109900000102030406070809000000000102030425
:109910003099000800000020F00000002801000835
:10992000209A0008F0000020B00E0000440100085A
:109930000000000000000000000000000000000027
:109940000000000000000000000000000000000017
:109950000000000000000000000000000000000007
:1099600000000000000000000000000000000000F7
:1099700000000000000000000000000000000000E7
:1099800000000000000000000000000000000000D7
:1099900000000000000000000000000000000000C7
:1099A00000000000000000000000000000000000B7
:1099B0000000000000080140080000000100000055
:1099C00000080140100000000100000000080140F4
:1099D0002000000001000000000C01400200000017
:1099E00001000000000C0140000800000100000020
:1099F0000000000000000000000000000000000067
:109A00000000000000000000000000000000000056
:109A10000000000010000000010000000024F4001D
:04000005080000ED02
:00000001FF
